"ano_epidemiologico","semana_epidemiologica","periodo_se","territorio_residencia","classificacao_final","casos","obitos_srag","internacoes_uti","virus_identificado"
2019,1,"2019-SE01","Distrito Federal","SRAG não especificada",4,0,1,0
2019,1,"2019-SE01","Distrito Federal","SRAG por outro vírus respiratório",7,0,2,7
2019,1,"2019-SE01","RIDE – Goiás","SRAG não especificada",1,0,0,0
2019,1,"2019-SE01","RIDE – Goiás","SRAG por outro vírus respiratório",1,0,0,1
2019,2,"2019-SE02","Distrito Federal","SRAG não especificada",4,0,1,0
2019,2,"2019-SE02","Distrito Federal","SRAG por outro agente etiológico",1,0,1,0
2019,2,"2019-SE02","Distrito Federal","SRAG por outro vírus respiratório",7,0,3,7
2019,2,"2019-SE02","RIDE – Goiás","SRAG não especificada",1,0,1,0
2019,2,"2019-SE02","RIDE – Goiás","SRAG por outro vírus respiratório",3,0,0,3
2019,3,"2019-SE03","Distrito Federal","Não classificada",1,0,0,0
2019,3,"2019-SE03","Distrito Federal","SRAG não especificada",9,2,3,0
2019,3,"2019-SE03","Distrito Federal","SRAG por outro vírus respiratório",3,0,1,3
2019,3,"2019-SE03","RIDE – Goiás","SRAG não especificada",2,1,1,0
2019,3,"2019-SE03","RIDE – Goiás","SRAG por outro vírus respiratório",4,1,2,4
2019,4,"2019-SE04","Distrito Federal","Não classificada",1,0,1,0
2019,4,"2019-SE04","Distrito Federal","SRAG não especificada",5,2,3,0
2019,4,"2019-SE04","Distrito Federal","SRAG por outro vírus respiratório",5,0,2,5
2019,4,"2019-SE04","RIDE – Goiás","SRAG não especificada",3,0,1,1
2019,4,"2019-SE04","RIDE – Goiás","SRAG por outro vírus respiratório",2,0,2,2
2019,5,"2019-SE05","Distrito Federal","Não classificada",1,0,0,0
2019,5,"2019-SE05","Distrito Federal","SRAG não especificada",8,1,2,0
2019,5,"2019-SE05","Distrito Federal","SRAG por influenza",1,0,1,1
2019,5,"2019-SE05","Distrito Federal","SRAG por outro vírus respiratório",8,0,3,8
2019,5,"2019-SE05","RIDE – Goiás","SRAG não especificada",1,1,0,0
2019,5,"2019-SE05","RIDE – Goiás","SRAG por outro vírus respiratório",4,1,1,4
2019,6,"2019-SE06","Distrito Federal","SRAG não especificada",4,0,1,0
2019,6,"2019-SE06","Distrito Federal","SRAG por outro vírus respiratório",5,0,2,5
2019,6,"2019-SE06","RIDE – Goiás","SRAG por outro vírus respiratório",1,0,0,1
2019,7,"2019-SE07","Distrito Federal","SRAG não especificada",12,0,4,0
2019,7,"2019-SE07","Distrito Federal","SRAG por outro vírus respiratório",15,1,5,15
2019,7,"2019-SE07","RIDE – Goiás","SRAG não especificada",1,0,1,0
2019,7,"2019-SE07","RIDE – Goiás","SRAG por influenza",1,0,0,1
2019,7,"2019-SE07","RIDE – Goiás","SRAG por outro vírus respiratório",2,0,2,2
2019,8,"2019-SE08","Distrito Federal","Não classificada",4,0,2,0
2019,8,"2019-SE08","Distrito Federal","SRAG não especificada",24,1,4,0
2019,8,"2019-SE08","Distrito Federal","SRAG por influenza",3,1,2,3
2019,8,"2019-SE08","Distrito Federal","SRAG por outro vírus respiratório",21,0,11,21
2019,8,"2019-SE08","RIDE – Goiás","SRAG não especificada",4,0,1,0
2019,8,"2019-SE08","RIDE – Goiás","SRAG por outro vírus respiratório",2,0,0,2
2019,8,"2019-SE08","RIDE – Minas Gerais","SRAG por outro vírus respiratório",1,1,1,1
2019,9,"2019-SE09","Distrito Federal","Não classificada",1,0,0,0
2019,9,"2019-SE09","Distrito Federal","SRAG não especificada",29,2,4,0
2019,9,"2019-SE09","Distrito Federal","SRAG por outro vírus respiratório",23,0,8,23
2019,9,"2019-SE09","RIDE – Goiás","SRAG não especificada",6,0,3,0
2019,9,"2019-SE09","RIDE – Goiás","SRAG por outro vírus respiratório",3,0,1,3
2019,10,"2019-SE10","Distrito Federal","Não classificada",2,0,2,0
2019,10,"2019-SE10","Distrito Federal","SRAG não especificada",26,0,3,0
2019,10,"2019-SE10","Distrito Federal","SRAG por influenza",1,0,0,1
2019,10,"2019-SE10","Distrito Federal","SRAG por outro vírus respiratório",25,1,9,25
2019,10,"2019-SE10","RIDE – Goiás","SRAG não especificada",2,1,2,0
2019,10,"2019-SE10","RIDE – Goiás","SRAG por outro vírus respiratório",8,0,2,8
2019,11,"2019-SE11","Distrito Federal","Não classificada",1,0,1,0
2019,11,"2019-SE11","Distrito Federal","SRAG não especificada",36,0,4,0
2019,11,"2019-SE11","Distrito Federal","SRAG por outro vírus respiratório",26,0,8,26
2019,11,"2019-SE11","RIDE – Goiás","SRAG não especificada",4,0,1,0
2019,11,"2019-SE11","RIDE – Goiás","SRAG por outro vírus respiratório",13,0,5,13
2019,12,"2019-SE12","Distrito Federal","Não classificada",3,1,1,0
2019,12,"2019-SE12","Distrito Federal","SRAG não especificada",24,1,3,0
2019,12,"2019-SE12","Distrito Federal","SRAG por influenza",1,0,0,1
2019,12,"2019-SE12","Distrito Federal","SRAG por outro vírus respiratório",51,0,17,51
2019,12,"2019-SE12","Fora da RIDE","SRAG por outro vírus respiratório",1,0,1,1
2019,12,"2019-SE12","RIDE – Goiás","SRAG não especificada",1,0,0,0
2019,12,"2019-SE12","RIDE – Goiás","SRAG por outro vírus respiratório",9,0,2,9
2019,13,"2019-SE13","Distrito Federal","Não classificada",2,0,0,0
2019,13,"2019-SE13","Distrito Federal","SRAG não especificada",18,2,2,0
2019,13,"2019-SE13","Distrito Federal","SRAG por influenza",3,0,1,3
2019,13,"2019-SE13","Distrito Federal","SRAG por outro vírus respiratório",50,2,8,50
2019,13,"2019-SE13","RIDE – Goiás","SRAG não especificada",4,0,0,0
2019,13,"2019-SE13","RIDE – Goiás","SRAG por outro vírus respiratório",16,0,5,16
2019,14,"2019-SE14","Distrito Federal","Não classificada",3,0,0,0
2019,14,"2019-SE14","Distrito Federal","SRAG não especificada",13,0,4,0
2019,14,"2019-SE14","Distrito Federal","SRAG por influenza",1,0,0,1
2019,14,"2019-SE14","Distrito Federal","SRAG por outro vírus respiratório",54,2,15,54
2019,14,"2019-SE14","Fora da RIDE","SRAG por outro vírus respiratório",1,0,0,1
2019,14,"2019-SE14","RIDE – Goiás","SRAG não especificada",3,1,1,0
2019,14,"2019-SE14","RIDE – Goiás","SRAG por influenza",2,0,0,2
2019,14,"2019-SE14","RIDE – Goiás","SRAG por outro vírus respiratório",12,0,5,12
2019,15,"2019-SE15","Distrito Federal","Não classificada",3,0,1,0
2019,15,"2019-SE15","Distrito Federal","SRAG não especificada",11,0,1,1
2019,15,"2019-SE15","Distrito Federal","SRAG por influenza",4,1,3,4
2019,15,"2019-SE15","Distrito Federal","SRAG por outro agente etiológico",1,1,0,0
2019,15,"2019-SE15","Distrito Federal","SRAG por outro vírus respiratório",49,1,14,49
2019,15,"2019-SE15","Fora da RIDE","SRAG por outro vírus respiratório",3,0,0,3
2019,15,"2019-SE15","RIDE – Goiás","SRAG não especificada",2,1,1,0
2019,15,"2019-SE15","RIDE – Goiás","SRAG por outro vírus respiratório",11,0,0,11
2019,16,"2019-SE16","Distrito Federal","Não classificada",4,0,0,0
2019,16,"2019-SE16","Distrito Federal","SRAG não especificada",23,2,7,0
2019,16,"2019-SE16","Distrito Federal","SRAG por influenza",7,1,3,7
2019,16,"2019-SE16","Distrito Federal","SRAG por outro vírus respiratório",52,1,14,52
2019,16,"2019-SE16","Fora da RIDE","SRAG por outro vírus respiratório",2,0,0,2
2019,16,"2019-SE16","RIDE – Goiás","SRAG não especificada",3,0,0,0
2019,16,"2019-SE16","RIDE – Goiás","SRAG por influenza",1,0,1,1
2019,16,"2019-SE16","RIDE – Goiás","SRAG por outro vírus respiratório",7,0,3,7
2019,17,"2019-SE17","Distrito Federal","Não classificada",5,0,1,0
2019,17,"2019-SE17","Distrito Federal","SRAG não especificada",13,0,3,0
2019,17,"2019-SE17","Distrito Federal","SRAG por influenza",10,1,1,10
2019,17,"2019-SE17","Distrito Federal","SRAG por outro vírus respiratório",35,0,8,35
2019,17,"2019-SE17","Fora da RIDE","SRAG por outro vírus respiratório",1,0,1,1
2019,17,"2019-SE17","RIDE – Goiás","SRAG não especificada",5,0,2,0
2019,17,"2019-SE17","RIDE – Goiás","SRAG por influenza",1,0,1,1
2019,17,"2019-SE17","RIDE – Goiás","SRAG por outro vírus respiratório",6,0,1,6
2019,18,"2019-SE18","Distrito Federal","Não classificada",5,0,2,0
2019,18,"2019-SE18","Distrito Federal","SRAG não especificada",21,0,4,0
2019,18,"2019-SE18","Distrito Federal","SRAG por influenza",13,2,6,13
2019,18,"2019-SE18","Distrito Federal","SRAG por outro vírus respiratório",30,0,7,30
2019,18,"2019-SE18","Fora da RIDE","SRAG por outro vírus respiratório",1,0,0,1
2019,18,"2019-SE18","RIDE – Goiás","SRAG não especificada",3,0,1,0
2019,18,"2019-SE18","RIDE – Goiás","SRAG por outro vírus respiratório",7,0,1,7
2019,19,"2019-SE19","Distrito Federal","Não classificada",3,0,0,0
2019,19,"2019-SE19","Distrito Federal","SRAG não especificada",26,3,3,0
2019,19,"2019-SE19","Distrito Federal","SRAG por influenza",10,0,3,10
2019,19,"2019-SE19","Distrito Federal","SRAG por outro vírus respiratório",25,0,5,25
2019,19,"2019-SE19","Fora da RIDE","SRAG por outro vírus respiratório",1,0,0,1
2019,19,"2019-SE19","RIDE – Goiás","SRAG não especificada",5,0,1,0
2019,19,"2019-SE19","RIDE – Goiás","SRAG por influenza",1,0,1,1
2019,19,"2019-SE19","RIDE – Goiás","SRAG por outro vírus respiratório",6,1,2,6
2019,19,"2019-SE19","RIDE – Minas Gerais","SRAG por influenza",1,0,0,1
2019,20,"2019-SE20","Distrito Federal","Não classificada",6,0,0,0
2019,20,"2019-SE20","Distrito Federal","SRAG não especificada",15,0,5,0
2019,20,"2019-SE20","Distrito Federal","SRAG por influenza",9,0,1,9
2019,20,"2019-SE20","Distrito Federal","SRAG por outro vírus respiratório",15,0,5,15
2019,20,"2019-SE20","RIDE – Goiás","SRAG não especificada",5,0,2,0
2019,20,"2019-SE20","RIDE – Goiás","SRAG por influenza",2,0,0,2
2019,20,"2019-SE20","RIDE – Goiás","SRAG por outro vírus respiratório",4,0,3,4
2019,20,"2019-SE20","RIDE – Minas Gerais","SRAG não especificada",1,0,0,0
2019,21,"2019-SE21","Distrito Federal","Não classificada",3,0,0,0
2019,21,"2019-SE21","Distrito Federal","SRAG não especificada",25,3,7,0
2019,21,"2019-SE21","Distrito Federal","SRAG por influenza",8,1,2,8
2019,21,"2019-SE21","Distrito Federal","SRAG por outro vírus respiratório",23,0,9,23
2019,21,"2019-SE21","Fora da RIDE","SRAG não especificada",1,0,0,0
2019,21,"2019-SE21","Fora da RIDE","SRAG por influenza",1,0,0,1
2019,21,"2019-SE21","RIDE – Goiás","SRAG não especificada",4,0,1,0
2019,21,"2019-SE21","RIDE – Goiás","SRAG por influenza",5,0,2,5
2019,21,"2019-SE21","RIDE – Goiás","SRAG por outro vírus respiratório",4,0,2,4
2019,21,"2019-SE21","RIDE – Minas Gerais","SRAG não especificada",1,0,0,0
2019,22,"2019-SE22","Distrito Federal","Não classificada",1,0,0,0
2019,22,"2019-SE22","Distrito Federal","SRAG não especificada",26,0,5,0
2019,22,"2019-SE22","Distrito Federal","SRAG por influenza",13,1,5,13
2019,22,"2019-SE22","Distrito Federal","SRAG por outro vírus respiratório",15,0,6,15
2019,22,"2019-SE22","RIDE – Goiás","SRAG não especificada",4,1,0,0
2019,22,"2019-SE22","RIDE – Goiás","SRAG por influenza",2,1,1,2
2019,22,"2019-SE22","RIDE – Goiás","SRAG por outro vírus respiratório",3,0,2,3
2019,23,"2019-SE23","Distrito Federal","Não classificada",1,0,0,0
2019,23,"2019-SE23","Distrito Federal","SRAG não especificada",27,0,6,0
2019,23,"2019-SE23","Distrito Federal","SRAG por influenza",4,0,0,4
2019,23,"2019-SE23","Distrito Federal","SRAG por outro agente etiológico",1,0,0,0
2019,23,"2019-SE23","Distrito Federal","SRAG por outro vírus respiratório",8,0,7,8
2019,23,"2019-SE23","Fora da RIDE","SRAG por outro vírus respiratório",1,0,0,1
2019,23,"2019-SE23","RIDE – Goiás","SRAG não especificada",7,2,3,0
2019,23,"2019-SE23","RIDE – Goiás","SRAG por influenza",1,0,0,1
2019,23,"2019-SE23","RIDE – Goiás","SRAG por outro vírus respiratório",2,0,2,2
2019,24,"2019-SE24","Distrito Federal","Não classificada",1,0,0,0
2019,24,"2019-SE24","Distrito Federal","SRAG não especificada",25,2,7,0
2019,24,"2019-SE24","Distrito Federal","SRAG por influenza",7,1,4,7
2019,24,"2019-SE24","Distrito Federal","SRAG por outro vírus respiratório",9,0,0,9
2019,24,"2019-SE24","Fora da RIDE","SRAG não especificada",1,0,0,0
2019,24,"2019-SE24","Fora da RIDE","SRAG por outro vírus respiratório",2,0,2,2
2019,24,"2019-SE24","RIDE – Goiás","SRAG não especificada",6,2,3,0
2019,24,"2019-SE24","RIDE – Goiás","SRAG por influenza",1,0,0,1
2019,24,"2019-SE24","RIDE – Goiás","SRAG por outro vírus respiratório",2,1,1,2
2019,25,"2019-SE25","Distrito Federal","Não classificada",1,0,0,0
2019,25,"2019-SE25","Distrito Federal","SRAG não especificada",26,2,9,0
2019,25,"2019-SE25","Distrito Federal","SRAG por influenza",7,0,3,7
2019,25,"2019-SE25","Distrito Federal","SRAG por outro vírus respiratório",9,0,4,9
2019,25,"2019-SE25","Fora da RIDE","SRAG por outro vírus respiratório",1,0,1,1
2019,25,"2019-SE25","RIDE – Goiás","SRAG não especificada",13,1,4,0
2019,25,"2019-SE25","RIDE – Goiás","SRAG por influenza",2,0,0,2
2019,25,"2019-SE25","RIDE – Goiás","SRAG por outro vírus respiratório",3,0,1,3
2019,26,"2019-SE26","Distrito Federal","Não classificada",1,0,0,0
2019,26,"2019-SE26","Distrito Federal","SRAG não especificada",14,2,2,0
2019,26,"2019-SE26","Distrito Federal","SRAG por influenza",4,1,1,4
2019,26,"2019-SE26","Distrito Federal","SRAG por outro vírus respiratório",5,0,1,5
2019,26,"2019-SE26","RIDE – Goiás","SRAG não especificada",3,0,1,0
2019,26,"2019-SE26","RIDE – Goiás","SRAG por influenza",3,1,1,3
2019,26,"2019-SE26","RIDE – Goiás","SRAG por outro vírus respiratório",1,0,0,1
2019,27,"2019-SE27","Distrito Federal","Não classificada",2,0,0,0
2019,27,"2019-SE27","Distrito Federal","SRAG não especificada",25,1,8,0
2019,27,"2019-SE27","Distrito Federal","SRAG por influenza",7,1,1,7
2019,27,"2019-SE27","Distrito Federal","SRAG por outro agente etiológico",1,0,0,0
2019,27,"2019-SE27","Distrito Federal","SRAG por outro vírus respiratório",7,2,3,7
2019,27,"2019-SE27","RIDE – Goiás","SRAG não especificada",6,0,4,0
2019,27,"2019-SE27","RIDE – Goiás","SRAG por influenza",1,0,1,1
2019,27,"2019-SE27","RIDE – Goiás","SRAG por outro vírus respiratório",1,0,0,1
2019,28,"2019-SE28","Distrito Federal","Não classificada",2,0,0,0
2019,28,"2019-SE28","Distrito Federal","SRAG não especificada",24,1,7,0
2019,28,"2019-SE28","Distrito Federal","SRAG por influenza",4,0,0,4
2019,28,"2019-SE28","Distrito Federal","SRAG por outro vírus respiratório",2,0,0,2
2019,28,"2019-SE28","RIDE – Goiás","SRAG não especificada",5,1,2,0
2019,28,"2019-SE28","RIDE – Goiás","SRAG por influenza",1,1,1,1
2019,28,"2019-SE28","RIDE – Goiás","SRAG por outro vírus respiratório",5,0,2,5
2019,28,"2019-SE28","RIDE – Minas Gerais","SRAG por outro agente etiológico",1,0,0,0
2019,29,"2019-SE29","Distrito Federal","SRAG não especificada",14,2,4,0
2019,29,"2019-SE29","Distrito Federal","SRAG por influenza",9,1,1,9
2019,29,"2019-SE29","Distrito Federal","SRAG por outro vírus respiratório",5,0,1,5
2019,29,"2019-SE29","Fora da RIDE","SRAG não especificada",1,0,1,0
2019,29,"2019-SE29","Fora da RIDE","SRAG por outro vírus respiratório",1,0,0,1
2019,29,"2019-SE29","RIDE – Goiás","SRAG não especificada",6,0,4,0
2019,29,"2019-SE29","RIDE – Goiás","SRAG por influenza",1,0,0,1
2019,29,"2019-SE29","RIDE – Goiás","SRAG por outro vírus respiratório",1,0,0,1
2019,30,"2019-SE30","Distrito Federal","Não classificada",4,1,2,0
2019,30,"2019-SE30","Distrito Federal","SRAG não especificada",17,1,7,0
2019,30,"2019-SE30","Distrito Federal","SRAG por influenza",3,0,0,3
2019,30,"2019-SE30","Distrito Federal","SRAG por outro vírus respiratório",2,0,1,2
2019,30,"2019-SE30","RIDE – Goiás","SRAG não especificada",5,1,1,0
2019,30,"2019-SE30","RIDE – Goiás","SRAG por influenza",1,0,0,1
2019,30,"2019-SE30","RIDE – Goiás","SRAG por outro vírus respiratório",2,1,1,2
2019,30,"2019-SE30","RIDE – Minas Gerais","SRAG por influenza",2,1,0,1
2019,31,"2019-SE31","Distrito Federal","SRAG não especificada",10,2,5,0
2019,31,"2019-SE31","Distrito Federal","SRAG por influenza",5,1,0,5
2019,31,"2019-SE31","Distrito Federal","SRAG por outro vírus respiratório",9,1,5,9
2019,31,"2019-SE31","Fora da RIDE","Não classificada",1,0,0,0
2019,31,"2019-SE31","RIDE – Goiás","SRAG não especificada",2,0,0,0
2019,31,"2019-SE31","RIDE – Goiás","SRAG por outro vírus respiratório",2,1,1,2
2019,32,"2019-SE32","Distrito Federal","SRAG não especificada",15,1,2,0
2019,32,"2019-SE32","Distrito Federal","SRAG por influenza",4,0,2,4
2019,32,"2019-SE32","Distrito Federal","SRAG por outro agente etiológico",1,0,0,0
2019,32,"2019-SE32","Distrito Federal","SRAG por outro vírus respiratório",7,0,2,7
2019,32,"2019-SE32","RIDE – Goiás","SRAG não especificada",4,0,0,0
2019,32,"2019-SE32","RIDE – Goiás","SRAG por outro vírus respiratório",3,0,0,3
2019,33,"2019-SE33","Distrito Federal","SRAG não especificada",7,0,2,0
2019,33,"2019-SE33","Distrito Federal","SRAG por influenza",3,2,2,3
2019,33,"2019-SE33","Distrito Federal","SRAG por outro vírus respiratório",8,0,3,8
2019,33,"2019-SE33","Fora da RIDE","SRAG não especificada",1,0,0,0
2019,33,"2019-SE33","RIDE – Goiás","SRAG não especificada",4,0,3,0
2019,33,"2019-SE33","RIDE – Goiás","SRAG por influenza",1,0,0,1
2019,33,"2019-SE33","RIDE – Goiás","SRAG por outro vírus respiratório",3,0,1,3
2019,33,"2019-SE33","RIDE – Minas Gerais","Não classificada",1,0,1,0
2019,33,"2019-SE33","RIDE – Minas Gerais","SRAG por influenza",1,0,1,1
2019,34,"2019-SE34","Distrito Federal","SRAG não especificada",20,1,2,0
2019,34,"2019-SE34","Distrito Federal","SRAG por influenza",5,0,0,5
2019,34,"2019-SE34","Distrito Federal","SRAG por outro vírus respiratório",4,0,1,4
2019,34,"2019-SE34","Fora da RIDE","SRAG por outro vírus respiratório",1,0,0,1
2019,34,"2019-SE34","RIDE – Goiás","SRAG não especificada",5,0,2,0
2019,34,"2019-SE34","RIDE – Goiás","SRAG por influenza",1,0,0,1
2019,34,"2019-SE34","RIDE – Goiás","SRAG por outro vírus respiratório",4,1,3,4
2019,35,"2019-SE35","Distrito Federal","SRAG não especificada",9,0,2,0
2019,35,"2019-SE35","Distrito Federal","SRAG por influenza",3,1,1,3
2019,35,"2019-SE35","Distrito Federal","SRAG por outro vírus respiratório",3,1,1,3
2019,35,"2019-SE35","RIDE – Goiás","SRAG não especificada",1,0,1,0
2019,35,"2019-SE35","RIDE – Goiás","SRAG por influenza",1,0,0,1
2019,36,"2019-SE36","Distrito Federal","SRAG não especificada",4,0,1,0
2019,36,"2019-SE36","Distrito Federal","SRAG por influenza",2,1,0,2
2019,36,"2019-SE36","Distrito Federal","SRAG por outro vírus respiratório",3,0,0,3
2019,36,"2019-SE36","RIDE – Goiás","SRAG não especificada",1,0,0,0
2019,36,"2019-SE36","RIDE – Goiás","SRAG por influenza",2,1,0,2
2019,36,"2019-SE36","RIDE – Goiás","SRAG por outro vírus respiratório",2,0,2,2
2019,37,"2019-SE37","Distrito Federal","Não classificada",1,0,1,0
2019,37,"2019-SE37","Distrito Federal","SRAG não especificada",14,2,6,0
2019,37,"2019-SE37","Distrito Federal","SRAG por influenza",6,0,3,6
2019,37,"2019-SE37","Distrito Federal","SRAG por outro agente etiológico",1,0,1,0
2019,37,"2019-SE37","Distrito Federal","SRAG por outro vírus respiratório",7,1,4,7
2019,37,"2019-SE37","RIDE – Goiás","SRAG não especificada",1,0,1,0
2019,37,"2019-SE37","RIDE – Goiás","SRAG por influenza",1,1,0,1
2019,37,"2019-SE37","RIDE – Goiás","SRAG por outro vírus respiratório",2,0,0,2
2019,38,"2019-SE38","Distrito Federal","Não classificada",4,0,2,0
2019,38,"2019-SE38","Distrito Federal","SRAG não especificada",10,0,2,0
2019,38,"2019-SE38","Distrito Federal","SRAG por influenza",4,0,1,4
2019,38,"2019-SE38","Distrito Federal","SRAG por outro vírus respiratório",7,0,3,7
2019,38,"2019-SE38","RIDE – Goiás","SRAG não especificada",1,1,1,0
2019,39,"2019-SE39","Distrito Federal","SRAG não especificada",10,2,3,0
2019,39,"2019-SE39","Distrito Federal","SRAG por influenza",7,1,3,7
2019,39,"2019-SE39","Distrito Federal","SRAG por outro agente etiológico",1,0,0,0
2019,39,"2019-SE39","Distrito Federal","SRAG por outro vírus respiratório",2,0,0,2
2019,39,"2019-SE39","Fora da RIDE","SRAG por influenza",1,0,0,1
2019,39,"2019-SE39","RIDE – Goiás","SRAG não especificada",1,0,0,0
2019,39,"2019-SE39","RIDE – Goiás","SRAG por influenza",1,1,1,1
2019,39,"2019-SE39","RIDE – Goiás","SRAG por outro vírus respiratório",1,1,1,1
2019,39,"2019-SE39","RIDE – Minas Gerais","SRAG não especificada",1,1,0,0
2019,39,"2019-SE39","RIDE – Minas Gerais","SRAG por influenza",1,0,0,1
2019,40,"2019-SE40","Distrito Federal","SRAG não especificada",5,0,2,0
2019,40,"2019-SE40","Distrito Federal","SRAG por influenza",8,1,3,7
2019,40,"2019-SE40","Distrito Federal","SRAG por outro vírus respiratório",5,0,2,5
2019,40,"2019-SE40","RIDE – Goiás","SRAG não especificada",6,1,1,0
2019,40,"2019-SE40","RIDE – Goiás","SRAG por influenza",1,0,1,1
2019,40,"2019-SE40","RIDE – Goiás","SRAG por outro vírus respiratório",2,0,0,2
2019,40,"2019-SE40","RIDE – Minas Gerais","SRAG por outro vírus respiratório",1,0,1,1
2019,41,"2019-SE41","Distrito Federal","Não classificada",1,0,0,0
2019,41,"2019-SE41","Distrito Federal","SRAG não especificada",9,1,2,0
2019,41,"2019-SE41","Distrito Federal","SRAG por influenza",2,0,0,2
2019,41,"2019-SE41","Distrito Federal","SRAG por outro agente etiológico",1,0,1,0
2019,41,"2019-SE41","Distrito Federal","SRAG por outro vírus respiratório",4,0,0,4
2019,41,"2019-SE41","RIDE – Goiás","SRAG não especificada",4,0,1,0
2019,41,"2019-SE41","RIDE – Goiás","SRAG por influenza",1,0,0,1
2019,41,"2019-SE41","RIDE – Goiás","SRAG por outro vírus respiratório",4,0,2,4
2019,42,"2019-SE42","Distrito Federal","Não classificada",1,0,0,0
2019,42,"2019-SE42","Distrito Federal","SRAG não especificada",4,0,1,0
2019,42,"2019-SE42","Distrito Federal","SRAG por influenza",10,2,4,10
2019,42,"2019-SE42","Distrito Federal","SRAG por outro vírus respiratório",6,0,3,6
2019,42,"2019-SE42","RIDE – Goiás","SRAG não especificada",1,0,1,0
2019,42,"2019-SE42","RIDE – Goiás","SRAG por influenza",2,0,2,2
2019,42,"2019-SE42","RIDE – Goiás","SRAG por outro vírus respiratório",4,0,1,4
2019,42,"2019-SE42","RIDE – Minas Gerais","SRAG não especificada",1,0,0,0
2019,43,"2019-SE43","Distrito Federal","SRAG não especificada",5,1,0,0
2019,43,"2019-SE43","Distrito Federal","SRAG por influenza",7,0,3,7
2019,43,"2019-SE43","Distrito Federal","SRAG por outro agente etiológico",1,0,0,0
2019,43,"2019-SE43","Distrito Federal","SRAG por outro vírus respiratório",8,0,1,8
2019,43,"2019-SE43","RIDE – Goiás","SRAG não especificada",2,0,0,0
2019,43,"2019-SE43","RIDE – Goiás","SRAG por influenza",3,2,1,3
2019,43,"2019-SE43","RIDE – Goiás","SRAG por outro vírus respiratório",1,0,1,1
2019,43,"2019-SE43","RIDE – Minas Gerais","SRAG não especificada",1,0,0,0
2019,43,"2019-SE43","RIDE – Minas Gerais","SRAG por influenza",1,0,0,1
2019,44,"2019-SE44","Distrito Federal","Não classificada",1,0,0,0
2019,44,"2019-SE44","Distrito Federal","SRAG não especificada",6,1,1,0
2019,44,"2019-SE44","Distrito Federal","SRAG por influenza",1,0,0,1
2019,44,"2019-SE44","Distrito Federal","SRAG por outro vírus respiratório",14,1,8,13
2019,44,"2019-SE44","RIDE – Goiás","SRAG não especificada",2,2,2,0
2019,44,"2019-SE44","RIDE – Goiás","SRAG por influenza",1,0,0,1
2019,44,"2019-SE44","RIDE – Goiás","SRAG por outro vírus respiratório",3,0,2,3
2019,44,"2019-SE44","RIDE – Minas Gerais","Não classificada",1,0,0,0
2019,44,"2019-SE44","RIDE – Minas Gerais","SRAG não especificada",1,0,0,0
2019,45,"2019-SE45","Distrito Federal","Não classificada",2,0,1,0
2019,45,"2019-SE45","Distrito Federal","SRAG não especificada",10,0,1,0
2019,45,"2019-SE45","Distrito Federal","SRAG por influenza",2,1,1,2
2019,45,"2019-SE45","Distrito Federal","SRAG por outro vírus respiratório",3,0,1,3
2019,45,"2019-SE45","RIDE – Goiás","SRAG por outro vírus respiratório",2,0,2,2
2019,46,"2019-SE46","Distrito Federal","SRAG não especificada",3,1,1,0
2019,46,"2019-SE46","Distrito Federal","SRAG por influenza",3,0,1,3
2019,46,"2019-SE46","Distrito Federal","SRAG por outro vírus respiratório",5,0,3,5
2019,46,"2019-SE46","RIDE – Goiás","SRAG não especificada",1,0,0,0
2019,46,"2019-SE46","RIDE – Goiás","SRAG por influenza",1,0,1,1
2019,46,"2019-SE46","RIDE – Goiás","SRAG por outro vírus respiratório",4,0,1,4
2019,47,"2019-SE47","Distrito Federal","Não classificada",1,0,0,0
2019,47,"2019-SE47","Distrito Federal","SRAG não especificada",9,0,2,0
2019,47,"2019-SE47","Distrito Federal","SRAG por influenza",3,0,1,3
2019,47,"2019-SE47","Distrito Federal","SRAG por outro vírus respiratório",4,0,4,2
2019,47,"2019-SE47","RIDE – Goiás","SRAG não especificada",3,0,0,0
2019,47,"2019-SE47","RIDE – Goiás","SRAG por outro vírus respiratório",6,0,4,6
2019,48,"2019-SE48","Distrito Federal","Não classificada",1,0,1,0
2019,48,"2019-SE48","Distrito Federal","SRAG não especificada",13,0,4,0
2019,48,"2019-SE48","Distrito Federal","SRAG por outro vírus respiratório",8,0,4,8
2019,48,"2019-SE48","Fora da RIDE","SRAG por outro vírus respiratório",1,0,0,1
2019,48,"2019-SE48","RIDE – Goiás","SRAG não especificada",4,0,2,0
2019,48,"2019-SE48","RIDE – Goiás","SRAG por outro vírus respiratório",3,0,2,3
2019,49,"2019-SE49","Distrito Federal","SRAG não especificada",14,0,4,0
2019,49,"2019-SE49","Distrito Federal","SRAG por outro vírus respiratório",8,1,3,8
2019,49,"2019-SE49","RIDE – Goiás","Não classificada",1,0,1,0
2019,49,"2019-SE49","RIDE – Goiás","SRAG por outro vírus respiratório",4,0,1,4
2019,50,"2019-SE50","Distrito Federal","SRAG não especificada",6,0,3,0
2019,50,"2019-SE50","Distrito Federal","SRAG por influenza",2,0,0,2
2019,50,"2019-SE50","Distrito Federal","SRAG por outro vírus respiratório",7,0,3,7
2019,50,"2019-SE50","RIDE – Goiás","SRAG não especificada",1,0,1,0
2019,50,"2019-SE50","RIDE – Goiás","SRAG por outro vírus respiratório",2,0,0,2
2019,51,"2019-SE51","Distrito Federal","Não classificada",2,0,2,0
2019,51,"2019-SE51","Distrito Federal","SRAG não especificada",18,0,0,0
2019,51,"2019-SE51","Distrito Federal","SRAG por outro vírus respiratório",9,0,5,9
2019,51,"2019-SE51","Fora da RIDE","SRAG não especificada",1,0,1,0
2019,51,"2019-SE51","RIDE – Goiás","SRAG não especificada",3,0,1,0
2019,51,"2019-SE51","RIDE – Goiás","SRAG por influenza",2,1,1,2
2019,51,"2019-SE51","RIDE – Goiás","SRAG por outro vírus respiratório",4,0,2,4
2019,52,"2019-SE52","Distrito Federal","Não classificada",1,0,0,0
2019,52,"2019-SE52","Distrito Federal","SRAG não especificada",12,0,3,0
2019,52,"2019-SE52","Distrito Federal","SRAG por influenza",2,0,0,2
2019,52,"2019-SE52","Distrito Federal","SRAG por outro vírus respiratório",8,0,1,8
2019,52,"2019-SE52","RIDE – Goiás","Não classificada",1,1,0,0
2019,52,"2019-SE52","RIDE – Goiás","SRAG não especificada",1,0,1,0
2019,52,"2019-SE52","RIDE – Goiás","SRAG por influenza",2,0,1,2
2019,52,"2019-SE52","RIDE – Goiás","SRAG por outro vírus respiratório",4,0,2,4
2020,1,"2020-SE01","Distrito Federal","SRAG não especificada",12,1,3,0
2020,1,"2020-SE01","Distrito Federal","SRAG por outro vírus respiratório",6,0,2,6
2020,1,"2020-SE01","RIDE – Goiás","SRAG não especificada",4,1,1,0
2020,1,"2020-SE01","RIDE – Goiás","SRAG por influenza",1,0,1,1
2020,1,"2020-SE01","RIDE – Goiás","SRAG por outro vírus respiratório",7,0,1,7
2020,1,"2020-SE01","RIDE – Minas Gerais","SRAG não especificada",2,0,1,0
2020,2,"2020-SE02","Distrito Federal","SRAG não especificada",6,0,1,0
2020,2,"2020-SE02","Distrito Federal","SRAG por influenza",1,0,0,1
2020,2,"2020-SE02","Distrito Federal","SRAG por outro vírus respiratório",11,2,4,11
2020,2,"2020-SE02","RIDE – Goiás","SRAG não especificada",3,1,2,0
2020,2,"2020-SE02","RIDE – Goiás","SRAG por influenza",1,0,0,1
2020,2,"2020-SE02","RIDE – Goiás","SRAG por outro vírus respiratório",3,0,0,3
2020,3,"2020-SE03","Distrito Federal","SRAG não especificada",11,1,4,0
2020,3,"2020-SE03","Distrito Federal","SRAG por influenza",1,0,0,1
2020,3,"2020-SE03","Distrito Federal","SRAG por outro agente etiológico",1,0,0,0
2020,3,"2020-SE03","Distrito Federal","SRAG por outro vírus respiratório",5,1,2,5
2020,3,"2020-SE03","RIDE – Goiás","SRAG não especificada",3,1,1,0
2020,3,"2020-SE03","RIDE – Goiás","SRAG por outro vírus respiratório",2,0,1,2
2020,3,"2020-SE03","RIDE – Minas Gerais","SRAG por outro vírus respiratório",1,0,0,1
2020,4,"2020-SE04","Distrito Federal","SRAG não especificada",9,1,4,0
2020,4,"2020-SE04","Distrito Federal","SRAG por influenza",2,0,2,2
2020,4,"2020-SE04","Distrito Federal","SRAG por outro vírus respiratório",7,0,2,7
2020,4,"2020-SE04","RIDE – Goiás","SRAG não especificada",2,0,0,0
2020,4,"2020-SE04","RIDE – Goiás","SRAG por outro vírus respiratório",1,0,0,1
2020,5,"2020-SE05","Distrito Federal","SRAG não especificada",13,1,7,0
2020,5,"2020-SE05","Distrito Federal","SRAG por influenza",1,0,0,1
2020,5,"2020-SE05","Distrito Federal","SRAG por outro vírus respiratório",6,0,4,6
2020,5,"2020-SE05","RIDE – Goiás","SRAG não especificada",4,1,0,0
2020,6,"2020-SE06","Distrito Federal","SRAG não especificada",8,1,2,0
2020,6,"2020-SE06","Distrito Federal","SRAG por influenza",1,0,1,1
2020,6,"2020-SE06","Distrito Federal","SRAG por outro agente etiológico",1,1,0,0
2020,6,"2020-SE06","Distrito Federal","SRAG por outro vírus respiratório",3,0,0,3
2020,6,"2020-SE06","RIDE – Goiás","SRAG não especificada",4,1,2,0
2020,6,"2020-SE06","RIDE – Goiás","SRAG por outro agente etiológico",1,1,0,0
2020,6,"2020-SE06","RIDE – Goiás","SRAG por outro vírus respiratório",2,0,1,2
2020,7,"2020-SE07","Distrito Federal","SRAG não especificada",11,0,2,0
2020,7,"2020-SE07","Distrito Federal","SRAG por influenza",2,0,1,2
2020,7,"2020-SE07","Distrito Federal","SRAG por outro vírus respiratório",11,0,2,11
2020,7,"2020-SE07","RIDE – Goiás","SRAG não especificada",3,1,2,0
2020,7,"2020-SE07","RIDE – Goiás","SRAG por influenza",1,0,0,1
2020,7,"2020-SE07","RIDE – Goiás","SRAG por outro vírus respiratório",1,0,1,1
2020,8,"2020-SE08","Distrito Federal","SRAG não especificada",13,1,5,0
2020,8,"2020-SE08","Distrito Federal","SRAG por influenza",2,0,0,2
2020,8,"2020-SE08","Distrito Federal","SRAG por outro vírus respiratório",19,1,10,19
2020,8,"2020-SE08","RIDE – Goiás","SRAG não especificada",1,0,1,0
2020,8,"2020-SE08","RIDE – Goiás","SRAG por outro vírus respiratório",3,0,0,3
2020,9,"2020-SE09","Distrito Federal","SRAG não especificada",26,1,8,1
2020,9,"2020-SE09","Distrito Federal","SRAG por influenza",5,0,1,5
2020,9,"2020-SE09","Distrito Federal","SRAG por outro vírus respiratório",15,1,8,15
2020,9,"2020-SE09","RIDE – Goiás","SRAG não especificada",1,0,1,0
2020,9,"2020-SE09","RIDE – Goiás","SRAG por outro vírus respiratório",5,0,1,5
2020,10,"2020-SE10","Distrito Federal","SRAG não especificada",31,3,7,0
2020,10,"2020-SE10","Distrito Federal","SRAG por COVID-19",7,2,5,5
2020,10,"2020-SE10","Distrito Federal","SRAG por influenza",5,1,2,5
2020,10,"2020-SE10","Distrito Federal","SRAG por outro vírus respiratório",22,0,11,22
2020,10,"2020-SE10","RIDE – Goiás","SRAG não especificada",6,0,2,0
2020,10,"2020-SE10","RIDE – Goiás","SRAG por COVID-19",1,0,0,1
2020,10,"2020-SE10","RIDE – Goiás","SRAG por influenza",1,1,1,1
2020,10,"2020-SE10","RIDE – Goiás","SRAG por outro agente etiológico",1,0,0,0
2020,10,"2020-SE10","RIDE – Goiás","SRAG por outro vírus respiratório",2,0,1,2
2020,10,"2020-SE10","RIDE – Minas Gerais","SRAG não especificada",2,0,1,0
2020,10,"2020-SE10","RIDE – Minas Gerais","SRAG por outro vírus respiratório",1,0,1,1
2020,11,"2020-SE11","Distrito Federal","SRAG não especificada",45,3,14,0
2020,11,"2020-SE11","Distrito Federal","SRAG por COVID-19",5,1,5,5
2020,11,"2020-SE11","Distrito Federal","SRAG por influenza",9,1,2,9
2020,11,"2020-SE11","Distrito Federal","SRAG por outro agente etiológico",1,1,0,0
2020,11,"2020-SE11","Distrito Federal","SRAG por outro vírus respiratório",39,4,12,39
2020,11,"2020-SE11","Fora da RIDE","SRAG não especificada",1,0,0,0
2020,11,"2020-SE11","Fora da RIDE","SRAG por influenza",1,0,0,1
2020,11,"2020-SE11","Fora da RIDE","SRAG por outro vírus respiratório",1,1,0,1
2020,11,"2020-SE11","RIDE – Goiás","SRAG não especificada",6,1,0,0
2020,11,"2020-SE11","RIDE – Goiás","SRAG por outro vírus respiratório",3,0,1,3
2020,11,"2020-SE11","RIDE – Minas Gerais","SRAG não especificada",2,1,0,0
2020,12,"2020-SE12","Distrito Federal","SRAG não especificada",119,16,32,0
2020,12,"2020-SE12","Distrito Federal","SRAG por COVID-19",28,8,17,27
2020,12,"2020-SE12","Distrito Federal","SRAG por influenza",2,1,1,2
2020,12,"2020-SE12","Distrito Federal","SRAG por outro agente etiológico",1,1,0,0
2020,12,"2020-SE12","Distrito Federal","SRAG por outro vírus respiratório",20,0,6,20
2020,12,"2020-SE12","Fora da RIDE","SRAG não especificada",1,1,0,0
2020,12,"2020-SE12","RIDE – Goiás","SRAG não especificada",23,1,2,0
2020,12,"2020-SE12","RIDE – Goiás","SRAG por COVID-19",2,1,0,2
2020,12,"2020-SE12","RIDE – Goiás","SRAG por influenza",2,0,1,2
2020,12,"2020-SE12","RIDE – Goiás","SRAG por outro vírus respiratório",4,0,0,4
2020,12,"2020-SE12","RIDE – Minas Gerais","SRAG não especificada",1,0,0,0
2020,13,"2020-SE13","Distrito Federal","SRAG não especificada",89,19,23,0
2020,13,"2020-SE13","Distrito Federal","SRAG por COVID-19",41,11,21,39
2020,13,"2020-SE13","Distrito Federal","SRAG por influenza",2,1,0,2
2020,13,"2020-SE13","Distrito Federal","SRAG por outro agente etiológico",3,2,2,0
2020,13,"2020-SE13","Distrito Federal","SRAG por outro vírus respiratório",18,0,8,18
2020,13,"2020-SE13","Fora da RIDE","SRAG não especificada",1,0,0,0
2020,13,"2020-SE13","Fora da RIDE","SRAG por COVID-19",2,0,1,2
2020,13,"2020-SE13","RIDE – Goiás","SRAG não especificada",20,6,5,0
2020,13,"2020-SE13","RIDE – Goiás","SRAG por COVID-19",3,1,1,3
2020,13,"2020-SE13","RIDE – Goiás","SRAG por influenza",1,0,0,1
2020,13,"2020-SE13","RIDE – Goiás","SRAG por outro vírus respiratório",2,0,1,2
2020,13,"2020-SE13","RIDE – Minas Gerais","Não classificada",1,0,0,0
2020,14,"2020-SE14","Distrito Federal","SRAG não especificada",91,22,22,0
2020,14,"2020-SE14","Distrito Federal","SRAG por COVID-19",34,5,13,30
2020,14,"2020-SE14","Distrito Federal","SRAG por influenza",5,1,0,5
2020,14,"2020-SE14","Distrito Federal","SRAG por outro agente etiológico",1,0,1,0
2020,14,"2020-SE14","Distrito Federal","SRAG por outro vírus respiratório",15,1,1,15
2020,14,"2020-SE14","Fora da RIDE","SRAG por outro vírus respiratório",1,0,1,1
2020,14,"2020-SE14","RIDE – Goiás","SRAG não especificada",21,9,6,0
2020,14,"2020-SE14","RIDE – Goiás","SRAG por COVID-19",7,4,4,6
2020,14,"2020-SE14","RIDE – Goiás","SRAG por influenza",1,0,0,1
2020,14,"2020-SE14","RIDE – Goiás","SRAG por outro agente etiológico",1,0,0,0
2020,14,"2020-SE14","RIDE – Goiás","SRAG por outro vírus respiratório",3,0,1,3
2020,14,"2020-SE14","RIDE – Minas Gerais","SRAG não especificada",1,0,1,0
2020,15,"2020-SE15","Distrito Federal","SRAG não especificada",108,33,36,0
2020,15,"2020-SE15","Distrito Federal","SRAG por COVID-19",40,7,19,37
2020,15,"2020-SE15","Distrito Federal","SRAG por outro agente etiológico",6,2,1,0
2020,15,"2020-SE15","Distrito Federal","SRAG por outro vírus respiratório",13,0,4,13
2020,15,"2020-SE15","Fora da RIDE","SRAG não especificada",1,0,0,0
2020,15,"2020-SE15","Fora da RIDE","SRAG por outro vírus respiratório",1,0,0,1
2020,15,"2020-SE15","RIDE – Goiás","SRAG não especificada",21,6,7,0
2020,15,"2020-SE15","RIDE – Goiás","SRAG por COVID-19",5,1,3,5
2020,15,"2020-SE15","RIDE – Goiás","SRAG por outro agente etiológico",1,1,0,0
2020,15,"2020-SE15","RIDE – Goiás","SRAG por outro vírus respiratório",2,0,0,2
2020,15,"2020-SE15","RIDE – Minas Gerais","SRAG por COVID-19",1,0,1,1
2020,16,"2020-SE16","Distrito Federal","SRAG não especificada",117,30,48,0
2020,16,"2020-SE16","Distrito Federal","SRAG por COVID-19",42,7,14,41
2020,16,"2020-SE16","Distrito Federal","SRAG por outro agente etiológico",3,0,1,0
2020,16,"2020-SE16","Distrito Federal","SRAG por outro vírus respiratório",12,1,2,12
2020,16,"2020-SE16","Fora da RIDE","SRAG por COVID-19",2,0,1,2
2020,16,"2020-SE16","RIDE – Goiás","SRAG não especificada",21,8,6,0
2020,16,"2020-SE16","RIDE – Goiás","SRAG por COVID-19",9,4,4,9
2020,16,"2020-SE16","RIDE – Goiás","SRAG por outro agente etiológico",1,0,0,0
2020,16,"2020-SE16","RIDE – Goiás","SRAG por outro vírus respiratório",2,0,1,2
2020,16,"2020-SE16","RIDE – Minas Gerais","SRAG não especificada",2,1,0,0
2020,16,"2020-SE16","RIDE – Minas Gerais","SRAG por COVID-19",1,1,0,1
2020,17,"2020-SE17","Distrito Federal","SRAG não especificada",110,24,34,0
2020,17,"2020-SE17","Distrito Federal","SRAG por COVID-19",78,13,24,76
2020,17,"2020-SE17","Distrito Federal","SRAG por influenza",1,0,0,1
2020,17,"2020-SE17","Distrito Federal","SRAG por outro vírus respiratório",9,2,2,9
2020,17,"2020-SE17","Fora da RIDE","SRAG não especificada",3,0,1,0
2020,17,"2020-SE17","Fora da RIDE","SRAG por COVID-19",12,1,7,11
2020,17,"2020-SE17","RIDE – Goiás","SRAG não especificada",33,7,9,0
2020,17,"2020-SE17","RIDE – Goiás","SRAG por COVID-19",9,4,2,8
2020,18,"2020-SE18","Distrito Federal","SRAG não especificada",122,40,44,0
2020,18,"2020-SE18","Distrito Federal","SRAG por COVID-19",125,33,51,123
2020,18,"2020-SE18","Distrito Federal","SRAG por influenza",1,0,1,1
2020,18,"2020-SE18","Distrito Federal","SRAG por outro vírus respiratório",7,1,1,7
2020,18,"2020-SE18","Fora da RIDE","SRAG por COVID-19",12,0,8,10
2020,18,"2020-SE18","RIDE – Goiás","SRAG não especificada",35,17,11,0
2020,18,"2020-SE18","RIDE – Goiás","SRAG por COVID-19",21,7,3,19
2020,18,"2020-SE18","RIDE – Goiás","SRAG por outro agente etiológico",1,0,0,0
2020,19,"2020-SE19","Distrito Federal","SRAG não especificada",102,30,43,0
2020,19,"2020-SE19","Distrito Federal","SRAG por COVID-19",186,45,80,181
2020,19,"2020-SE19","Distrito Federal","SRAG por outro agente etiológico",1,1,0,0
2020,19,"2020-SE19","Distrito Federal","SRAG por outro vírus respiratório",5,0,0,5
2020,19,"2020-SE19","Fora da RIDE","SRAG não especificada",2,0,1,0
2020,19,"2020-SE19","Fora da RIDE","SRAG por COVID-19",11,1,7,9
2020,19,"2020-SE19","RIDE – Goiás","SRAG não especificada",30,7,9,0
2020,19,"2020-SE19","RIDE – Goiás","SRAG por COVID-19",28,8,11,27
2020,19,"2020-SE19","RIDE – Goiás","SRAG por outro vírus respiratório",1,0,0,1
2020,19,"2020-SE19","RIDE – Minas Gerais","SRAG não especificada",2,1,1,0
2020,20,"2020-SE20","Distrito Federal","SRAG não especificada",95,23,41,0
2020,20,"2020-SE20","Distrito Federal","SRAG por COVID-19",261,76,117,250
2020,20,"2020-SE20","Distrito Federal","SRAG por outro vírus respiratório",2,0,1,2
2020,20,"2020-SE20","Fora da RIDE","SRAG não especificada",1,0,1,0
2020,20,"2020-SE20","Fora da RIDE","SRAG por COVID-19",2,0,1,2
2020,20,"2020-SE20","RIDE – Goiás","SRAG não especificada",31,11,5,0
2020,20,"2020-SE20","RIDE – Goiás","SRAG por COVID-19",58,24,21,57
2020,20,"2020-SE20","RIDE – Goiás","SRAG por outro vírus respiratório",1,0,0,1
2020,20,"2020-SE20","RIDE – Minas Gerais","SRAG não especificada",3,0,0,0
2020,20,"2020-SE20","RIDE – Minas Gerais","SRAG por COVID-19",2,0,1,1
2020,21,"2020-SE21","Distrito Federal","SRAG não especificada",136,34,52,0
2020,21,"2020-SE21","Distrito Federal","SRAG por COVID-19",335,110,143,323
2020,21,"2020-SE21","Fora da RIDE","SRAG por COVID-19",4,2,3,3
2020,21,"2020-SE21","RIDE – Goiás","SRAG não especificada",38,8,12,0
2020,21,"2020-SE21","RIDE – Goiás","SRAG por COVID-19",48,21,13,44
2020,21,"2020-SE21","RIDE – Minas Gerais","Não classificada",1,0,0,0
2020,22,"2020-SE22","Distrito Federal","SRAG não especificada",149,41,60,0
2020,22,"2020-SE22","Distrito Federal","SRAG por COVID-19",384,102,188,363
2020,22,"2020-SE22","Distrito Federal","SRAG por outro vírus respiratório",1,0,1,1
2020,22,"2020-SE22","Fora da RIDE","SRAG por COVID-19",2,2,2,2
2020,22,"2020-SE22","RIDE – Goiás","SRAG não especificada",38,8,10,0
2020,22,"2020-SE22","RIDE – Goiás","SRAG por COVID-19",56,23,18,46
2020,22,"2020-SE22","RIDE – Goiás","SRAG por outro agente etiológico",1,0,1,0
2020,22,"2020-SE22","RIDE – Minas Gerais","SRAG não especificada",2,0,1,0
2020,22,"2020-SE22","RIDE – Minas Gerais","SRAG por COVID-19",1,0,0,0
2020,23,"2020-SE23","Distrito Federal","SRAG não especificada",217,49,81,0
2020,23,"2020-SE23","Distrito Federal","SRAG por COVID-19",621,189,272,593
2020,23,"2020-SE23","Distrito Federal","SRAG por outro agente etiológico",1,0,0,0
2020,23,"2020-SE23","Fora da RIDE","SRAG não especificada",2,0,1,0
2020,23,"2020-SE23","Fora da RIDE","SRAG por COVID-19",4,1,2,4
2020,23,"2020-SE23","RIDE – Goiás","SRAG não especificada",30,7,8,0
2020,23,"2020-SE23","RIDE – Goiás","SRAG por COVID-19",66,26,20,51
2020,23,"2020-SE23","RIDE – Goiás","SRAG por outro vírus respiratório",1,0,1,1
2020,23,"2020-SE23","RIDE – Minas Gerais","Não classificada",2,0,1,0
2020,23,"2020-SE23","RIDE – Minas Gerais","SRAG não especificada",1,0,0,0
2020,23,"2020-SE23","RIDE – Minas Gerais","SRAG por COVID-19",2,1,1,1
2020,24,"2020-SE24","Distrito Federal","SRAG não especificada",201,42,72,1
2020,24,"2020-SE24","Distrito Federal","SRAG por COVID-19",667,172,286,620
2020,24,"2020-SE24","Distrito Federal","SRAG por outro agente etiológico",1,1,0,0
2020,24,"2020-SE24","Distrito Federal","SRAG por outro vírus respiratório",1,0,0,1
2020,24,"2020-SE24","Fora da RIDE","Não classificada",1,0,1,0
2020,24,"2020-SE24","Fora da RIDE","SRAG não especificada",1,0,1,0
2020,24,"2020-SE24","Fora da RIDE","SRAG por COVID-19",6,3,2,5
2020,24,"2020-SE24","RIDE – Goiás","SRAG não especificada",52,14,12,0
2020,24,"2020-SE24","RIDE – Goiás","SRAG por COVID-19",82,31,23,64
2020,24,"2020-SE24","RIDE – Goiás","SRAG por outro vírus respiratório",1,0,0,1
2020,24,"2020-SE24","RIDE – Minas Gerais","SRAG não especificada",1,0,0,0
2020,24,"2020-SE24","RIDE – Minas Gerais","SRAG por COVID-19",14,1,1,2
2020,25,"2020-SE25","Distrito Federal","SRAG não especificada",236,45,66,0
2020,25,"2020-SE25","Distrito Federal","SRAG por COVID-19",827,214,333,744
2020,25,"2020-SE25","Distrito Federal","SRAG por outro agente etiológico",2,1,0,0
2020,25,"2020-SE25","Distrito Federal","SRAG por outro vírus respiratório",1,0,1,1
2020,25,"2020-SE25","Fora da RIDE","SRAG não especificada",3,0,2,0
2020,25,"2020-SE25","Fora da RIDE","SRAG por COVID-19",24,8,7,11
2020,25,"2020-SE25","RIDE – Goiás","SRAG não especificada",46,18,13,0
2020,25,"2020-SE25","RIDE – Goiás","SRAG por COVID-19",170,60,58,119
2020,25,"2020-SE25","RIDE – Minas Gerais","SRAG não especificada",5,0,0,0
2020,25,"2020-SE25","RIDE – Minas Gerais","SRAG por COVID-19",14,2,0,2
2020,26,"2020-SE26","Distrito Federal","SRAG não especificada",214,49,59,0
2020,26,"2020-SE26","Distrito Federal","SRAG por COVID-19",808,205,310,705
2020,26,"2020-SE26","Distrito Federal","SRAG por outro agente etiológico",2,2,0,0
2020,26,"2020-SE26","Distrito Federal","SRAG por outro vírus respiratório",1,0,1,1
2020,26,"2020-SE26","Fora da RIDE","SRAG não especificada",7,3,4,0
2020,26,"2020-SE26","Fora da RIDE","SRAG por COVID-19",13,3,4,9
2020,26,"2020-SE26","RIDE – Goiás","SRAG não especificada",46,8,9,0
2020,26,"2020-SE26","RIDE – Goiás","SRAG por COVID-19",122,36,35,88
2020,26,"2020-SE26","RIDE – Goiás","SRAG por outro vírus respiratório",2,0,1,2
2020,26,"2020-SE26","RIDE – Minas Gerais","SRAG não especificada",5,0,0,0
2020,26,"2020-SE26","RIDE – Minas Gerais","SRAG por COVID-19",13,1,1,4
2020,27,"2020-SE27","Distrito Federal","SRAG não especificada",231,39,62,0
2020,27,"2020-SE27","Distrito Federal","SRAG por COVID-19",929,243,326,813
2020,27,"2020-SE27","Distrito Federal","SRAG por outro agente etiológico",1,0,0,0
2020,27,"2020-SE27","Distrito Federal","SRAG por outro vírus respiratório",4,0,1,4
2020,27,"2020-SE27","Fora da RIDE","SRAG não especificada",11,2,2,0
2020,27,"2020-SE27","Fora da RIDE","SRAG por COVID-19",17,6,8,10
2020,27,"2020-SE27","RIDE – Goiás","SRAG não especificada",45,8,14,0
2020,27,"2020-SE27","RIDE – Goiás","SRAG por COVID-19",166,65,60,122
2020,27,"2020-SE27","RIDE – Goiás","SRAG por outro vírus respiratório",2,0,0,2
2020,27,"2020-SE27","RIDE – Minas Gerais","Não classificada",2,0,0,0
2020,27,"2020-SE27","RIDE – Minas Gerais","SRAG não especificada",6,0,0,0
2020,27,"2020-SE27","RIDE – Minas Gerais","SRAG por COVID-19",16,2,2,6
2020,28,"2020-SE28","Distrito Federal","Não classificada",1,0,0,0
2020,28,"2020-SE28","Distrito Federal","SRAG não especificada",244,44,53,0
2020,28,"2020-SE28","Distrito Federal","SRAG por COVID-19",981,274,377,829
2020,28,"2020-SE28","Distrito Federal","SRAG por influenza",1,0,1,1
2020,28,"2020-SE28","Distrito Federal","SRAG por outro vírus respiratório",1,0,0,1
2020,28,"2020-SE28","Fora da RIDE","SRAG não especificada",7,2,2,0
2020,28,"2020-SE28","Fora da RIDE","SRAG por COVID-19",18,2,3,8
2020,28,"2020-SE28","RIDE – Goiás","SRAG não especificada",39,9,7,0
2020,28,"2020-SE28","RIDE – Goiás","SRAG por COVID-19",166,75,37,97
2020,28,"2020-SE28","RIDE – Goiás","SRAG por outro vírus respiratório",1,0,0,1
2020,28,"2020-SE28","RIDE – Minas Gerais","SRAG não especificada",4,2,0,0
2020,28,"2020-SE28","RIDE – Minas Gerais","SRAG por COVID-19",10,4,1,2
2020,29,"2020-SE29","Distrito Federal","SRAG não especificada",220,25,40,0
2020,29,"2020-SE29","Distrito Federal","SRAG por COVID-19",942,239,311,749
2020,29,"2020-SE29","Distrito Federal","SRAG por outro agente etiológico",1,0,0,0
2020,29,"2020-SE29","Distrito Federal","SRAG por outro vírus respiratório",3,0,0,3
2020,29,"2020-SE29","Fora da RIDE","SRAG não especificada",3,0,1,0
2020,29,"2020-SE29","Fora da RIDE","SRAG por COVID-19",17,6,7,7
2020,29,"2020-SE29","RIDE – Goiás","SRAG não especificada",66,17,12,0
2020,29,"2020-SE29","RIDE – Goiás","SRAG por COVID-19",147,52,45,96
2020,29,"2020-SE29","RIDE – Goiás","SRAG por outro vírus respiratório",1,0,1,1
2020,29,"2020-SE29","RIDE – Minas Gerais","SRAG não especificada",7,2,0,0
2020,29,"2020-SE29","RIDE – Minas Gerais","SRAG por COVID-19",32,15,3,12
2020,30,"2020-SE30","Distrito Federal","SRAG não especificada",237,29,42,0
2020,30,"2020-SE30","Distrito Federal","SRAG por COVID-19",1001,275,330,759
2020,30,"2020-SE30","Fora da RIDE","SRAG não especificada",4,0,0,0
2020,30,"2020-SE30","Fora da RIDE","SRAG por COVID-19",13,4,5,8
2020,30,"2020-SE30","RIDE – Goiás","SRAG não especificada",60,13,17,0
2020,30,"2020-SE30","RIDE – Goiás","SRAG por COVID-19",166,69,44,107
2020,30,"2020-SE30","RIDE – Goiás","SRAG por outro agente etiológico",2,2,0,0
2020,30,"2020-SE30","RIDE – Minas Gerais","Não classificada",3,0,0,0
2020,30,"2020-SE30","RIDE – Minas Gerais","SRAG não especificada",10,0,0,0
2020,30,"2020-SE30","RIDE – Minas Gerais","SRAG por COVID-19",24,4,1,11
2020,30,"2020-SE30","RIDE – Minas Gerais","SRAG por outro vírus respiratório",1,0,1,1
2020,31,"2020-SE31","Distrito Federal","SRAG não especificada",221,40,50,0
2020,31,"2020-SE31","Distrito Federal","SRAG por COVID-19",936,247,262,725
2020,31,"2020-SE31","Distrito Federal","SRAG por outro vírus respiratório",1,0,0,1
2020,31,"2020-SE31","Fora da RIDE","Não classificada",1,0,1,0
2020,31,"2020-SE31","Fora da RIDE","SRAG não especificada",6,3,1,0
2020,31,"2020-SE31","Fora da RIDE","SRAG por COVID-19",20,11,12,10
2020,31,"2020-SE31","RIDE – Goiás","SRAG não especificada",65,10,14,0
2020,31,"2020-SE31","RIDE – Goiás","SRAG por COVID-19",160,55,50,94
2020,31,"2020-SE31","RIDE – Goiás","SRAG por outro agente etiológico",1,1,0,0
2020,31,"2020-SE31","RIDE – Minas Gerais","Não classificada",1,0,0,0
2020,31,"2020-SE31","RIDE – Minas Gerais","SRAG não especificada",5,0,0,0
2020,31,"2020-SE31","RIDE – Minas Gerais","SRAG por COVID-19",31,5,1,8
2020,32,"2020-SE32","Distrito Federal","SRAG não especificada",178,37,48,0
2020,32,"2020-SE32","Distrito Federal","SRAG por COVID-19",796,173,218,592
2020,32,"2020-SE32","Distrito Federal","SRAG por outro vírus respiratório",2,0,1,2
2020,32,"2020-SE32","Fora da RIDE","SRAG não especificada",3,0,1,0
2020,32,"2020-SE32","Fora da RIDE","SRAG por COVID-19",20,10,6,13
2020,32,"2020-SE32","RIDE – Goiás","SRAG não especificada",35,14,9,0
2020,32,"2020-SE32","RIDE – Goiás","SRAG por COVID-19",177,75,53,99
2020,32,"2020-SE32","RIDE – Goiás","SRAG por outro agente etiológico",1,0,0,0
2020,32,"2020-SE32","RIDE – Goiás","SRAG por outro vírus respiratório",1,0,0,1
2020,32,"2020-SE32","RIDE – Minas Gerais","SRAG não especificada",9,0,0,0
2020,32,"2020-SE32","RIDE – Minas Gerais","SRAG por COVID-19",22,7,1,5
2020,33,"2020-SE33","Distrito Federal","SRAG não especificada",204,29,36,0
2020,33,"2020-SE33","Distrito Federal","SRAG por COVID-19",820,189,221,634
2020,33,"2020-SE33","Fora da RIDE","Não classificada",1,0,0,0
2020,33,"2020-SE33","Fora da RIDE","SRAG não especificada",4,1,1,0
2020,33,"2020-SE33","Fora da RIDE","SRAG por COVID-19",15,5,11,8
2020,33,"2020-SE33","RIDE – Goiás","SRAG não especificada",68,9,10,0
2020,33,"2020-SE33","RIDE – Goiás","SRAG por COVID-19",177,57,45,109
2020,33,"2020-SE33","RIDE – Minas Gerais","Não classificada",2,0,1,0
2020,33,"2020-SE33","RIDE – Minas Gerais","SRAG não especificada",10,1,0,0
2020,33,"2020-SE33","RIDE – Minas Gerais","SRAG por COVID-19",28,9,1,8
2020,34,"2020-SE34","Distrito Federal","SRAG não especificada",170,21,38,0
2020,34,"2020-SE34","Distrito Federal","SRAG por COVID-19",652,160,204,506
2020,34,"2020-SE34","Distrito Federal","SRAG por outro vírus respiratório",3,0,1,3
2020,34,"2020-SE34","Fora da RIDE","SRAG não especificada",7,2,4,0
2020,34,"2020-SE34","Fora da RIDE","SRAG por COVID-19",21,4,8,10
2020,34,"2020-SE34","RIDE – Goiás","SRAG não especificada",60,15,17,0
2020,34,"2020-SE34","RIDE – Goiás","SRAG por COVID-19",161,63,52,90
2020,34,"2020-SE34","RIDE – Goiás","SRAG por outro vírus respiratório",2,0,2,2
2020,34,"2020-SE34","RIDE – Minas Gerais","SRAG não especificada",8,0,0,0
2020,34,"2020-SE34","RIDE – Minas Gerais","SRAG por COVID-19",27,5,1,14
2020,35,"2020-SE35","Distrito Federal","SRAG não especificada",154,22,34,0
2020,35,"2020-SE35","Distrito Federal","SRAG por COVID-19",539,130,141,404
2020,35,"2020-SE35","Fora da RIDE","Não classificada",1,0,0,0
2020,35,"2020-SE35","Fora da RIDE","SRAG não especificada",3,0,0,0
2020,35,"2020-SE35","Fora da RIDE","SRAG por COVID-19",19,10,10,15
2020,35,"2020-SE35","RIDE – Goiás","SRAG não especificada",50,4,9,0
2020,35,"2020-SE35","RIDE – Goiás","SRAG por COVID-19",101,42,35,51
2020,35,"2020-SE35","RIDE – Minas Gerais","SRAG não especificada",8,1,0,0
2020,35,"2020-SE35","RIDE – Minas Gerais","SRAG por COVID-19",16,1,1,4
2020,36,"2020-SE36","Distrito Federal","SRAG não especificada",147,19,28,0
2020,36,"2020-SE36","Distrito Federal","SRAG por COVID-19",454,115,120,355
2020,36,"2020-SE36","Distrito Federal","SRAG por influenza",1,0,0,1
2020,36,"2020-SE36","Distrito Federal","SRAG por outro vírus respiratório",1,0,0,1
2020,36,"2020-SE36","Fora da RIDE","SRAG não especificada",6,2,3,0
2020,36,"2020-SE36","Fora da RIDE","SRAG por COVID-19",9,4,4,4
2020,36,"2020-SE36","RIDE – Goiás","SRAG não especificada",45,9,12,0
2020,36,"2020-SE36","RIDE – Goiás","SRAG por COVID-19",86,32,24,59
2020,36,"2020-SE36","RIDE – Goiás","SRAG por outro vírus respiratório",1,0,0,1
2020,36,"2020-SE36","RIDE – Minas Gerais","Não classificada",1,0,0,0
2020,36,"2020-SE36","RIDE – Minas Gerais","SRAG não especificada",8,0,0,0
2020,36,"2020-SE36","RIDE – Minas Gerais","SRAG por COVID-19",14,1,3,6
2020,37,"2020-SE37","Distrito Federal","SRAG não especificada",168,20,36,1
2020,37,"2020-SE37","Distrito Federal","SRAG por COVID-19",402,85,112,327
2020,37,"2020-SE37","Distrito Federal","SRAG por outro vírus respiratório",1,0,0,1
2020,37,"2020-SE37","Fora da RIDE","SRAG não especificada",9,3,3,0
2020,37,"2020-SE37","Fora da RIDE","SRAG por COVID-19",12,4,6,8
2020,37,"2020-SE37","RIDE – Goiás","SRAG não especificada",27,5,4,0
2020,37,"2020-SE37","RIDE – Goiás","SRAG por COVID-19",114,34,33,65
2020,37,"2020-SE37","RIDE – Goiás","SRAG por outro vírus respiratório",1,1,0,1
2020,37,"2020-SE37","RIDE – Minas Gerais","SRAG não especificada",3,1,1,0
2020,37,"2020-SE37","RIDE – Minas Gerais","SRAG por COVID-19",9,1,0,3
2020,38,"2020-SE38","Distrito Federal","SRAG não especificada",133,21,34,0
2020,38,"2020-SE38","Distrito Federal","SRAG por COVID-19",364,85,105,296
2020,38,"2020-SE38","Distrito Federal","SRAG por outro agente etiológico",1,1,1,0
2020,38,"2020-SE38","Fora da RIDE","Não classificada",1,0,0,0
2020,38,"2020-SE38","Fora da RIDE","SRAG não especificada",6,2,1,0
2020,38,"2020-SE38","Fora da RIDE","SRAG por COVID-19",4,1,2,2
2020,38,"2020-SE38","RIDE – Goiás","SRAG não especificada",70,12,15,0
2020,38,"2020-SE38","RIDE – Goiás","SRAG por COVID-19",93,31,16,54
2020,38,"2020-SE38","RIDE – Minas Gerais","SRAG não especificada",8,1,1,0
2020,38,"2020-SE38","RIDE – Minas Gerais","SRAG por COVID-19",18,0,1,7
2020,39,"2020-SE39","Distrito Federal","SRAG não especificada",139,19,34,1
2020,39,"2020-SE39","Distrito Federal","SRAG por COVID-19",398,98,115,321
2020,39,"2020-SE39","Distrito Federal","SRAG por outro vírus respiratório",2,0,2,2
2020,39,"2020-SE39","Fora da RIDE","SRAG não especificada",3,0,0,0
2020,39,"2020-SE39","Fora da RIDE","SRAG por COVID-19",11,2,2,6
2020,39,"2020-SE39","RIDE – Goiás","SRAG não especificada",34,4,7,0
2020,39,"2020-SE39","RIDE – Goiás","SRAG por COVID-19",62,23,20,33
2020,39,"2020-SE39","RIDE – Goiás","SRAG por outro agente etiológico",1,1,0,0
2020,39,"2020-SE39","RIDE – Minas Gerais","SRAG não especificada",4,0,0,0
2020,39,"2020-SE39","RIDE – Minas Gerais","SRAG por COVID-19",10,3,0,3
2020,40,"2020-SE40","Distrito Federal","SRAG não especificada",163,24,35,0
2020,40,"2020-SE40","Distrito Federal","SRAG por COVID-19",337,67,99,271
2020,40,"2020-SE40","Distrito Federal","SRAG por outro vírus respiratório",1,0,0,1
2020,40,"2020-SE40","Fora da RIDE","SRAG não especificada",6,1,3,0
2020,40,"2020-SE40","Fora da RIDE","SRAG por COVID-19",7,3,2,2
2020,40,"2020-SE40","RIDE – Goiás","SRAG não especificada",45,12,15,0
2020,40,"2020-SE40","RIDE – Goiás","SRAG por COVID-19",83,36,36,51
2020,40,"2020-SE40","RIDE – Minas Gerais","SRAG não especificada",4,2,1,0
2020,40,"2020-SE40","RIDE – Minas Gerais","SRAG por COVID-19",5,0,0,1
2020,41,"2020-SE41","Distrito Federal","Não classificada",1,0,0,0
2020,41,"2020-SE41","Distrito Federal","SRAG não especificada",141,28,27,0
2020,41,"2020-SE41","Distrito Federal","SRAG por COVID-19",350,71,101,271
2020,41,"2020-SE41","Fora da RIDE","SRAG não especificada",3,0,1,0
2020,41,"2020-SE41","Fora da RIDE","SRAG por COVID-19",8,3,6,6
2020,41,"2020-SE41","RIDE – Goiás","SRAG não especificada",43,9,9,0
2020,41,"2020-SE41","RIDE – Goiás","SRAG por COVID-19",69,33,26,39
2020,41,"2020-SE41","RIDE – Minas Gerais","Não classificada",1,0,0,0
2020,41,"2020-SE41","RIDE – Minas Gerais","SRAG não especificada",4,1,0,0
2020,41,"2020-SE41","RIDE – Minas Gerais","SRAG por COVID-19",2,0,1,0
2020,42,"2020-SE42","Distrito Federal","SRAG não especificada",127,15,29,0
2020,42,"2020-SE42","Distrito Federal","SRAG por COVID-19",274,56,83,196
2020,42,"2020-SE42","Distrito Federal","SRAG por influenza",1,0,1,1
2020,42,"2020-SE42","Distrito Federal","SRAG por outro vírus respiratório",2,0,1,2
2020,42,"2020-SE42","Fora da RIDE","SRAG não especificada",3,0,1,0
2020,42,"2020-SE42","Fora da RIDE","SRAG por COVID-19",6,1,3,5
2020,42,"2020-SE42","RIDE – Goiás","SRAG não especificada",27,7,5,0
2020,42,"2020-SE42","RIDE – Goiás","SRAG por COVID-19",52,16,15,20
2020,42,"2020-SE42","RIDE – Goiás","SRAG por outro vírus respiratório",1,0,0,1
2020,42,"2020-SE42","RIDE – Minas Gerais","SRAG não especificada",5,0,1,0
2020,42,"2020-SE42","RIDE – Minas Gerais","SRAG por COVID-19",3,1,0,1
2020,43,"2020-SE43","Distrito Federal","SRAG não especificada",119,16,34,0
2020,43,"2020-SE43","Distrito Federal","SRAG por COVID-19",214,41,65,169
2020,43,"2020-SE43","Distrito Federal","SRAG por outro vírus respiratório",2,0,0,2
2020,43,"2020-SE43","Fora da RIDE","SRAG não especificada",2,0,1,0
2020,43,"2020-SE43","Fora da RIDE","SRAG por COVID-19",15,3,7,12
2020,43,"2020-SE43","RIDE – Goiás","SRAG não especificada",46,9,11,0
2020,43,"2020-SE43","RIDE – Goiás","SRAG por COVID-19",48,20,18,29
2020,43,"2020-SE43","RIDE – Minas Gerais","Não classificada",1,0,0,0
2020,43,"2020-SE43","RIDE – Minas Gerais","SRAG não especificada",3,0,0,0
2020,43,"2020-SE43","RIDE – Minas Gerais","SRAG por COVID-19",4,1,1,2
2020,44,"2020-SE44","Distrito Federal","SRAG não especificada",129,15,36,0
2020,44,"2020-SE44","Distrito Federal","SRAG por COVID-19",179,32,67,145
2020,44,"2020-SE44","Distrito Federal","SRAG por outro vírus respiratório",2,0,1,2
2020,44,"2020-SE44","Fora da RIDE","SRAG não especificada",3,1,2,0
2020,44,"2020-SE44","Fora da RIDE","SRAG por COVID-19",4,0,3,3
2020,44,"2020-SE44","RIDE – Goiás","SRAG não especificada",29,2,9,0
2020,44,"2020-SE44","RIDE – Goiás","SRAG por COVID-19",29,7,12,18
2020,44,"2020-SE44","RIDE – Goiás","SRAG por outro vírus respiratório",2,0,0,2
2020,44,"2020-SE44","RIDE – Minas Gerais","Não classificada",1,0,0,0
2020,44,"2020-SE44","RIDE – Minas Gerais","SRAG não especificada",3,0,0,0
2020,44,"2020-SE44","RIDE – Minas Gerais","SRAG por COVID-19",4,1,0,3
2020,45,"2020-SE45","Distrito Federal","SRAG não especificada",144,17,36,0
2020,45,"2020-SE45","Distrito Federal","SRAG por COVID-19",217,52,76,176
2020,45,"2020-SE45","Distrito Federal","SRAG por outro agente etiológico",1,1,1,0
2020,45,"2020-SE45","Distrito Federal","SRAG por outro vírus respiratório",6,0,3,6
2020,45,"2020-SE45","Fora da RIDE","SRAG não especificada",3,1,1,0
2020,45,"2020-SE45","Fora da RIDE","SRAG por COVID-19",8,1,4,6
2020,45,"2020-SE45","RIDE – Goiás","SRAG não especificada",40,7,17,0
2020,45,"2020-SE45","RIDE – Goiás","SRAG por COVID-19",45,17,18,21
2020,45,"2020-SE45","RIDE – Goiás","SRAG por outro vírus respiratório",1,0,1,1
2020,45,"2020-SE45","RIDE – Minas Gerais","Não classificada",3,0,0,0
2020,45,"2020-SE45","RIDE – Minas Gerais","SRAG não especificada",7,0,0,0
2020,45,"2020-SE45","RIDE – Minas Gerais","SRAG por COVID-19",6,2,3,3
2020,46,"2020-SE46","Distrito Federal","SRAG não especificada",142,10,37,0
2020,46,"2020-SE46","Distrito Federal","SRAG por COVID-19",229,51,73,176
2020,46,"2020-SE46","Distrito Federal","SRAG por outro vírus respiratório",5,0,1,5
2020,46,"2020-SE46","Fora da RIDE","SRAG não especificada",2,0,1,0
2020,46,"2020-SE46","Fora da RIDE","SRAG por COVID-19",7,1,4,6
2020,46,"2020-SE46","RIDE – Goiás","SRAG não especificada",37,7,9,0
2020,46,"2020-SE46","RIDE – Goiás","SRAG por COVID-19",27,8,10,17
2020,46,"2020-SE46","RIDE – Goiás","SRAG por outro vírus respiratório",2,0,1,2
2020,46,"2020-SE46","RIDE – Minas Gerais","SRAG não especificada",11,1,1,0
2020,46,"2020-SE46","RIDE – Minas Gerais","SRAG por COVID-19",6,1,1,2
2020,47,"2020-SE47","Distrito Federal","SRAG não especificada",155,17,45,0
2020,47,"2020-SE47","Distrito Federal","SRAG por COVID-19",269,51,86,217
2020,47,"2020-SE47","Distrito Federal","SRAG por outro vírus respiratório",4,0,1,4
2020,47,"2020-SE47","Fora da RIDE","SRAG não especificada",1,1,1,0
2020,47,"2020-SE47","Fora da RIDE","SRAG por COVID-19",12,4,8,6
2020,47,"2020-SE47","Fora da RIDE","SRAG por outro vírus respiratório",1,0,1,1
2020,47,"2020-SE47","RIDE – Goiás","SRAG não especificada",39,4,12,0
2020,47,"2020-SE47","RIDE – Goiás","SRAG por COVID-19",33,10,17,17
2020,47,"2020-SE47","RIDE – Goiás","SRAG por outro vírus respiratório",1,0,0,1
2020,47,"2020-SE47","RIDE – Minas Gerais","Não classificada",1,0,0,0
2020,47,"2020-SE47","RIDE – Minas Gerais","SRAG não especificada",6,0,0,0
2020,47,"2020-SE47","RIDE – Minas Gerais","SRAG por COVID-19",6,2,1,4
2020,48,"2020-SE48","Distrito Federal","SRAG não especificada",121,12,31,1
2020,48,"2020-SE48","Distrito Federal","SRAG por COVID-19",250,48,91,209
2020,48,"2020-SE48","Distrito Federal","SRAG por outro agente etiológico",1,1,0,0
2020,48,"2020-SE48","Distrito Federal","SRAG por outro vírus respiratório",2,0,1,2
2020,48,"2020-SE48","Fora da RIDE","SRAG não especificada",4,0,1,0
2020,48,"2020-SE48","Fora da RIDE","SRAG por COVID-19",7,2,5,6
2020,48,"2020-SE48","RIDE – Goiás","SRAG não especificada",38,4,11,0
2020,48,"2020-SE48","RIDE – Goiás","SRAG por COVID-19",28,6,11,15
2020,48,"2020-SE48","RIDE – Minas Gerais","SRAG não especificada",5,0,0,0
2020,48,"2020-SE48","RIDE – Minas Gerais","SRAG por COVID-19",12,1,2,2
2020,48,"2020-SE48","RIDE – Minas Gerais","SRAG por outro agente etiológico",1,0,0,0
2020,49,"2020-SE49","Distrito Federal","SRAG não especificada",155,10,49,0
2020,49,"2020-SE49","Distrito Federal","SRAG por COVID-19",323,65,129,271
2020,49,"2020-SE49","Fora da RIDE","SRAG não especificada",3,0,0,0
2020,49,"2020-SE49","Fora da RIDE","SRAG por COVID-19",11,1,7,8
2020,49,"2020-SE49","RIDE – Goiás","SRAG não especificada",31,3,7,0
2020,49,"2020-SE49","RIDE – Goiás","SRAG por COVID-19",49,23,33,26
2020,49,"2020-SE49","RIDE – Minas Gerais","SRAG não especificada",11,0,0,0
2020,49,"2020-SE49","RIDE – Minas Gerais","SRAG por COVID-19",10,2,2,4
2020,49,"2020-SE49","RIDE – Minas Gerais","SRAG por outro agente etiológico",1,0,0,0
2020,50,"2020-SE50","Distrito Federal","SRAG não especificada",120,16,38,0
2020,50,"2020-SE50","Distrito Federal","SRAG por COVID-19",323,78,124,269
2020,50,"2020-SE50","Distrito Federal","SRAG por outro agente etiológico",2,1,1,0
2020,50,"2020-SE50","Distrito Federal","SRAG por outro vírus respiratório",2,0,0,2
2020,50,"2020-SE50","Fora da RIDE","SRAG não especificada",2,1,1,0
2020,50,"2020-SE50","Fora da RIDE","SRAG por COVID-19",9,4,4,8
2020,50,"2020-SE50","RIDE – Goiás","SRAG não especificada",29,9,7,0
2020,50,"2020-SE50","RIDE – Goiás","SRAG por COVID-19",61,19,18,44
2020,50,"2020-SE50","RIDE – Minas Gerais","Não classificada",2,0,0,0
2020,50,"2020-SE50","RIDE – Minas Gerais","SRAG não especificada",7,0,0,0
2020,50,"2020-SE50","RIDE – Minas Gerais","SRAG por COVID-19",11,3,3,3
2020,51,"2020-SE51","Distrito Federal","SRAG não especificada",141,17,28,0
2020,51,"2020-SE51","Distrito Federal","SRAG por COVID-19",317,82,104,264
2020,51,"2020-SE51","Distrito Federal","SRAG por outro agente etiológico",1,1,1,0
2020,51,"2020-SE51","Distrito Federal","SRAG por outro vírus respiratório",1,0,0,1
2020,51,"2020-SE51","Fora da RIDE","SRAG não especificada",2,0,1,0
2020,51,"2020-SE51","Fora da RIDE","SRAG por COVID-19",12,3,6,10
2020,51,"2020-SE51","RIDE – Goiás","SRAG não especificada",30,6,9,0
2020,51,"2020-SE51","RIDE – Goiás","SRAG por COVID-19",56,20,19,33
2020,51,"2020-SE51","RIDE – Minas Gerais","SRAG não especificada",5,0,0,0
2020,51,"2020-SE51","RIDE – Minas Gerais","SRAG por COVID-19",12,1,4,5
2020,52,"2020-SE52","Distrito Federal","SRAG não especificada",120,16,27,0
2020,52,"2020-SE52","Distrito Federal","SRAG por COVID-19",309,61,126,249
2020,52,"2020-SE52","Distrito Federal","SRAG por outro agente etiológico",1,0,0,0
2020,52,"2020-SE52","Distrito Federal","SRAG por outro vírus respiratório",4,0,0,4
2020,52,"2020-SE52","Fora da RIDE","SRAG não especificada",2,1,0,0
2020,52,"2020-SE52","Fora da RIDE","SRAG por COVID-19",14,3,8,13
2020,52,"2020-SE52","RIDE – Goiás","SRAG não especificada",27,3,9,0
2020,52,"2020-SE52","RIDE – Goiás","SRAG por COVID-19",55,18,22,21
2020,52,"2020-SE52","RIDE – Goiás","SRAG por outro agente etiológico",1,1,0,0
2020,52,"2020-SE52","RIDE – Goiás","SRAG por outro vírus respiratório",2,0,1,2
2020,52,"2020-SE52","RIDE – Minas Gerais","SRAG não especificada",8,0,0,0
2020,52,"2020-SE52","RIDE – Minas Gerais","SRAG por COVID-19",5,1,0,4
2020,53,"2020-SE53","Distrito Federal","SRAG não especificada",122,16,25,0
2020,53,"2020-SE53","Distrito Federal","SRAG por COVID-19",388,79,149,328
2020,53,"2020-SE53","Distrito Federal","SRAG por outro vírus respiratório",4,0,0,4
2020,53,"2020-SE53","Fora da RIDE","SRAG não especificada",1,0,0,0
2020,53,"2020-SE53","Fora da RIDE","SRAG por COVID-19",23,11,13,18
2020,53,"2020-SE53","Fora da RIDE","SRAG por outro vírus respiratório",1,0,1,1
2020,53,"2020-SE53","RIDE – Goiás","SRAG não especificada",29,5,6,0
2020,53,"2020-SE53","RIDE – Goiás","SRAG por COVID-19",53,18,27,29
2020,53,"2020-SE53","RIDE – Goiás","SRAG por outro vírus respiratório",1,0,0,1
2020,53,"2020-SE53","RIDE – Minas Gerais","SRAG não especificada",10,0,0,0
2020,53,"2020-SE53","RIDE – Minas Gerais","SRAG por COVID-19",7,1,1,4
2021,1,"2021-SE01","Distrito Federal","SRAG não especificada",132,14,27,1
2021,1,"2021-SE01","Distrito Federal","SRAG por COVID-19",333,63,116,267
2021,1,"2021-SE01","Distrito Federal","SRAG por outro agente etiológico",1,1,0,0
2021,1,"2021-SE01","Distrito Federal","SRAG por outro vírus respiratório",4,0,0,4
2021,1,"2021-SE01","Fora da RIDE","SRAG não especificada",3,0,2,0
2021,1,"2021-SE01","Fora da RIDE","SRAG por COVID-19",42,14,26,36
2021,1,"2021-SE01","RIDE – Goiás","SRAG não especificada",34,8,9,0
2021,1,"2021-SE01","RIDE – Goiás","SRAG por COVID-19",67,21,23,37
2021,1,"2021-SE01","RIDE – Goiás","SRAG por outro vírus respiratório",1,0,0,1
2021,1,"2021-SE01","RIDE – Minas Gerais","Não classificada",2,0,0,0
2021,1,"2021-SE01","RIDE – Minas Gerais","SRAG não especificada",4,0,0,0
2021,1,"2021-SE01","RIDE – Minas Gerais","SRAG por COVID-19",13,4,1,5
2021,2,"2021-SE02","Distrito Federal","SRAG não especificada",124,22,37,0
2021,2,"2021-SE02","Distrito Federal","SRAG por COVID-19",288,62,105,254
2021,2,"2021-SE02","Distrito Federal","SRAG por outro vírus respiratório",3,0,1,3
2021,2,"2021-SE02","Fora da RIDE","SRAG não especificada",6,1,4,0
2021,2,"2021-SE02","Fora da RIDE","SRAG por COVID-19",43,9,26,37
2021,2,"2021-SE02","RIDE – Goiás","SRAG não especificada",26,7,5,0
2021,2,"2021-SE02","RIDE – Goiás","SRAG por COVID-19",75,31,36,39
2021,2,"2021-SE02","RIDE – Minas Gerais","Não classificada",1,0,0,0
2021,2,"2021-SE02","RIDE – Minas Gerais","SRAG não especificada",5,0,0,0
2021,2,"2021-SE02","RIDE – Minas Gerais","SRAG por COVID-19",21,7,7,14
2021,3,"2021-SE03","Distrito Federal","SRAG não especificada",96,12,20,0
2021,3,"2021-SE03","Distrito Federal","SRAG por COVID-19",235,52,102,207
2021,3,"2021-SE03","Distrito Federal","SRAG por outro vírus respiratório",10,0,2,10
2021,3,"2021-SE03","Fora da RIDE","SRAG não especificada",3,0,1,0
2021,3,"2021-SE03","Fora da RIDE","SRAG por COVID-19",27,9,17,22
2021,3,"2021-SE03","RIDE – Goiás","SRAG não especificada",40,7,8,0
2021,3,"2021-SE03","RIDE – Goiás","SRAG por COVID-19",55,19,29,27
2021,3,"2021-SE03","RIDE – Goiás","SRAG por outro vírus respiratório",3,0,1,3
2021,3,"2021-SE03","RIDE – Minas Gerais","SRAG não especificada",10,0,0,0
2021,3,"2021-SE03","RIDE – Minas Gerais","SRAG por COVID-19",21,3,2,10
2021,4,"2021-SE04","Distrito Federal","SRAG não especificada",88,11,25,0
2021,4,"2021-SE04","Distrito Federal","SRAG por COVID-19",266,56,128,223
2021,4,"2021-SE04","Distrito Federal","SRAG por influenza",1,0,0,1
2021,4,"2021-SE04","Distrito Federal","SRAG por outro agente etiológico",1,0,0,0
2021,4,"2021-SE04","Distrito Federal","SRAG por outro vírus respiratório",11,0,1,11
2021,4,"2021-SE04","Fora da RIDE","SRAG não especificada",3,1,0,0
2021,4,"2021-SE04","Fora da RIDE","SRAG por COVID-19",26,9,17,17
2021,4,"2021-SE04","RIDE – Goiás","SRAG não especificada",24,2,5,0
2021,4,"2021-SE04","RIDE – Goiás","SRAG por COVID-19",57,20,26,33
2021,4,"2021-SE04","RIDE – Goiás","SRAG por influenza",1,0,0,1
2021,4,"2021-SE04","RIDE – Goiás","SRAG por outro vírus respiratório",1,0,0,1
2021,4,"2021-SE04","RIDE – Minas Gerais","Não classificada",1,0,0,0
2021,4,"2021-SE04","RIDE – Minas Gerais","SRAG não especificada",6,0,0,0
2021,4,"2021-SE04","RIDE – Minas Gerais","SRAG por COVID-19",14,3,2,9
2021,5,"2021-SE05","Distrito Federal","SRAG não especificada",100,16,25,0
2021,5,"2021-SE05","Distrito Federal","SRAG por COVID-19",366,83,150,295
2021,5,"2021-SE05","Distrito Federal","SRAG por outro vírus respiratório",13,0,2,13
2021,5,"2021-SE05","Fora da RIDE","SRAG não especificada",4,1,1,0
2021,5,"2021-SE05","Fora da RIDE","SRAG por COVID-19",36,13,20,13
2021,5,"2021-SE05","RIDE – Goiás","SRAG não especificada",44,10,10,1
2021,5,"2021-SE05","RIDE – Goiás","SRAG por COVID-19",80,20,35,41
2021,5,"2021-SE05","RIDE – Goiás","SRAG por outro vírus respiratório",6,0,2,6
2021,5,"2021-SE05","RIDE – Minas Gerais","SRAG não especificada",8,1,1,0
2021,5,"2021-SE05","RIDE – Minas Gerais","SRAG por COVID-19",23,2,1,16
2021,6,"2021-SE06","Distrito Federal","SRAG não especificada",93,20,24,0
2021,6,"2021-SE06","Distrito Federal","SRAG por COVID-19",456,119,219,406
2021,6,"2021-SE06","Distrito Federal","SRAG por outro agente etiológico",1,0,0,0
2021,6,"2021-SE06","Distrito Federal","SRAG por outro vírus respiratório",10,0,3,10
2021,6,"2021-SE06","Fora da RIDE","SRAG não especificada",1,1,1,0
2021,6,"2021-SE06","Fora da RIDE","SRAG por COVID-19",40,13,23,22
2021,6,"2021-SE06","RIDE – Goiás","SRAG não especificada",45,12,5,0
2021,6,"2021-SE06","RIDE – Goiás","SRAG por COVID-19",81,22,35,50
2021,6,"2021-SE06","RIDE – Goiás","SRAG por outro vírus respiratório",3,0,2,3
2021,6,"2021-SE06","RIDE – Minas Gerais","SRAG não especificada",17,0,0,0
2021,6,"2021-SE06","RIDE – Minas Gerais","SRAG por COVID-19",35,8,2,20
2021,6,"2021-SE06","Residência ignorada","SRAG por COVID-19",1,0,0,1
2021,7,"2021-SE07","Distrito Federal","SRAG não especificada",105,15,21,0
2021,7,"2021-SE07","Distrito Federal","SRAG por COVID-19",648,188,311,560
2021,7,"2021-SE07","Distrito Federal","SRAG por outro agente etiológico",1,0,0,0
2021,7,"2021-SE07","Distrito Federal","SRAG por outro vírus respiratório",21,1,4,21
2021,7,"2021-SE07","Fora da RIDE","SRAG não especificada",9,0,1,0
2021,7,"2021-SE07","Fora da RIDE","SRAG por COVID-19",28,10,18,16
2021,7,"2021-SE07","RIDE – Goiás","SRAG não especificada",44,14,4,0
2021,7,"2021-SE07","RIDE – Goiás","SRAG por COVID-19",122,46,53,75
2021,7,"2021-SE07","RIDE – Goiás","SRAG por outro agente etiológico",1,0,1,0
2021,7,"2021-SE07","RIDE – Goiás","SRAG por outro vírus respiratório",7,0,1,7
2021,7,"2021-SE07","RIDE – Minas Gerais","SRAG não especificada",13,0,1,0
2021,7,"2021-SE07","RIDE – Minas Gerais","SRAG por COVID-19",34,12,6,23
2021,8,"2021-SE08","Distrito Federal","Não classificada",1,0,0,0
2021,8,"2021-SE08","Distrito Federal","SRAG não especificada",101,14,20,0
2021,8,"2021-SE08","Distrito Federal","SRAG por COVID-19",925,273,399,834
2021,8,"2021-SE08","Distrito Federal","SRAG por outro agente etiológico",1,1,0,0
2021,8,"2021-SE08","Distrito Federal","SRAG por outro vírus respiratório",27,0,1,27
2021,8,"2021-SE08","Fora da RIDE","SRAG não especificada",2,0,0,0
2021,8,"2021-SE08","Fora da RIDE","SRAG por COVID-19",20,12,11,12
2021,8,"2021-SE08","Fora da RIDE","SRAG por outro vírus respiratório",1,0,0,1
2021,8,"2021-SE08","RIDE – Goiás","SRAG não especificada",39,11,4,0
2021,8,"2021-SE08","RIDE – Goiás","SRAG por COVID-19",133,58,44,75
2021,8,"2021-SE08","RIDE – Goiás","SRAG por outro vírus respiratório",8,0,3,8
2021,8,"2021-SE08","RIDE – Minas Gerais","Não classificada",3,0,1,0
2021,8,"2021-SE08","RIDE – Minas Gerais","SRAG não especificada",17,3,0,0
2021,8,"2021-SE08","RIDE – Minas Gerais","SRAG por COVID-19",48,16,6,35
2021,9,"2021-SE09","Distrito Federal","SRAG não especificada",142,16,29,0
2021,9,"2021-SE09","Distrito Federal","SRAG por COVID-19",1540,458,610,1357
2021,9,"2021-SE09","Distrito Federal","SRAG por outro agente etiológico",2,0,0,0
2021,9,"2021-SE09","Distrito Federal","SRAG por outro vírus respiratório",56,2,12,56
2021,9,"2021-SE09","Fora da RIDE","SRAG não especificada",3,1,1,0
2021,9,"2021-SE09","Fora da RIDE","SRAG por COVID-19",34,14,17,23
2021,9,"2021-SE09","Fora da RIDE","SRAG por outro vírus respiratório",1,0,0,1
2021,9,"2021-SE09","RIDE – Goiás","SRAG não especificada",52,13,3,0
2021,9,"2021-SE09","RIDE – Goiás","SRAG por COVID-19",286,152,96,139
2021,9,"2021-SE09","RIDE – Goiás","SRAG por outro agente etiológico",1,1,0,0
2021,9,"2021-SE09","RIDE – Goiás","SRAG por outro vírus respiratório",8,0,0,8
2021,9,"2021-SE09","RIDE – Minas Gerais","SRAG não especificada",24,0,0,0
2021,9,"2021-SE09","RIDE – Minas Gerais","SRAG por COVID-19",67,27,11,42
2021,10,"2021-SE10","Distrito Federal","Não classificada",1,0,1,0
2021,10,"2021-SE10","Distrito Federal","SRAG não especificada",118,14,16,0
2021,10,"2021-SE10","Distrito Federal","SRAG por COVID-19",1498,462,551,1303
2021,10,"2021-SE10","Distrito Federal","SRAG por outro vírus respiratório",47,2,1,47
2021,10,"2021-SE10","Fora da RIDE","SRAG não especificada",5,0,2,0
2021,10,"2021-SE10","Fora da RIDE","SRAG por COVID-19",24,10,12,19
2021,10,"2021-SE10","RIDE – Goiás","SRAG não especificada",68,15,7,0
2021,10,"2021-SE10","RIDE – Goiás","SRAG por COVID-19",258,141,95,138
2021,10,"2021-SE10","RIDE – Goiás","SRAG por outro vírus respiratório",6,0,1,6
2021,10,"2021-SE10","RIDE – Minas Gerais","Não classificada",1,0,0,0
2021,10,"2021-SE10","RIDE – Minas Gerais","SRAG não especificada",18,1,2,0
2021,10,"2021-SE10","RIDE – Minas Gerais","SRAG por COVID-19",82,24,13,45
2021,11,"2021-SE11","Distrito Federal","Não classificada",1,0,1,0
2021,11,"2021-SE11","Distrito Federal","SRAG não especificada",136,17,24,0
2021,11,"2021-SE11","Distrito Federal","SRAG por COVID-19",1376,495,498,1191
2021,11,"2021-SE11","Distrito Federal","SRAG por outro vírus respiratório",74,1,7,74
2021,11,"2021-SE11","Fora da RIDE","SRAG não especificada",3,0,0,0
2021,11,"2021-SE11","Fora da RIDE","SRAG por COVID-19",29,4,14,25
2021,11,"2021-SE11","Fora da RIDE","SRAG por outro vírus respiratório",1,0,0,1
2021,11,"2021-SE11","RIDE – Goiás","SRAG não especificada",79,15,7,0
2021,11,"2021-SE11","RIDE – Goiás","SRAG por COVID-19",335,185,122,169
2021,11,"2021-SE11","RIDE – Goiás","SRAG por outro vírus respiratório",23,2,5,23
2021,11,"2021-SE11","RIDE – Minas Gerais","SRAG não especificada",27,1,0,0
2021,11,"2021-SE11","RIDE – Minas Gerais","SRAG por COVID-19",90,30,14,59
2021,11,"2021-SE11","Residência ignorada","SRAG por COVID-19",1,0,0,1
2021,12,"2021-SE12","Distrito Federal","SRAG não especificada",152,27,28,0
2021,12,"2021-SE12","Distrito Federal","SRAG por COVID-19",1173,359,410,1019
2021,12,"2021-SE12","Distrito Federal","SRAG por outro vírus respiratório",29,1,6,29
2021,12,"2021-SE12","Fora da RIDE","SRAG não especificada",2,0,1,0
2021,12,"2021-SE12","Fora da RIDE","SRAG por COVID-19",19,9,12,18
2021,12,"2021-SE12","RIDE – Goiás","SRAG não especificada",59,15,7,0
2021,12,"2021-SE12","RIDE – Goiás","SRAG por COVID-19",282,125,89,148
2021,12,"2021-SE12","RIDE – Goiás","SRAG por outro vírus respiratório",10,0,4,10
2021,12,"2021-SE12","RIDE – Minas Gerais","SRAG não especificada",14,0,0,0
2021,12,"2021-SE12","RIDE – Minas Gerais","SRAG por COVID-19",59,15,11,41
2021,13,"2021-SE13","Distrito Federal","Não classificada",2,0,1,0
2021,13,"2021-SE13","Distrito Federal","SRAG não especificada",111,12,23,0
2021,13,"2021-SE13","Distrito Federal","SRAG por COVID-19",1154,363,447,1020
2021,13,"2021-SE13","Distrito Federal","SRAG por outro vírus respiratório",36,0,5,36
2021,13,"2021-SE13","Fora da RIDE","SRAG não especificada",4,0,1,0
2021,13,"2021-SE13","Fora da RIDE","SRAG por COVID-19",21,12,13,14
2021,13,"2021-SE13","Fora da RIDE","SRAG por outro vírus respiratório",1,0,0,1
2021,13,"2021-SE13","RIDE – Goiás","SRAG não especificada",59,10,8,0
2021,13,"2021-SE13","RIDE – Goiás","SRAG por COVID-19",279,124,106,149
2021,13,"2021-SE13","RIDE – Goiás","SRAG por outro vírus respiratório",12,0,4,12
2021,13,"2021-SE13","RIDE – Minas Gerais","Não classificada",2,0,0,0
2021,13,"2021-SE13","RIDE – Minas Gerais","SRAG não especificada",11,0,0,0
2021,13,"2021-SE13","RIDE – Minas Gerais","SRAG por COVID-19",43,10,6,28
2021,13,"2021-SE13","Residência ignorada","SRAG não especificada",1,0,0,0
2021,14,"2021-SE14","Distrito Federal","Não classificada",1,0,0,0
2021,14,"2021-SE14","Distrito Federal","SRAG não especificada",119,17,17,0
2021,14,"2021-SE14","Distrito Federal","SRAG por COVID-19",1017,284,374,871
2021,14,"2021-SE14","Distrito Federal","SRAG por outro vírus respiratório",28,1,10,28
2021,14,"2021-SE14","Fora da RIDE","SRAG não especificada",2,0,1,0
2021,14,"2021-SE14","Fora da RIDE","SRAG por COVID-19",29,10,20,21
2021,14,"2021-SE14","RIDE – Goiás","SRAG não especificada",46,8,6,0
2021,14,"2021-SE14","RIDE – Goiás","SRAG por COVID-19",227,108,116,117
2021,14,"2021-SE14","RIDE – Goiás","SRAG por outro vírus respiratório",9,0,4,9
2021,14,"2021-SE14","RIDE – Minas Gerais","SRAG não especificada",8,0,0,0
2021,14,"2021-SE14","RIDE – Minas Gerais","SRAG por COVID-19",53,22,13,41
2021,14,"2021-SE14","RIDE – Minas Gerais","SRAG por outro vírus respiratório",1,0,1,1
2021,15,"2021-SE15","Distrito Federal","SRAG não especificada",123,16,16,0
2021,15,"2021-SE15","Distrito Federal","SRAG por COVID-19",803,215,275,706
2021,15,"2021-SE15","Distrito Federal","SRAG por outro agente etiológico",1,1,0,0
2021,15,"2021-SE15","Distrito Federal","SRAG por outro vírus respiratório",19,0,7,19
2021,15,"2021-SE15","Fora da RIDE","SRAG não especificada",2,0,0,0
2021,15,"2021-SE15","Fora da RIDE","SRAG por COVID-19",15,7,13,12
2021,15,"2021-SE15","RIDE – Goiás","SRAG não especificada",72,11,14,0
2021,15,"2021-SE15","RIDE – Goiás","SRAG por COVID-19",234,76,85,130
2021,15,"2021-SE15","RIDE – Goiás","SRAG por outro vírus respiratório",13,0,5,13
2021,15,"2021-SE15","RIDE – Minas Gerais","SRAG não especificada",5,0,0,0
2021,15,"2021-SE15","RIDE – Minas Gerais","SRAG por COVID-19",29,7,4,17
2021,15,"2021-SE15","Residência ignorada","SRAG por COVID-19",1,0,0,1
2021,16,"2021-SE16","Distrito Federal","Não classificada",1,0,1,1
2021,16,"2021-SE16","Distrito Federal","SRAG não especificada",104,8,21,0
2021,16,"2021-SE16","Distrito Federal","SRAG por COVID-19",672,154,237,578
2021,16,"2021-SE16","Distrito Federal","SRAG por outro vírus respiratório",36,0,8,36
2021,16,"2021-SE16","Fora da RIDE","SRAG não especificada",2,0,1,0
2021,16,"2021-SE16","Fora da RIDE","SRAG por COVID-19",21,5,11,14
2021,16,"2021-SE16","Fora da RIDE","SRAG por outro vírus respiratório",1,0,1,1
2021,16,"2021-SE16","RIDE – Goiás","SRAG não especificada",54,9,6,0
2021,16,"2021-SE16","RIDE – Goiás","SRAG por COVID-19",180,65,70,102
2021,16,"2021-SE16","RIDE – Goiás","SRAG por outro vírus respiratório",7,0,3,7
2021,16,"2021-SE16","RIDE – Minas Gerais","SRAG não especificada",7,0,0,0
2021,16,"2021-SE16","RIDE – Minas Gerais","SRAG por COVID-19",23,5,5,14
2021,17,"2021-SE17","Distrito Federal","SRAG não especificada",118,20,18,0
2021,17,"2021-SE17","Distrito Federal","SRAG por COVID-19",589,142,219,529
2021,17,"2021-SE17","Distrito Federal","SRAG por outro vírus respiratório",19,1,4,19
2021,17,"2021-SE17","Fora da RIDE","SRAG não especificada",1,0,0,0
2021,17,"2021-SE17","Fora da RIDE","SRAG por COVID-19",19,7,10,15
2021,17,"2021-SE17","Fora da RIDE","SRAG por outro vírus respiratório",1,0,0,1
2021,17,"2021-SE17","RIDE – Goiás","SRAG não especificada",44,6,5,0
2021,17,"2021-SE17","RIDE – Goiás","SRAG por COVID-19",211,81,100,102
2021,17,"2021-SE17","RIDE – Goiás","SRAG por outro vírus respiratório",4,0,0,4
2021,17,"2021-SE17","RIDE – Minas Gerais","SRAG não especificada",15,0,1,0
2021,17,"2021-SE17","RIDE – Minas Gerais","SRAG por COVID-19",34,5,5,17
2021,18,"2021-SE18","Distrito Federal","Não classificada",1,0,0,0
2021,18,"2021-SE18","Distrito Federal","SRAG não especificada",105,7,22,0
2021,18,"2021-SE18","Distrito Federal","SRAG por COVID-19",596,132,243,519
2021,18,"2021-SE18","Distrito Federal","SRAG por outro vírus respiratório",27,2,9,27
2021,18,"2021-SE18","Fora da RIDE","SRAG não especificada",3,0,0,0
2021,18,"2021-SE18","Fora da RIDE","SRAG por COVID-19",22,9,16,15
2021,18,"2021-SE18","RIDE – Goiás","SRAG não especificada",45,11,10,0
2021,18,"2021-SE18","RIDE – Goiás","SRAG por COVID-19",169,52,62,93
2021,18,"2021-SE18","RIDE – Goiás","SRAG por outro agente etiológico",2,1,0,0
2021,18,"2021-SE18","RIDE – Goiás","SRAG por outro vírus respiratório",7,0,4,7
2021,18,"2021-SE18","RIDE – Minas Gerais","SRAG não especificada",13,0,0,0
2021,18,"2021-SE18","RIDE – Minas Gerais","SRAG por COVID-19",11,2,1,3
2021,19,"2021-SE19","Distrito Federal","SRAG não especificada",129,10,20,0
2021,19,"2021-SE19","Distrito Federal","SRAG por COVID-19",596,144,234,513
2021,19,"2021-SE19","Distrito Federal","SRAG por outro agente etiológico",2,1,0,0
2021,19,"2021-SE19","Distrito Federal","SRAG por outro vírus respiratório",27,0,3,27
2021,19,"2021-SE19","Fora da RIDE","SRAG não especificada",5,0,1,0
2021,19,"2021-SE19","Fora da RIDE","SRAG por COVID-19",42,12,19,27
2021,19,"2021-SE19","RIDE – Goiás","SRAG não especificada",46,5,8,0
2021,19,"2021-SE19","RIDE – Goiás","SRAG por COVID-19",208,60,80,113
2021,19,"2021-SE19","RIDE – Goiás","SRAG por outro vírus respiratório",6,0,3,6
2021,19,"2021-SE19","RIDE – Minas Gerais","SRAG não especificada",10,0,0,0
2021,19,"2021-SE19","RIDE – Minas Gerais","SRAG por COVID-19",26,4,2,6
2021,19,"2021-SE19","RIDE – Minas Gerais","SRAG por outro vírus respiratório",1,0,1,1
2021,20,"2021-SE20","Distrito Federal","SRAG não especificada",146,12,15,0
2021,20,"2021-SE20","Distrito Federal","SRAG por COVID-19",617,137,233,529
2021,20,"2021-SE20","Distrito Federal","SRAG por outro vírus respiratório",38,0,6,38
2021,20,"2021-SE20","Fora da RIDE","SRAG não especificada",2,0,0,0
2021,20,"2021-SE20","Fora da RIDE","SRAG por COVID-19",17,3,9,12
2021,20,"2021-SE20","RIDE – Goiás","SRAG não especificada",54,11,9,0
2021,20,"2021-SE20","RIDE – Goiás","SRAG por COVID-19",182,58,80,104
2021,20,"2021-SE20","RIDE – Goiás","SRAG por outro vírus respiratório",12,0,4,12
2021,20,"2021-SE20","RIDE – Minas Gerais","SRAG não especificada",8,0,1,0
2021,20,"2021-SE20","RIDE – Minas Gerais","SRAG por COVID-19",42,9,5,14
2021,21,"2021-SE21","Distrito Federal","SRAG não especificada",126,14,18,0
2021,21,"2021-SE21","Distrito Federal","SRAG por COVID-19",601,103,211,509
2021,21,"2021-SE21","Distrito Federal","SRAG por outro vírus respiratório",14,0,7,14
2021,21,"2021-SE21","Fora da RIDE","SRAG não especificada",3,1,0,0
2021,21,"2021-SE21","Fora da RIDE","SRAG por COVID-19",30,5,14,18
2021,21,"2021-SE21","Fora da RIDE","SRAG por outro vírus respiratório",1,0,0,1
2021,21,"2021-SE21","RIDE – Goiás","SRAG não especificada",52,14,9,0
2021,21,"2021-SE21","RIDE – Goiás","SRAG por COVID-19",186,54,78,109
2021,21,"2021-SE21","RIDE – Goiás","SRAG por outro vírus respiratório",11,0,1,11
2021,21,"2021-SE21","RIDE – Minas Gerais","SRAG não especificada",7,0,0,0
2021,21,"2021-SE21","RIDE – Minas Gerais","SRAG por COVID-19",29,4,5,17
2021,22,"2021-SE22","Distrito Federal","Não classificada",1,0,0,0
2021,22,"2021-SE22","Distrito Federal","SRAG não especificada",134,17,18,0
2021,22,"2021-SE22","Distrito Federal","SRAG por COVID-19",588,123,225,522
2021,22,"2021-SE22","Distrito Federal","SRAG por outro agente etiológico",1,0,0,0
2021,22,"2021-SE22","Distrito Federal","SRAG por outro vírus respiratório",17,0,3,17
2021,22,"2021-SE22","Fora da RIDE","SRAG não especificada",3,1,1,0
2021,22,"2021-SE22","Fora da RIDE","SRAG por COVID-19",20,6,11,14
2021,22,"2021-SE22","Fora da RIDE","SRAG por outro vírus respiratório",1,0,0,1
2021,22,"2021-SE22","RIDE – Goiás","SRAG não especificada",46,6,4,0
2021,22,"2021-SE22","RIDE – Goiás","SRAG por COVID-19",150,49,63,92
2021,22,"2021-SE22","RIDE – Goiás","SRAG por outro agente etiológico",1,1,0,0
2021,22,"2021-SE22","RIDE – Goiás","SRAG por outro vírus respiratório",8,0,1,8
2021,22,"2021-SE22","RIDE – Minas Gerais","SRAG não especificada",8,0,2,0
2021,22,"2021-SE22","RIDE – Minas Gerais","SRAG por COVID-19",43,15,10,28
2021,23,"2021-SE23","Distrito Federal","SRAG não especificada",133,11,22,0
2021,23,"2021-SE23","Distrito Federal","SRAG por COVID-19",534,86,187,469
2021,23,"2021-SE23","Distrito Federal","SRAG por outro vírus respiratório",18,2,5,18
2021,23,"2021-SE23","Fora da RIDE","SRAG não especificada",6,1,1,0
2021,23,"2021-SE23","Fora da RIDE","SRAG por COVID-19",21,6,10,11
2021,23,"2021-SE23","RIDE – Goiás","SRAG não especificada",42,7,8,0
2021,23,"2021-SE23","RIDE – Goiás","SRAG por COVID-19",155,46,52,90
2021,23,"2021-SE23","RIDE – Goiás","SRAG por outro vírus respiratório",6,0,1,6
2021,23,"2021-SE23","RIDE – Minas Gerais","Não classificada",1,0,0,0
2021,23,"2021-SE23","RIDE – Minas Gerais","SRAG não especificada",3,2,0,0
2021,23,"2021-SE23","RIDE – Minas Gerais","SRAG por COVID-19",24,6,6,11
2021,24,"2021-SE24","Distrito Federal","Não classificada",1,0,0,0
2021,24,"2021-SE24","Distrito Federal","SRAG não especificada",97,5,13,0
2021,24,"2021-SE24","Distrito Federal","SRAG por COVID-19",427,73,177,364
2021,24,"2021-SE24","Distrito Federal","SRAG por outro vírus respiratório",16,0,0,16
2021,24,"2021-SE24","Fora da RIDE","SRAG não especificada",2,0,0,0
2021,24,"2021-SE24","Fora da RIDE","SRAG por COVID-19",16,2,5,9
2021,24,"2021-SE24","RIDE – Goiás","SRAG não especificada",39,11,3,0
2021,24,"2021-SE24","RIDE – Goiás","SRAG por COVID-19",116,31,50,75
2021,24,"2021-SE24","RIDE – Goiás","SRAG por outro vírus respiratório",5,0,3,5
2021,24,"2021-SE24","RIDE – Minas Gerais","Não classificada",1,0,0,0
2021,24,"2021-SE24","RIDE – Minas Gerais","SRAG não especificada",4,0,0,0
2021,24,"2021-SE24","RIDE – Minas Gerais","SRAG por COVID-19",19,3,2,8
2021,25,"2021-SE25","Distrito Federal","Não classificada",1,0,0,1
2021,25,"2021-SE25","Distrito Federal","SRAG não especificada",105,11,26,0
2021,25,"2021-SE25","Distrito Federal","SRAG por COVID-19",367,66,140,322
2021,25,"2021-SE25","Distrito Federal","SRAG por outro vírus respiratório",7,1,1,7
2021,25,"2021-SE25","Fora da RIDE","SRAG não especificada",2,0,1,0
2021,25,"2021-SE25","Fora da RIDE","SRAG por COVID-19",14,1,3,8
2021,25,"2021-SE25","RIDE – Goiás","SRAG não especificada",49,12,10,0
2021,25,"2021-SE25","RIDE – Goiás","SRAG por COVID-19",144,38,59,80
2021,25,"2021-SE25","RIDE – Goiás","SRAG por outro vírus respiratório",2,0,1,2
2021,25,"2021-SE25","RIDE – Minas Gerais","SRAG não especificada",10,0,1,0
2021,25,"2021-SE25","RIDE – Minas Gerais","SRAG por COVID-19",19,2,0,12
2021,26,"2021-SE26","Distrito Federal","SRAG não especificada",118,9,24,0
2021,26,"2021-SE26","Distrito Federal","SRAG por COVID-19",404,66,144,361
2021,26,"2021-SE26","Distrito Federal","SRAG por outro vírus respiratório",23,0,6,23
2021,26,"2021-SE26","Fora da RIDE","SRAG não especificada",2,1,1,0
2021,26,"2021-SE26","Fora da RIDE","SRAG por COVID-19",12,4,9,6
2021,26,"2021-SE26","RIDE – Goiás","SRAG não especificada",41,4,8,0
2021,26,"2021-SE26","RIDE – Goiás","SRAG por COVID-19",133,28,58,78
2021,26,"2021-SE26","RIDE – Minas Gerais","SRAG não especificada",6,2,1,0
2021,26,"2021-SE26","RIDE – Minas Gerais","SRAG por COVID-19",23,6,3,13
2021,27,"2021-SE27","Distrito Federal","SRAG não especificada",117,6,17,0
2021,27,"2021-SE27","Distrito Federal","SRAG por COVID-19",424,80,179,359
2021,27,"2021-SE27","Distrito Federal","SRAG por outro vírus respiratório",24,0,2,24
2021,27,"2021-SE27","Fora da RIDE","SRAG não especificada",3,0,0,0
2021,27,"2021-SE27","Fora da RIDE","SRAG por COVID-19",17,7,6,9
2021,27,"2021-SE27","Fora da RIDE","SRAG por outro vírus respiratório",1,0,0,1
2021,27,"2021-SE27","RIDE – Goiás","SRAG não especificada",41,6,5,0
2021,27,"2021-SE27","RIDE – Goiás","SRAG por COVID-19",153,30,56,84
2021,27,"2021-SE27","RIDE – Goiás","SRAG por outro vírus respiratório",3,0,1,3
2021,27,"2021-SE27","RIDE – Minas Gerais","SRAG não especificada",3,0,0,0
2021,27,"2021-SE27","RIDE – Minas Gerais","SRAG por COVID-19",22,5,4,8
2021,28,"2021-SE28","Distrito Federal","Não classificada",1,0,0,0
2021,28,"2021-SE28","Distrito Federal","SRAG não especificada",109,7,17,0
2021,28,"2021-SE28","Distrito Federal","SRAG por COVID-19",374,68,156,327
2021,28,"2021-SE28","Distrito Federal","SRAG por outro vírus respiratório",10,0,1,10
2021,28,"2021-SE28","Fora da RIDE","SRAG não especificada",3,0,2,0
2021,28,"2021-SE28","Fora da RIDE","SRAG por COVID-19",25,5,11,15
2021,28,"2021-SE28","Fora da RIDE","SRAG por outro vírus respiratório",1,0,0,1
2021,28,"2021-SE28","RIDE – Goiás","SRAG não especificada",39,6,10,0
2021,28,"2021-SE28","RIDE – Goiás","SRAG por COVID-19",133,29,51,76
2021,28,"2021-SE28","RIDE – Goiás","SRAG por outro vírus respiratório",4,0,2,4
2021,28,"2021-SE28","RIDE – Minas Gerais","SRAG não especificada",6,0,0,1
2021,28,"2021-SE28","RIDE – Minas Gerais","SRAG por COVID-19",7,0,1,3
2021,29,"2021-SE29","Distrito Federal","SRAG não especificada",94,7,15,0
2021,29,"2021-SE29","Distrito Federal","SRAG por COVID-19",380,85,163,339
2021,29,"2021-SE29","Distrito Federal","SRAG por outro agente etiológico",2,1,1,0
2021,29,"2021-SE29","Distrito Federal","SRAG por outro vírus respiratório",14,0,0,14
2021,29,"2021-SE29","Fora da RIDE","SRAG não especificada",1,0,0,0
2021,29,"2021-SE29","Fora da RIDE","SRAG por COVID-19",16,1,4,12
2021,29,"2021-SE29","RIDE – Goiás","SRAG não especificada",33,11,4,0
2021,29,"2021-SE29","RIDE – Goiás","SRAG por COVID-19",139,36,49,84
2021,29,"2021-SE29","RIDE – Goiás","SRAG por outro vírus respiratório",4,0,1,4
2021,29,"2021-SE29","RIDE – Minas Gerais","SRAG não especificada",5,0,0,0
2021,29,"2021-SE29","RIDE – Minas Gerais","SRAG por COVID-19",14,3,2,6
2021,30,"2021-SE30","Distrito Federal","SRAG não especificada",94,14,22,0
2021,30,"2021-SE30","Distrito Federal","SRAG por COVID-19",309,57,121,272
2021,30,"2021-SE30","Distrito Federal","SRAG por outro agente etiológico",2,1,0,0
2021,30,"2021-SE30","Distrito Federal","SRAG por outro vírus respiratório",7,0,2,7
2021,30,"2021-SE30","Fora da RIDE","SRAG não especificada",2,0,0,0
2021,30,"2021-SE30","Fora da RIDE","SRAG por COVID-19",18,4,8,10
2021,30,"2021-SE30","RIDE – Goiás","SRAG não especificada",39,13,9,0
2021,30,"2021-SE30","RIDE – Goiás","SRAG por COVID-19",105,21,37,64
2021,30,"2021-SE30","RIDE – Goiás","SRAG por outro vírus respiratório",3,0,0,3
2021,30,"2021-SE30","RIDE – Minas Gerais","Não classificada",1,0,0,0
2021,30,"2021-SE30","RIDE – Minas Gerais","SRAG não especificada",2,1,0,0
2021,30,"2021-SE30","RIDE – Minas Gerais","SRAG por COVID-19",16,5,2,12
2021,31,"2021-SE31","Distrito Federal","SRAG não especificada",100,6,21,0
2021,31,"2021-SE31","Distrito Federal","SRAG por COVID-19",368,68,150,313
2021,31,"2021-SE31","Distrito Federal","SRAG por outro vírus respiratório",7,0,5,7
2021,31,"2021-SE31","Fora da RIDE","SRAG não especificada",2,0,0,0
2021,31,"2021-SE31","Fora da RIDE","SRAG por COVID-19",16,3,7,13
2021,31,"2021-SE31","RIDE – Goiás","SRAG não especificada",41,13,4,0
2021,31,"2021-SE31","RIDE – Goiás","SRAG por COVID-19",113,29,39,51
2021,31,"2021-SE31","RIDE – Goiás","SRAG por outro vírus respiratório",1,0,0,1
2021,31,"2021-SE31","RIDE – Minas Gerais","SRAG não especificada",3,0,0,0
2021,31,"2021-SE31","RIDE – Minas Gerais","SRAG por COVID-19",22,5,2,17
2021,32,"2021-SE32","Distrito Federal","SRAG não especificada",128,15,20,0
2021,32,"2021-SE32","Distrito Federal","SRAG por COVID-19",348,77,127,305
2021,32,"2021-SE32","Distrito Federal","SRAG por outro vírus respiratório",7,0,1,7
2021,32,"2021-SE32","Fora da RIDE","SRAG não especificada",2,0,1,0
2021,32,"2021-SE32","Fora da RIDE","SRAG por COVID-19",11,6,6,10
2021,32,"2021-SE32","RIDE – Goiás","SRAG não especificada",37,4,6,0
2021,32,"2021-SE32","RIDE – Goiás","SRAG por COVID-19",113,24,39,55
2021,32,"2021-SE32","RIDE – Goiás","SRAG por outro agente etiológico",1,0,0,0
2021,32,"2021-SE32","RIDE – Minas Gerais","SRAG não especificada",5,0,0,0
2021,32,"2021-SE32","RIDE – Minas Gerais","SRAG por COVID-19",11,0,1,4
2021,33,"2021-SE33","Distrito Federal","SRAG não especificada",99,15,18,0
2021,33,"2021-SE33","Distrito Federal","SRAG por COVID-19",334,77,132,292
2021,33,"2021-SE33","Distrito Federal","SRAG por outro agente etiológico",1,0,0,0
2021,33,"2021-SE33","Distrito Federal","SRAG por outro vírus respiratório",3,0,1,3
2021,33,"2021-SE33","Fora da RIDE","SRAG não especificada",2,0,0,0
2021,33,"2021-SE33","Fora da RIDE","SRAG por COVID-19",11,5,3,6
2021,33,"2021-SE33","RIDE – Goiás","SRAG não especificada",37,10,9,0
2021,33,"2021-SE33","RIDE – Goiás","SRAG por COVID-19",106,26,46,48
2021,33,"2021-SE33","RIDE – Goiás","SRAG por outro vírus respiratório",2,0,0,2
2021,33,"2021-SE33","RIDE – Minas Gerais","SRAG não especificada",3,0,1,0
2021,33,"2021-SE33","RIDE – Minas Gerais","SRAG por COVID-19",17,3,2,13
2021,34,"2021-SE34","Distrito Federal","SRAG não especificada",96,7,15,0
2021,34,"2021-SE34","Distrito Federal","SRAG por COVID-19",305,73,120,270
2021,34,"2021-SE34","Distrito Federal","SRAG por outro vírus respiratório",8,0,3,8
2021,34,"2021-SE34","Fora da RIDE","SRAG não especificada",1,0,0,0
2021,34,"2021-SE34","Fora da RIDE","SRAG por COVID-19",5,2,3,4
2021,34,"2021-SE34","RIDE – Goiás","SRAG não especificada",34,6,8,0
2021,34,"2021-SE34","RIDE – Goiás","SRAG por COVID-19",101,37,55,48
2021,34,"2021-SE34","RIDE – Goiás","SRAG por outro agente etiológico",1,1,1,0
2021,34,"2021-SE34","RIDE – Minas Gerais","SRAG não especificada",3,1,0,0
2021,34,"2021-SE34","RIDE – Minas Gerais","SRAG por COVID-19",16,3,1,12
2021,35,"2021-SE35","Distrito Federal","SRAG não especificada",102,11,14,0
2021,35,"2021-SE35","Distrito Federal","SRAG por COVID-19",354,90,154,310
2021,35,"2021-SE35","Distrito Federal","SRAG por outro vírus respiratório",11,0,5,11
2021,35,"2021-SE35","Fora da RIDE","SRAG não especificada",3,0,0,0
2021,35,"2021-SE35","Fora da RIDE","SRAG por COVID-19",18,5,7,13
2021,35,"2021-SE35","RIDE – Goiás","SRAG não especificada",23,4,7,0
2021,35,"2021-SE35","RIDE – Goiás","SRAG por COVID-19",106,38,61,54
2021,35,"2021-SE35","RIDE – Minas Gerais","SRAG por COVID-19",10,2,1,5
2021,36,"2021-SE36","Distrito Federal","SRAG não especificada",112,14,19,0
2021,36,"2021-SE36","Distrito Federal","SRAG por COVID-19",366,91,139,317
2021,36,"2021-SE36","Distrito Federal","SRAG por influenza",1,0,0,1
2021,36,"2021-SE36","Distrito Federal","SRAG por outro vírus respiratório",5,0,1,5
2021,36,"2021-SE36","Fora da RIDE","Não classificada",1,0,0,0
2021,36,"2021-SE36","Fora da RIDE","SRAG não especificada",3,0,0,0
2021,36,"2021-SE36","Fora da RIDE","SRAG por COVID-19",10,3,4,7
2021,36,"2021-SE36","RIDE – Goiás","SRAG não especificada",31,12,7,0
2021,36,"2021-SE36","RIDE – Goiás","SRAG por COVID-19",118,35,57,57
2021,36,"2021-SE36","RIDE – Goiás","SRAG por outro agente etiológico",1,0,1,0
2021,36,"2021-SE36","RIDE – Goiás","SRAG por outro vírus respiratório",2,0,1,2
2021,36,"2021-SE36","RIDE – Minas Gerais","Não classificada",2,0,0,1
2021,36,"2021-SE36","RIDE – Minas Gerais","SRAG não especificada",6,0,1,0
2021,36,"2021-SE36","RIDE – Minas Gerais","SRAG por COVID-19",16,3,1,15
2021,37,"2021-SE37","Distrito Federal","SRAG não especificada",104,13,18,0
2021,37,"2021-SE37","Distrito Federal","SRAG por COVID-19",410,100,180,367
2021,37,"2021-SE37","Distrito Federal","SRAG por outro agente etiológico",1,0,0,0
2021,37,"2021-SE37","Distrito Federal","SRAG por outro vírus respiratório",11,0,3,11
2021,37,"2021-SE37","Fora da RIDE","Não classificada",1,0,0,0
2021,37,"2021-SE37","Fora da RIDE","SRAG não especificada",2,1,1,0
2021,37,"2021-SE37","Fora da RIDE","SRAG por COVID-19",8,4,5,6
2021,37,"2021-SE37","RIDE – Goiás","SRAG não especificada",32,10,3,0
2021,37,"2021-SE37","RIDE – Goiás","SRAG por COVID-19",94,28,40,44
2021,37,"2021-SE37","RIDE – Goiás","SRAG por outro vírus respiratório",1,0,0,1
2021,37,"2021-SE37","RIDE – Minas Gerais","Não classificada",2,0,0,2
2021,37,"2021-SE37","RIDE – Minas Gerais","SRAG não especificada",1,0,0,0
2021,37,"2021-SE37","RIDE – Minas Gerais","SRAG por COVID-19",30,6,5,26
2021,38,"2021-SE38","Distrito Federal","SRAG não especificada",125,9,23,0
2021,38,"2021-SE38","Distrito Federal","SRAG por COVID-19",459,106,176,419
2021,38,"2021-SE38","Distrito Federal","SRAG por outro agente etiológico",2,0,0,1
2021,38,"2021-SE38","Distrito Federal","SRAG por outro vírus respiratório",16,0,2,16
2021,38,"2021-SE38","Fora da RIDE","SRAG não especificada",2,1,0,0
2021,38,"2021-SE38","Fora da RIDE","SRAG por COVID-19",7,5,4,3
2021,38,"2021-SE38","RIDE – Goiás","SRAG não especificada",37,2,7,0
2021,38,"2021-SE38","RIDE – Goiás","SRAG por COVID-19",148,49,63,60
2021,38,"2021-SE38","RIDE – Goiás","SRAG por outro vírus respiratório",8,0,6,8
2021,38,"2021-SE38","RIDE – Minas Gerais","Não classificada",2,0,0,1
2021,38,"2021-SE38","RIDE – Minas Gerais","SRAG não especificada",3,1,0,0
2021,38,"2021-SE38","RIDE – Minas Gerais","SRAG por COVID-19",16,1,0,13
2021,38,"2021-SE38","RIDE – Minas Gerais","SRAG por outro vírus respiratório",1,0,0,1
2021,39,"2021-SE39","Distrito Federal","SRAG não especificada",106,10,24,0
2021,39,"2021-SE39","Distrito Federal","SRAG por COVID-19",342,85,143,304
2021,39,"2021-SE39","Distrito Federal","SRAG por outro agente etiológico",1,0,1,0
2021,39,"2021-SE39","Distrito Federal","SRAG por outro vírus respiratório",20,0,4,20
2021,39,"2021-SE39","Fora da RIDE","Não classificada",1,0,0,1
2021,39,"2021-SE39","Fora da RIDE","SRAG não especificada",1,1,1,0
2021,39,"2021-SE39","Fora da RIDE","SRAG por COVID-19",12,5,3,9
2021,39,"2021-SE39","Fora da RIDE","SRAG por outro vírus respiratório",1,0,0,1
2021,39,"2021-SE39","RIDE – Goiás","SRAG não especificada",41,2,6,0
2021,39,"2021-SE39","RIDE – Goiás","SRAG por COVID-19",101,29,43,44
2021,39,"2021-SE39","RIDE – Goiás","SRAG por outro vírus respiratório",1,0,1,1
2021,39,"2021-SE39","RIDE – Minas Gerais","Não classificada",5,0,0,0
2021,39,"2021-SE39","RIDE – Minas Gerais","SRAG não especificada",4,1,0,0
2021,39,"2021-SE39","RIDE – Minas Gerais","SRAG por COVID-19",28,9,2,21
2021,40,"2021-SE40","Distrito Federal","SRAG não especificada",83,12,19,0
2021,40,"2021-SE40","Distrito Federal","SRAG por COVID-19",217,64,93,200
2021,40,"2021-SE40","Distrito Federal","SRAG por outro vírus respiratório",18,1,5,18
2021,40,"2021-SE40","Fora da RIDE","SRAG não especificada",2,0,0,0
2021,40,"2021-SE40","Fora da RIDE","SRAG por COVID-19",7,2,3,4
2021,40,"2021-SE40","RIDE – Goiás","SRAG não especificada",41,12,6,0
2021,40,"2021-SE40","RIDE – Goiás","SRAG por COVID-19",81,26,44,46
2021,40,"2021-SE40","RIDE – Goiás","SRAG por outro vírus respiratório",4,0,2,4
2021,40,"2021-SE40","RIDE – Minas Gerais","Não classificada",2,0,0,2
2021,40,"2021-SE40","RIDE – Minas Gerais","SRAG não especificada",2,1,0,0
2021,40,"2021-SE40","RIDE – Minas Gerais","SRAG por COVID-19",14,2,0,11
2021,41,"2021-SE41","Distrito Federal","SRAG não especificada",104,15,26,0
2021,41,"2021-SE41","Distrito Federal","SRAG por COVID-19",152,41,67,131
2021,41,"2021-SE41","Distrito Federal","SRAG por outro vírus respiratório",8,0,4,8
2021,41,"2021-SE41","Fora da RIDE","Não classificada",1,0,0,0
2021,41,"2021-SE41","Fora da RIDE","SRAG não especificada",1,0,0,0
2021,41,"2021-SE41","Fora da RIDE","SRAG por COVID-19",5,1,3,3
2021,41,"2021-SE41","RIDE – Goiás","SRAG não especificada",17,1,2,0
2021,41,"2021-SE41","RIDE – Goiás","SRAG por COVID-19",49,14,20,25
2021,41,"2021-SE41","RIDE – Goiás","SRAG por outro agente etiológico",1,0,1,0
2021,41,"2021-SE41","RIDE – Goiás","SRAG por outro vírus respiratório",1,0,0,1
2021,41,"2021-SE41","RIDE – Minas Gerais","Não classificada",1,0,0,0
2021,41,"2021-SE41","RIDE – Minas Gerais","SRAG não especificada",6,0,0,0
2021,41,"2021-SE41","RIDE – Minas Gerais","SRAG por COVID-19",12,6,0,7
2021,42,"2021-SE42","Distrito Federal","SRAG não especificada",103,7,12,1
2021,42,"2021-SE42","Distrito Federal","SRAG por COVID-19",88,30,41,79
2021,42,"2021-SE42","Distrito Federal","SRAG por outro vírus respiratório",15,0,2,15
2021,42,"2021-SE42","Fora da RIDE","SRAG não especificada",1,0,0,0
2021,42,"2021-SE42","Fora da RIDE","SRAG por COVID-19",7,3,4,5
2021,42,"2021-SE42","Fora da RIDE","SRAG por outro vírus respiratório",1,0,0,1
2021,42,"2021-SE42","RIDE – Goiás","SRAG não especificada",23,7,7,0
2021,42,"2021-SE42","RIDE – Goiás","SRAG por COVID-19",29,11,12,14
2021,42,"2021-SE42","RIDE – Goiás","SRAG por influenza",1,0,0,1
2021,42,"2021-SE42","RIDE – Goiás","SRAG por outro vírus respiratório",3,0,0,3
2021,42,"2021-SE42","RIDE – Minas Gerais","SRAG não especificada",1,0,0,0
2021,42,"2021-SE42","RIDE – Minas Gerais","SRAG por COVID-19",4,2,0,3
2021,42,"2021-SE42","RIDE – Minas Gerais","SRAG por outro vírus respiratório",1,0,0,1
2021,43,"2021-SE43","Distrito Federal","SRAG não especificada",111,9,21,0
2021,43,"2021-SE43","Distrito Federal","SRAG por COVID-19",66,16,31,58
2021,43,"2021-SE43","Distrito Federal","SRAG por outro agente etiológico",1,0,0,0
2021,43,"2021-SE43","Distrito Federal","SRAG por outro vírus respiratório",16,0,6,16
2021,43,"2021-SE43","Fora da RIDE","SRAG não especificada",1,0,0,0
2021,43,"2021-SE43","Fora da RIDE","SRAG por COVID-19",5,4,4,3
2021,43,"2021-SE43","RIDE – Goiás","SRAG não especificada",15,1,3,0
2021,43,"2021-SE43","RIDE – Goiás","SRAG por COVID-19",33,11,18,18
2021,43,"2021-SE43","RIDE – Goiás","SRAG por outro vírus respiratório",2,0,2,2
2021,43,"2021-SE43","RIDE – Minas Gerais","SRAG não especificada",2,1,0,0
2021,43,"2021-SE43","RIDE – Minas Gerais","SRAG por COVID-19",2,1,1,1
2021,44,"2021-SE44","Distrito Federal","SRAG não especificada",98,5,11,0
2021,44,"2021-SE44","Distrito Federal","SRAG por COVID-19",57,19,30,50
2021,44,"2021-SE44","Distrito Federal","SRAG por outro agente etiológico",1,0,0,0
2021,44,"2021-SE44","Distrito Federal","SRAG por outro vírus respiratório",25,1,8,25
2021,44,"2021-SE44","Fora da RIDE","SRAG não especificada",1,0,0,0
2021,44,"2021-SE44","Fora da RIDE","SRAG por COVID-19",3,0,1,3
2021,44,"2021-SE44","RIDE – Goiás","SRAG não especificada",28,3,6,0
2021,44,"2021-SE44","RIDE – Goiás","SRAG por COVID-19",24,8,13,11
2021,44,"2021-SE44","RIDE – Goiás","SRAG por outro vírus respiratório",3,0,2,3
2021,44,"2021-SE44","RIDE – Minas Gerais","SRAG não especificada",1,0,0,0
2021,44,"2021-SE44","RIDE – Minas Gerais","SRAG por COVID-19",3,0,0,2
2021,45,"2021-SE45","Distrito Federal","SRAG não especificada",101,6,4,0
2021,45,"2021-SE45","Distrito Federal","SRAG por COVID-19",41,9,12,35
2021,45,"2021-SE45","Distrito Federal","SRAG por outro agente etiológico",1,0,0,0
2021,45,"2021-SE45","Distrito Federal","SRAG por outro vírus respiratório",29,0,2,29
2021,45,"2021-SE45","Fora da RIDE","SRAG não especificada",1,0,0,0
2021,45,"2021-SE45","Fora da RIDE","SRAG por COVID-19",5,2,2,4
2021,45,"2021-SE45","RIDE – Goiás","SRAG não especificada",17,3,3,0
2021,45,"2021-SE45","RIDE – Goiás","SRAG por COVID-19",22,9,11,13
2021,45,"2021-SE45","RIDE – Goiás","SRAG por influenza",1,0,0,1
2021,45,"2021-SE45","RIDE – Goiás","SRAG por outro vírus respiratório",3,0,1,3
2021,45,"2021-SE45","RIDE – Minas Gerais","SRAG não especificada",2,0,0,0
2021,45,"2021-SE45","RIDE – Minas Gerais","SRAG por COVID-19",1,0,0,0
2021,46,"2021-SE46","Distrito Federal","SRAG não especificada",113,13,24,0
2021,46,"2021-SE46","Distrito Federal","SRAG por COVID-19",33,5,10,28
2021,46,"2021-SE46","Distrito Federal","SRAG por outro vírus respiratório",30,0,5,30
2021,46,"2021-SE46","Fora da RIDE","SRAG não especificada",1,0,1,0
2021,46,"2021-SE46","Fora da RIDE","SRAG por outro vírus respiratório",1,0,0,1
2021,46,"2021-SE46","RIDE – Goiás","SRAG não especificada",17,3,3,0
2021,46,"2021-SE46","RIDE – Goiás","SRAG por COVID-19",26,6,12,6
2021,46,"2021-SE46","RIDE – Goiás","SRAG por influenza",1,0,0,1
2021,46,"2021-SE46","RIDE – Goiás","SRAG por outro vírus respiratório",5,0,2,5
2021,46,"2021-SE46","RIDE – Minas Gerais","SRAG não especificada",2,0,0,0
2021,46,"2021-SE46","RIDE – Minas Gerais","SRAG por COVID-19",1,1,0,1
2021,46,"2021-SE46","RIDE – Minas Gerais","SRAG por outro vírus respiratório",1,0,0,1
2021,47,"2021-SE47","Distrito Federal","SRAG não especificada",117,10,16,0
2021,47,"2021-SE47","Distrito Federal","SRAG por COVID-19",28,10,14,23
2021,47,"2021-SE47","Distrito Federal","SRAG por influenza",2,0,2,2
2021,47,"2021-SE47","Distrito Federal","SRAG por outro agente etiológico",1,0,1,0
2021,47,"2021-SE47","Distrito Federal","SRAG por outro vírus respiratório",30,0,7,30
2021,47,"2021-SE47","Fora da RIDE","SRAG não especificada",1,0,0,0
2021,47,"2021-SE47","Fora da RIDE","SRAG por COVID-19",3,0,2,1
2021,47,"2021-SE47","RIDE – Goiás","SRAG não especificada",21,0,1,0
2021,47,"2021-SE47","RIDE – Goiás","SRAG por COVID-19",19,7,12,7
2021,47,"2021-SE47","RIDE – Goiás","SRAG por influenza",1,0,0,1
2021,47,"2021-SE47","RIDE – Goiás","SRAG por outro vírus respiratório",4,0,1,4
2021,48,"2021-SE48","Distrito Federal","SRAG não especificada",136,9,27,0
2021,48,"2021-SE48","Distrito Federal","SRAG por COVID-19",21,10,12,16
2021,48,"2021-SE48","Distrito Federal","SRAG por influenza",3,0,1,3
2021,48,"2021-SE48","Distrito Federal","SRAG por outro vírus respiratório",45,0,5,45
2021,48,"2021-SE48","Fora da RIDE","SRAG por COVID-19",1,0,1,0
2021,48,"2021-SE48","RIDE – Goiás","SRAG não especificada",36,7,7,0
2021,48,"2021-SE48","RIDE – Goiás","SRAG por COVID-19",16,6,8,5
2021,48,"2021-SE48","RIDE – Goiás","SRAG por outro agente etiológico",1,1,1,0
2021,48,"2021-SE48","RIDE – Goiás","SRAG por outro vírus respiratório",12,1,2,12
2021,48,"2021-SE48","RIDE – Minas Gerais","SRAG não especificada",1,0,1,0
2021,48,"2021-SE48","RIDE – Minas Gerais","SRAG por COVID-19",1,0,0,1
2021,49,"2021-SE49","Distrito Federal","SRAG não especificada",131,10,17,0
2021,49,"2021-SE49","Distrito Federal","SRAG por COVID-19",17,4,8,16
2021,49,"2021-SE49","Distrito Federal","SRAG por influenza",10,0,2,10
2021,49,"2021-SE49","Distrito Federal","SRAG por outro vírus respiratório",40,1,7,40
2021,49,"2021-SE49","Fora da RIDE","SRAG não especificada",1,0,0,0
2021,49,"2021-SE49","Fora da RIDE","SRAG por outro vírus respiratório",1,0,0,1
2021,49,"2021-SE49","RIDE – Goiás","SRAG não especificada",14,1,2,0
2021,49,"2021-SE49","RIDE – Goiás","SRAG por COVID-19",14,6,10,4
2021,49,"2021-SE49","RIDE – Goiás","SRAG por influenza",1,0,0,1
2021,49,"2021-SE49","RIDE – Goiás","SRAG por outro vírus respiratório",10,0,2,10
2021,49,"2021-SE49","RIDE – Minas Gerais","SRAG por COVID-19",1,0,0,1
2021,50,"2021-SE50","Distrito Federal","SRAG não especificada",133,11,20,0
2021,50,"2021-SE50","Distrito Federal","SRAG por COVID-19",12,2,6,9
2021,50,"2021-SE50","Distrito Federal","SRAG por influenza",25,2,5,25
2021,50,"2021-SE50","Distrito Federal","SRAG por outro agente etiológico",1,0,0,0
2021,50,"2021-SE50","Distrito Federal","SRAG por outro vírus respiratório",52,0,15,52
2021,50,"2021-SE50","Fora da RIDE","SRAG não especificada",1,0,0,0
2021,50,"2021-SE50","Fora da RIDE","SRAG por COVID-19",3,0,0,2
2021,50,"2021-SE50","Fora da RIDE","SRAG por influenza",1,0,0,1
2021,50,"2021-SE50","Fora da RIDE","SRAG por outro vírus respiratório",1,0,0,1
2021,50,"2021-SE50","RIDE – Goiás","SRAG não especificada",21,1,3,0
2021,50,"2021-SE50","RIDE – Goiás","SRAG por COVID-19",13,4,7,5
2021,50,"2021-SE50","RIDE – Goiás","SRAG por influenza",3,0,0,3
2021,50,"2021-SE50","RIDE – Goiás","SRAG por outro vírus respiratório",14,0,3,14
2021,50,"2021-SE50","RIDE – Minas Gerais","SRAG não especificada",2,0,0,0
2021,50,"2021-SE50","RIDE – Minas Gerais","SRAG por COVID-19",2,0,0,2
2021,51,"2021-SE51","Distrito Federal","SRAG não especificada",155,7,25,0
2021,51,"2021-SE51","Distrito Federal","SRAG por COVID-19",31,5,13,23
2021,51,"2021-SE51","Distrito Federal","SRAG por influenza",68,4,10,68
2021,51,"2021-SE51","Distrito Federal","SRAG por outro agente etiológico",1,0,0,0
2021,51,"2021-SE51","Distrito Federal","SRAG por outro vírus respiratório",51,1,9,51
2021,51,"2021-SE51","Fora da RIDE","SRAG por COVID-19",1,1,1,0
2021,51,"2021-SE51","Fora da RIDE","SRAG por influenza",1,0,0,1
2021,51,"2021-SE51","Fora da RIDE","SRAG por outro vírus respiratório",3,0,1,3
2021,51,"2021-SE51","RIDE – Goiás","SRAG não especificada",34,2,5,0
2021,51,"2021-SE51","RIDE – Goiás","SRAG por COVID-19",14,2,9,7
2021,51,"2021-SE51","RIDE – Goiás","SRAG por influenza",22,0,4,22
2021,51,"2021-SE51","RIDE – Goiás","SRAG por outro vírus respiratório",5,0,0,5
2021,51,"2021-SE51","RIDE – Minas Gerais","SRAG não especificada",2,1,1,0
2021,51,"2021-SE51","RIDE – Minas Gerais","SRAG por COVID-19",1,0,0,1
2021,51,"2021-SE51","RIDE – Minas Gerais","SRAG por influenza",1,0,1,1
2021,52,"2021-SE52","Distrito Federal","SRAG não especificada",203,13,33,0
2021,52,"2021-SE52","Distrito Federal","SRAG por COVID-19",91,13,40,80
2021,52,"2021-SE52","Distrito Federal","SRAG por influenza",141,8,31,141
2021,52,"2021-SE52","Distrito Federal","SRAG por outro agente etiológico",1,1,0,0
2021,52,"2021-SE52","Distrito Federal","SRAG por outro vírus respiratório",53,0,10,53
2021,52,"2021-SE52","Fora da RIDE","SRAG não especificada",6,1,2,0
2021,52,"2021-SE52","Fora da RIDE","SRAG por COVID-19",5,1,4,3
2021,52,"2021-SE52","RIDE – Goiás","SRAG não especificada",28,3,11,0
2021,52,"2021-SE52","RIDE – Goiás","SRAG por COVID-19",21,3,6,4
2021,52,"2021-SE52","RIDE – Goiás","SRAG por influenza",35,3,4,35
2021,52,"2021-SE52","RIDE – Goiás","SRAG por outro vírus respiratório",15,2,7,15
2021,52,"2021-SE52","RIDE – Minas Gerais","SRAG não especificada",4,0,0,0
2021,52,"2021-SE52","RIDE – Minas Gerais","SRAG por COVID-19",3,1,0,2
2022,1,"2022-SE01","Distrito Federal","SRAG não especificada",249,21,43,0
2022,1,"2022-SE01","Distrito Federal","SRAG por COVID-19",175,37,81,162
2022,1,"2022-SE01","Distrito Federal","SRAG por influenza",118,3,35,118
2022,1,"2022-SE01","Distrito Federal","SRAG por outro vírus respiratório",48,0,11,48
2022,1,"2022-SE01","Fora da RIDE","Não classificada",1,0,1,0
2022,1,"2022-SE01","Fora da RIDE","SRAG não especificada",7,2,1,0
2022,1,"2022-SE01","Fora da RIDE","SRAG por COVID-19",24,5,10,7
2022,1,"2022-SE01","Fora da RIDE","SRAG por influenza",3,0,1,3
2022,1,"2022-SE01","RIDE – Goiás","SRAG não especificada",44,7,10,0
2022,1,"2022-SE01","RIDE – Goiás","SRAG por COVID-19",56,19,28,17
2022,1,"2022-SE01","RIDE – Goiás","SRAG por influenza",36,4,11,36
2022,1,"2022-SE01","RIDE – Goiás","SRAG por outro agente etiológico",1,1,1,0
2022,1,"2022-SE01","RIDE – Goiás","SRAG por outro vírus respiratório",11,1,3,11
2022,1,"2022-SE01","RIDE – Minas Gerais","SRAG não especificada",3,0,0,0
2022,1,"2022-SE01","RIDE – Minas Gerais","SRAG por COVID-19",2,1,0,1
2022,2,"2022-SE02","Distrito Federal","Não classificada",1,0,1,0
2022,2,"2022-SE02","Distrito Federal","SRAG não especificada",196,13,29,0
2022,2,"2022-SE02","Distrito Federal","SRAG por COVID-19",299,62,95,273
2022,2,"2022-SE02","Distrito Federal","SRAG por influenza",48,2,10,48
2022,2,"2022-SE02","Distrito Federal","SRAG por outro vírus respiratório",18,0,4,18
2022,2,"2022-SE02","Fora da RIDE","SRAG não especificada",4,2,1,0
2022,2,"2022-SE02","Fora da RIDE","SRAG por COVID-19",38,10,19,7
2022,2,"2022-SE02","Fora da RIDE","SRAG por influenza",2,0,1,2
2022,2,"2022-SE02","Fora da RIDE","SRAG por outro vírus respiratório",2,0,1,2
2022,2,"2022-SE02","RIDE – Goiás","SRAG não especificada",50,6,8,0
2022,2,"2022-SE02","RIDE – Goiás","SRAG por COVID-19",93,24,29,48
2022,2,"2022-SE02","RIDE – Goiás","SRAG por influenza",8,1,1,8
2022,2,"2022-SE02","RIDE – Goiás","SRAG por outro agente etiológico",2,0,1,0
2022,2,"2022-SE02","RIDE – Goiás","SRAG por outro vírus respiratório",16,0,3,16
2022,2,"2022-SE02","RIDE – Minas Gerais","SRAG não especificada",4,0,2,0
2022,2,"2022-SE02","RIDE – Minas Gerais","SRAG por COVID-19",16,1,1,14
2022,3,"2022-SE03","Distrito Federal","SRAG não especificada",113,8,22,0
2022,3,"2022-SE03","Distrito Federal","SRAG por COVID-19",390,60,143,368
2022,3,"2022-SE03","Distrito Federal","SRAG por influenza",16,0,1,16
2022,3,"2022-SE03","Distrito Federal","SRAG por outro agente etiológico",1,1,0,1
2022,3,"2022-SE03","Distrito Federal","SRAG por outro vírus respiratório",22,0,6,22
2022,3,"2022-SE03","Fora da RIDE","SRAG não especificada",1,0,0,0
2022,3,"2022-SE03","Fora da RIDE","SRAG por COVID-19",27,12,16,12
2022,3,"2022-SE03","Fora da RIDE","SRAG por influenza",1,0,0,1
2022,3,"2022-SE03","RIDE – Goiás","SRAG não especificada",26,5,7,0
2022,3,"2022-SE03","RIDE – Goiás","SRAG por COVID-19",103,38,39,61
2022,3,"2022-SE03","RIDE – Goiás","SRAG por influenza",2,0,0,2
2022,3,"2022-SE03","RIDE – Goiás","SRAG por outro vírus respiratório",6,1,3,6
2022,3,"2022-SE03","RIDE – Minas Gerais","SRAG não especificada",3,0,0,0
2022,3,"2022-SE03","RIDE – Minas Gerais","SRAG por COVID-19",9,3,0,8
2022,3,"2022-SE03","RIDE – Minas Gerais","SRAG por influenza",1,0,0,1
2022,4,"2022-SE04","Distrito Federal","SRAG não especificada",105,12,27,0
2022,4,"2022-SE04","Distrito Federal","SRAG por COVID-19",448,95,165,423
2022,4,"2022-SE04","Distrito Federal","SRAG por influenza",5,0,1,5
2022,4,"2022-SE04","Distrito Federal","SRAG por outro vírus respiratório",17,1,4,17
2022,4,"2022-SE04","Fora da RIDE","SRAG não especificada",2,0,1,0
2022,4,"2022-SE04","Fora da RIDE","SRAG por COVID-19",12,4,8,7
2022,4,"2022-SE04","RIDE – Goiás","SRAG não especificada",32,3,5,0
2022,4,"2022-SE04","RIDE – Goiás","SRAG por COVID-19",114,39,53,71
2022,4,"2022-SE04","RIDE – Goiás","SRAG por influenza",3,1,2,3
2022,4,"2022-SE04","RIDE – Goiás","SRAG por outro agente etiológico",1,1,1,0
2022,4,"2022-SE04","RIDE – Goiás","SRAG por outro vírus respiratório",5,0,1,5
2022,4,"2022-SE04","RIDE – Minas Gerais","Não classificada",1,0,0,0
2022,4,"2022-SE04","RIDE – Minas Gerais","SRAG não especificada",4,0,1,0
2022,4,"2022-SE04","RIDE – Minas Gerais","SRAG por COVID-19",20,2,0,20
2022,4,"2022-SE04","RIDE – Minas Gerais","SRAG por outro vírus respiratório",1,0,1,1
2022,5,"2022-SE05","Distrito Federal","SRAG não especificada",76,12,15,0
2022,5,"2022-SE05","Distrito Federal","SRAG por COVID-19",403,85,136,369
2022,5,"2022-SE05","Distrito Federal","SRAG por outro vírus respiratório",21,0,5,21
2022,5,"2022-SE05","Fora da RIDE","SRAG não especificada",3,1,1,0
2022,5,"2022-SE05","Fora da RIDE","SRAG por COVID-19",15,2,9,8
2022,5,"2022-SE05","RIDE – Goiás","SRAG não especificada",26,5,6,0
2022,5,"2022-SE05","RIDE – Goiás","SRAG por COVID-19",118,35,43,69
2022,5,"2022-SE05","RIDE – Goiás","SRAG por outro vírus respiratório",11,0,5,11
2022,5,"2022-SE05","RIDE – Minas Gerais","SRAG por COVID-19",11,3,2,10
2022,6,"2022-SE06","Distrito Federal","SRAG não especificada",88,5,17,0
2022,6,"2022-SE06","Distrito Federal","SRAG por COVID-19",251,51,90,232
2022,6,"2022-SE06","Distrito Federal","SRAG por influenza",1,0,1,1
2022,6,"2022-SE06","Distrito Federal","SRAG por outro vírus respiratório",26,0,8,26
2022,6,"2022-SE06","Fora da RIDE","SRAG não especificada",2,0,1,0
2022,6,"2022-SE06","Fora da RIDE","SRAG por COVID-19",6,3,2,4
2022,6,"2022-SE06","RIDE – Goiás","SRAG não especificada",18,3,5,0
2022,6,"2022-SE06","RIDE – Goiás","SRAG por COVID-19",70,19,39,34
2022,6,"2022-SE06","RIDE – Goiás","SRAG por outro vírus respiratório",3,1,0,3
2022,6,"2022-SE06","RIDE – Minas Gerais","SRAG não especificada",2,0,0,0
2022,6,"2022-SE06","RIDE – Minas Gerais","SRAG por COVID-19",14,3,3,12
2022,7,"2022-SE07","Distrito Federal","SRAG não especificada",117,17,21,0
2022,7,"2022-SE07","Distrito Federal","SRAG por COVID-19",131,31,58,121
2022,7,"2022-SE07","Distrito Federal","SRAG por influenza",1,0,0,1
2022,7,"2022-SE07","Distrito Federal","SRAG por outro vírus respiratório",31,0,9,31
2022,7,"2022-SE07","Fora da RIDE","SRAG não especificada",3,0,0,0
2022,7,"2022-SE07","Fora da RIDE","SRAG por COVID-19",5,1,2,5
2022,7,"2022-SE07","Fora da RIDE","SRAG por outro vírus respiratório",2,0,2,2
2022,7,"2022-SE07","RIDE – Goiás","SRAG não especificada",33,1,10,0
2022,7,"2022-SE07","RIDE – Goiás","SRAG por COVID-19",62,17,28,38
2022,7,"2022-SE07","RIDE – Goiás","SRAG por outro vírus respiratório",8,1,2,8
2022,7,"2022-SE07","RIDE – Minas Gerais","SRAG por COVID-19",8,1,0,7
2022,8,"2022-SE08","Distrito Federal","SRAG não especificada",154,10,14,0
2022,8,"2022-SE08","Distrito Federal","SRAG por COVID-19",96,22,38,92
2022,8,"2022-SE08","Distrito Federal","SRAG por outro vírus respiratório",26,0,8,26
2022,8,"2022-SE08","Fora da RIDE","SRAG não especificada",4,0,0,0
2022,8,"2022-SE08","Fora da RIDE","SRAG por COVID-19",1,1,1,0
2022,8,"2022-SE08","RIDE – Goiás","SRAG não especificada",27,1,4,0
2022,8,"2022-SE08","RIDE – Goiás","SRAG por COVID-19",31,7,11,23
2022,8,"2022-SE08","RIDE – Goiás","SRAG por outro vírus respiratório",6,0,1,6
2022,8,"2022-SE08","RIDE – Minas Gerais","SRAG por COVID-19",7,2,2,7
2022,9,"2022-SE09","Distrito Federal","SRAG não especificada",186,7,21,0
2022,9,"2022-SE09","Distrito Federal","SRAG por COVID-19",62,11,29,51
2022,9,"2022-SE09","Distrito Federal","SRAG por outro vírus respiratório",49,1,10,49
2022,9,"2022-SE09","Fora da RIDE","SRAG não especificada",5,1,2,0
2022,9,"2022-SE09","Fora da RIDE","SRAG por COVID-19",2,0,0,2
2022,9,"2022-SE09","Fora da RIDE","SRAG por outro vírus respiratório",2,0,0,2
2022,9,"2022-SE09","RIDE – Goiás","SRAG não especificada",39,6,7,0
2022,9,"2022-SE09","RIDE – Goiás","SRAG por COVID-19",20,5,8,13
2022,9,"2022-SE09","RIDE – Goiás","SRAG por outro vírus respiratório",15,0,6,15
2022,9,"2022-SE09","RIDE – Minas Gerais","SRAG não especificada",4,0,2,0
2022,9,"2022-SE09","RIDE – Minas Gerais","SRAG por COVID-19",5,4,1,5
2022,9,"2022-SE09","RIDE – Minas Gerais","SRAG por outro vírus respiratório",1,0,0,1
2022,10,"2022-SE10","Distrito Federal","SRAG não especificada",131,5,22,0
2022,10,"2022-SE10","Distrito Federal","SRAG por COVID-19",42,5,20,40
2022,10,"2022-SE10","Distrito Federal","SRAG por outro vírus respiratório",62,0,15,62
2022,10,"2022-SE10","Fora da RIDE","SRAG não especificada",3,1,1,0
2022,10,"2022-SE10","Fora da RIDE","SRAG por COVID-19",3,0,1,3
2022,10,"2022-SE10","Fora da RIDE","SRAG por outro vírus respiratório",1,0,1,1
2022,10,"2022-SE10","RIDE – Goiás","SRAG não especificada",34,5,8,0
2022,10,"2022-SE10","RIDE – Goiás","SRAG por COVID-19",16,6,9,6
2022,10,"2022-SE10","RIDE – Goiás","SRAG por influenza",1,0,1,1
2022,10,"2022-SE10","RIDE – Goiás","SRAG por outro vírus respiratório",26,0,9,26
2022,10,"2022-SE10","RIDE – Minas Gerais","SRAG por COVID-19",2,0,0,1
2022,11,"2022-SE11","Distrito Federal","SRAG não especificada",139,8,20,0
2022,11,"2022-SE11","Distrito Federal","SRAG por COVID-19",36,3,8,31
2022,11,"2022-SE11","Distrito Federal","SRAG por outro agente etiológico",1,0,0,0
2022,11,"2022-SE11","Distrito Federal","SRAG por outro vírus respiratório",60,0,12,60
2022,11,"2022-SE11","Fora da RIDE","SRAG não especificada",3,1,2,0
2022,11,"2022-SE11","Fora da RIDE","SRAG por COVID-19",1,0,1,1
2022,11,"2022-SE11","Fora da RIDE","SRAG por outro vírus respiratório",2,0,1,2
2022,11,"2022-SE11","RIDE – Goiás","SRAG não especificada",33,1,8,0
2022,11,"2022-SE11","RIDE – Goiás","SRAG por COVID-19",7,4,3,4
2022,11,"2022-SE11","RIDE – Goiás","SRAG por outro vírus respiratório",22,1,9,22
2022,11,"2022-SE11","RIDE – Minas Gerais","Não classificada",1,0,0,0
2022,11,"2022-SE11","RIDE – Minas Gerais","SRAG não especificada",1,0,0,0
2022,11,"2022-SE11","RIDE – Minas Gerais","SRAG por COVID-19",3,1,0,3
2022,12,"2022-SE12","Distrito Federal","SRAG não especificada",147,10,21,1
2022,12,"2022-SE12","Distrito Federal","SRAG por COVID-19",23,6,11,21
2022,12,"2022-SE12","Distrito Federal","SRAG por outro vírus respiratório",68,0,10,68
2022,12,"2022-SE12","Fora da RIDE","SRAG não especificada",2,0,0,0
2022,12,"2022-SE12","Fora da RIDE","SRAG por outro vírus respiratório",2,0,0,2
2022,12,"2022-SE12","RIDE – Goiás","SRAG não especificada",25,3,9,0
2022,12,"2022-SE12","RIDE – Goiás","SRAG por COVID-19",4,1,1,3
2022,12,"2022-SE12","RIDE – Goiás","SRAG por outro vírus respiratório",21,0,4,21
2022,13,"2022-SE13","Distrito Federal","SRAG não especificada",149,4,12,0
2022,13,"2022-SE13","Distrito Federal","SRAG por COVID-19",19,3,10,17
2022,13,"2022-SE13","Distrito Federal","SRAG por outro vírus respiratório",75,0,13,75
2022,13,"2022-SE13","Fora da RIDE","SRAG não especificada",5,0,0,0
2022,13,"2022-SE13","Fora da RIDE","SRAG por outro vírus respiratório",1,0,1,1
2022,13,"2022-SE13","RIDE – Goiás","SRAG não especificada",30,1,5,0
2022,13,"2022-SE13","RIDE – Goiás","SRAG por COVID-19",5,1,1,4
2022,13,"2022-SE13","RIDE – Goiás","SRAG por outro vírus respiratório",12,0,3,12
2022,13,"2022-SE13","RIDE – Minas Gerais","SRAG não especificada",1,0,0,0
2022,14,"2022-SE14","Distrito Federal","SRAG não especificada",132,6,12,0
2022,14,"2022-SE14","Distrito Federal","SRAG por COVID-19",12,3,1,11
2022,14,"2022-SE14","Distrito Federal","SRAG por outro vírus respiratório",74,0,15,74
2022,14,"2022-SE14","Fora da RIDE","SRAG não especificada",1,0,1,0
2022,14,"2022-SE14","Fora da RIDE","SRAG por outro vírus respiratório",1,0,0,1
2022,14,"2022-SE14","RIDE – Goiás","SRAG não especificada",26,4,5,0
2022,14,"2022-SE14","RIDE – Goiás","SRAG por COVID-19",6,3,3,4
2022,14,"2022-SE14","RIDE – Goiás","SRAG por outro vírus respiratório",12,0,5,12
2022,14,"2022-SE14","RIDE – Minas Gerais","SRAG não especificada",2,0,0,0
2022,14,"2022-SE14","RIDE – Minas Gerais","SRAG por outro vírus respiratório",1,0,0,1
2022,15,"2022-SE15","Distrito Federal","SRAG não especificada",122,3,10,0
2022,15,"2022-SE15","Distrito Federal","SRAG por COVID-19",10,4,5,8
2022,15,"2022-SE15","Distrito Federal","SRAG por outro vírus respiratório",52,2,10,52
2022,15,"2022-SE15","Fora da RIDE","SRAG por COVID-19",1,0,0,0
2022,15,"2022-SE15","Fora da RIDE","SRAG por outro vírus respiratório",1,0,1,1
2022,15,"2022-SE15","RIDE – Goiás","SRAG não especificada",34,4,6,0
2022,15,"2022-SE15","RIDE – Goiás","SRAG por COVID-19",4,0,1,2
2022,15,"2022-SE15","RIDE – Goiás","SRAG por outro vírus respiratório",18,0,5,18
2022,15,"2022-SE15","RIDE – Minas Gerais","SRAG não especificada",1,0,0,0
2022,15,"2022-SE15","RIDE – Minas Gerais","SRAG por COVID-19",1,1,1,1
2022,15,"2022-SE15","RIDE – Minas Gerais","SRAG por outro vírus respiratório",1,0,1,1
2022,16,"2022-SE16","Distrito Federal","SRAG não especificada",98,5,19,0
2022,16,"2022-SE16","Distrito Federal","SRAG por COVID-19",16,2,5,15
2022,16,"2022-SE16","Distrito Federal","SRAG por outro vírus respiratório",86,0,18,86
2022,16,"2022-SE16","Fora da RIDE","SRAG não especificada",3,1,1,0
2022,16,"2022-SE16","RIDE – Goiás","SRAG não especificada",22,3,6,0
2022,16,"2022-SE16","RIDE – Goiás","SRAG por COVID-19",2,0,1,1
2022,16,"2022-SE16","RIDE – Goiás","SRAG por outro vírus respiratório",18,2,6,18
2022,17,"2022-SE17","Distrito Federal","SRAG não especificada",96,6,10,0
2022,17,"2022-SE17","Distrito Federal","SRAG por COVID-19",9,1,4,9
2022,17,"2022-SE17","Distrito Federal","SRAG por outro vírus respiratório",74,0,17,74
2022,17,"2022-SE17","Fora da RIDE","SRAG não especificada",4,0,1,0
2022,17,"2022-SE17","Fora da RIDE","SRAG por COVID-19",1,0,0,1
2022,17,"2022-SE17","RIDE – Goiás","SRAG não especificada",18,2,7,0
2022,17,"2022-SE17","RIDE – Goiás","SRAG por COVID-19",3,0,2,0
2022,17,"2022-SE17","RIDE – Goiás","SRAG por outro vírus respiratório",15,1,6,15
2022,17,"2022-SE17","RIDE – Minas Gerais","SRAG por COVID-19",1,0,0,0
2022,18,"2022-SE18","Distrito Federal","SRAG não especificada",121,11,25,0
2022,18,"2022-SE18","Distrito Federal","SRAG por COVID-19",26,2,10,26
2022,18,"2022-SE18","Distrito Federal","SRAG por outro agente etiológico",3,1,2,0
2022,18,"2022-SE18","Distrito Federal","SRAG por outro vírus respiratório",69,1,12,69
2022,18,"2022-SE18","Fora da RIDE","SRAG por COVID-19",3,1,2,0
2022,18,"2022-SE18","Fora da RIDE","SRAG por outro vírus respiratório",3,0,0,3
2022,18,"2022-SE18","RIDE – Goiás","SRAG não especificada",23,0,4,0
2022,18,"2022-SE18","RIDE – Goiás","SRAG por COVID-19",4,0,2,2
2022,18,"2022-SE18","RIDE – Goiás","SRAG por outro vírus respiratório",23,1,4,23
2022,19,"2022-SE19","Distrito Federal","SRAG não especificada",125,9,12,0
2022,19,"2022-SE19","Distrito Federal","SRAG por COVID-19",39,4,15,35
2022,19,"2022-SE19","Distrito Federal","SRAG por outro vírus respiratório",71,1,22,71
2022,19,"2022-SE19","Fora da RIDE","SRAG não especificada",4,0,0,0
2022,19,"2022-SE19","Fora da RIDE","SRAG por COVID-19",4,2,1,0
2022,19,"2022-SE19","Fora da RIDE","SRAG por outro vírus respiratório",1,0,0,1
2022,19,"2022-SE19","RIDE – Goiás","SRAG não especificada",24,1,5,0
2022,19,"2022-SE19","RIDE – Goiás","SRAG por COVID-19",6,1,2,5
2022,19,"2022-SE19","RIDE – Goiás","SRAG por outro vírus respiratório",14,0,4,14
2022,19,"2022-SE19","RIDE – Minas Gerais","SRAG não especificada",1,0,0,0
2022,19,"2022-SE19","RIDE – Minas Gerais","SRAG por COVID-19",1,0,1,1
2022,19,"2022-SE19","RIDE – Minas Gerais","SRAG por outro vírus respiratório",1,0,0,1
2022,20,"2022-SE20","Distrito Federal","SRAG não especificada",158,8,22,0
2022,20,"2022-SE20","Distrito Federal","SRAG por COVID-19",48,5,18,48
2022,20,"2022-SE20","Distrito Federal","SRAG por outro vírus respiratório",21,0,5,21
2022,20,"2022-SE20","Fora da RIDE","SRAG não especificada",3,0,1,0
2022,20,"2022-SE20","Fora da RIDE","SRAG por COVID-19",7,3,5,2
2022,20,"2022-SE20","RIDE – Goiás","SRAG não especificada",32,2,6,0
2022,20,"2022-SE20","RIDE – Goiás","SRAG por COVID-19",15,3,7,10
2022,20,"2022-SE20","RIDE – Goiás","SRAG por outro vírus respiratório",8,0,3,8
2022,20,"2022-SE20","RIDE – Minas Gerais","SRAG por outro vírus respiratório",1,0,1,1
2022,21,"2022-SE21","Distrito Federal","SRAG não especificada",175,6,22,0
2022,21,"2022-SE21","Distrito Federal","SRAG por COVID-19",115,8,40,111
2022,21,"2022-SE21","Distrito Federal","SRAG por outro vírus respiratório",12,0,2,12
2022,21,"2022-SE21","Fora da RIDE","SRAG não especificada",4,0,2,0
2022,21,"2022-SE21","Fora da RIDE","SRAG por COVID-19",6,1,4,5
2022,21,"2022-SE21","RIDE – Goiás","SRAG não especificada",30,2,8,0
2022,21,"2022-SE21","RIDE – Goiás","SRAG por COVID-19",17,3,8,12
2022,21,"2022-SE21","RIDE – Goiás","SRAG por outro vírus respiratório",3,0,1,3
2022,21,"2022-SE21","RIDE – Minas Gerais","SRAG por COVID-19",4,2,1,4
2022,22,"2022-SE22","Distrito Federal","SRAG não especificada",189,12,35,0
2022,22,"2022-SE22","Distrito Federal","SRAG por COVID-19",248,14,92,229
2022,22,"2022-SE22","Distrito Federal","SRAG por outro vírus respiratório",9,0,2,9
2022,22,"2022-SE22","Fora da RIDE","SRAG não especificada",3,1,2,0
2022,22,"2022-SE22","Fora da RIDE","SRAG por COVID-19",6,0,2,6
2022,22,"2022-SE22","RIDE – Goiás","SRAG não especificada",42,4,10,0
2022,22,"2022-SE22","RIDE – Goiás","SRAG por COVID-19",37,7,16,31
2022,22,"2022-SE22","RIDE – Goiás","SRAG por outro vírus respiratório",4,0,1,4
2022,22,"2022-SE22","RIDE – Minas Gerais","SRAG não especificada",1,0,0,0
2022,22,"2022-SE22","RIDE – Minas Gerais","SRAG por COVID-19",5,0,0,5
2022,23,"2022-SE23","Distrito Federal","SRAG não especificada",139,6,28,0
2022,23,"2022-SE23","Distrito Federal","SRAG por COVID-19",388,42,175,360
2022,23,"2022-SE23","Distrito Federal","SRAG por outro vírus respiratório",6,0,1,6
2022,23,"2022-SE23","Fora da RIDE","SRAG não especificada",1,0,0,0
2022,23,"2022-SE23","Fora da RIDE","SRAG por COVID-19",11,1,2,11
2022,23,"2022-SE23","RIDE – Goiás","SRAG não especificada",34,4,5,0
2022,23,"2022-SE23","RIDE – Goiás","SRAG por COVID-19",45,11,14,31
2022,23,"2022-SE23","RIDE – Minas Gerais","SRAG não especificada",3,0,0,0
2022,23,"2022-SE23","RIDE – Minas Gerais","SRAG por COVID-19",12,1,0,11
2022,24,"2022-SE24","Distrito Federal","SRAG não especificada",127,6,24,0
2022,24,"2022-SE24","Distrito Federal","SRAG por COVID-19",313,42,110,289
2022,24,"2022-SE24","Distrito Federal","SRAG por outro agente etiológico",1,1,0,0
2022,24,"2022-SE24","Distrito Federal","SRAG por outro vírus respiratório",2,0,0,2
2022,24,"2022-SE24","Fora da RIDE","SRAG não especificada",5,0,1,0
2022,24,"2022-SE24","Fora da RIDE","SRAG por COVID-19",10,4,3,10
2022,24,"2022-SE24","RIDE – Goiás","SRAG não especificada",34,4,10,0
2022,24,"2022-SE24","RIDE – Goiás","SRAG por COVID-19",59,11,17,40
2022,24,"2022-SE24","RIDE – Goiás","SRAG por outro vírus respiratório",3,0,0,3
2022,24,"2022-SE24","RIDE – Minas Gerais","SRAG por COVID-19",12,1,0,10
2022,25,"2022-SE25","Distrito Federal","SRAG não especificada",116,10,18,0
2022,25,"2022-SE25","Distrito Federal","SRAG por COVID-19",277,34,121,260
2022,25,"2022-SE25","Distrito Federal","SRAG por outro vírus respiratório",4,0,3,4
2022,25,"2022-SE25","Fora da RIDE","SRAG não especificada",4,0,1,0
2022,25,"2022-SE25","Fora da RIDE","SRAG por COVID-19",6,0,3,5
2022,25,"2022-SE25","RIDE – Goiás","SRAG não especificada",34,0,8,0
2022,25,"2022-SE25","RIDE – Goiás","SRAG por COVID-19",56,12,27,42
2022,25,"2022-SE25","RIDE – Goiás","SRAG por outro vírus respiratório",5,1,1,5
2022,25,"2022-SE25","RIDE – Minas Gerais","SRAG não especificada",1,0,0,0
2022,25,"2022-SE25","RIDE – Minas Gerais","SRAG por COVID-19",15,4,0,14
2022,26,"2022-SE26","Distrito Federal","SRAG não especificada",118,4,24,0
2022,26,"2022-SE26","Distrito Federal","SRAG por COVID-19",207,25,88,197
2022,26,"2022-SE26","Distrito Federal","SRAG por outro agente etiológico",1,0,0,0
2022,26,"2022-SE26","Distrito Federal","SRAG por outro vírus respiratório",4,0,1,4
2022,26,"2022-SE26","Fora da RIDE","SRAG não especificada",2,0,1,0
2022,26,"2022-SE26","Fora da RIDE","SRAG por COVID-19",9,1,1,9
2022,26,"2022-SE26","RIDE – Goiás","SRAG não especificada",25,2,4,0
2022,26,"2022-SE26","RIDE – Goiás","SRAG por COVID-19",26,6,7,18
2022,26,"2022-SE26","RIDE – Goiás","SRAG por outro vírus respiratório",4,0,1,4
2022,26,"2022-SE26","RIDE – Minas Gerais","SRAG não especificada",1,1,1,0
2022,26,"2022-SE26","RIDE – Minas Gerais","SRAG por COVID-19",9,2,0,8
2022,27,"2022-SE27","Distrito Federal","SRAG não especificada",107,2,25,0
2022,27,"2022-SE27","Distrito Federal","SRAG por COVID-19",129,20,55,124
2022,27,"2022-SE27","Distrito Federal","SRAG por influenza",1,0,0,1
2022,27,"2022-SE27","Distrito Federal","SRAG por outro vírus respiratório",5,0,5,5
2022,27,"2022-SE27","Fora da RIDE","SRAG não especificada",2,0,0,0
2022,27,"2022-SE27","Fora da RIDE","SRAG por COVID-19",5,0,1,5
2022,27,"2022-SE27","RIDE – Goiás","SRAG não especificada",24,2,7,0
2022,27,"2022-SE27","RIDE – Goiás","SRAG por COVID-19",35,8,13,26
2022,27,"2022-SE27","RIDE – Minas Gerais","SRAG não especificada",1,0,0,0
2022,27,"2022-SE27","RIDE – Minas Gerais","SRAG por COVID-19",4,0,1,4
2022,28,"2022-SE28","Distrito Federal","SRAG não especificada",124,6,23,0
2022,28,"2022-SE28","Distrito Federal","SRAG por COVID-19",83,8,41,79
2022,28,"2022-SE28","Distrito Federal","SRAG por outro vírus respiratório",4,0,0,4
2022,28,"2022-SE28","Fora da RIDE","SRAG não especificada",1,0,0,0
2022,28,"2022-SE28","Fora da RIDE","SRAG por COVID-19",3,0,0,3
2022,28,"2022-SE28","RIDE – Goiás","SRAG não especificada",31,2,11,0
2022,28,"2022-SE28","RIDE – Goiás","SRAG por COVID-19",20,6,10,13
2022,28,"2022-SE28","RIDE – Goiás","SRAG por outro vírus respiratório",2,0,2,2
2022,28,"2022-SE28","RIDE – Minas Gerais","SRAG não especificada",2,0,1,0
2022,28,"2022-SE28","RIDE – Minas Gerais","SRAG por COVID-19",6,1,2,6
2022,29,"2022-SE29","Distrito Federal","SRAG não especificada",88,4,17,0
2022,29,"2022-SE29","Distrito Federal","SRAG por COVID-19",68,7,25,64
2022,29,"2022-SE29","Fora da RIDE","SRAG não especificada",1,0,0,0
2022,29,"2022-SE29","Fora da RIDE","SRAG por COVID-19",2,0,1,1
2022,29,"2022-SE29","RIDE – Goiás","SRAG não especificada",16,0,4,0
2022,29,"2022-SE29","RIDE – Goiás","SRAG por COVID-19",17,4,7,8
2022,29,"2022-SE29","RIDE – Goiás","SRAG por outro agente etiológico",1,0,1,0
2022,29,"2022-SE29","RIDE – Minas Gerais","SRAG por COVID-19",5,1,0,4
2022,30,"2022-SE30","Distrito Federal","SRAG não especificada",89,10,22,0
2022,30,"2022-SE30","Distrito Federal","SRAG por COVID-19",41,3,18,37
2022,30,"2022-SE30","Distrito Federal","SRAG por outro vírus respiratório",3,0,3,3
2022,30,"2022-SE30","Fora da RIDE","SRAG por COVID-19",1,0,1,1
2022,30,"2022-SE30","RIDE – Goiás","SRAG não especificada",15,3,3,0
2022,30,"2022-SE30","RIDE – Goiás","SRAG por COVID-19",8,2,2,5
2022,30,"2022-SE30","RIDE – Minas Gerais","SRAG não especificada",1,0,0,0
2022,30,"2022-SE30","RIDE – Minas Gerais","SRAG por COVID-19",5,1,1,5
2022,31,"2022-SE31","Distrito Federal","SRAG não especificada",95,8,19,0
2022,31,"2022-SE31","Distrito Federal","SRAG por COVID-19",26,1,8,24
2022,31,"2022-SE31","Distrito Federal","SRAG por influenza",1,0,0,1
2022,31,"2022-SE31","Distrito Federal","SRAG por outro vírus respiratório",1,0,0,1
2022,31,"2022-SE31","Fora da RIDE","SRAG não especificada",4,1,2,0
2022,31,"2022-SE31","RIDE – Goiás","SRAG não especificada",17,1,5,0
2022,31,"2022-SE31","RIDE – Goiás","SRAG por COVID-19",7,2,2,6
2022,31,"2022-SE31","RIDE – Minas Gerais","SRAG por COVID-19",2,0,0,2
2022,32,"2022-SE32","Distrito Federal","SRAG não especificada",111,5,20,0
2022,32,"2022-SE32","Distrito Federal","SRAG por COVID-19",17,0,10,17
2022,32,"2022-SE32","Distrito Federal","SRAG por outro vírus respiratório",1,0,0,1
2022,32,"2022-SE32","Fora da RIDE","SRAG não especificada",3,0,0,0
2022,32,"2022-SE32","RIDE – Goiás","SRAG não especificada",18,0,3,0
2022,32,"2022-SE32","RIDE – Goiás","SRAG por COVID-19",2,2,1,2
2022,32,"2022-SE32","RIDE – Goiás","SRAG por outro vírus respiratório",1,0,1,1
2022,33,"2022-SE33","Distrito Federal","SRAG não especificada",110,6,24,0
2022,33,"2022-SE33","Distrito Federal","SRAG por COVID-19",21,2,5,19
2022,33,"2022-SE33","Distrito Federal","SRAG por influenza",5,0,2,5
2022,33,"2022-SE33","Distrito Federal","SRAG por outro vírus respiratório",1,0,1,1
2022,33,"2022-SE33","Fora da RIDE","SRAG não especificada",5,0,1,0
2022,33,"2022-SE33","Fora da RIDE","SRAG por COVID-19",1,0,1,1
2022,33,"2022-SE33","RIDE – Goiás","SRAG não especificada",32,0,5,0
2022,33,"2022-SE33","RIDE – Goiás","SRAG por COVID-19",3,0,1,2
2022,33,"2022-SE33","RIDE – Goiás","SRAG por influenza",1,0,0,1
2022,33,"2022-SE33","RIDE – Goiás","SRAG por outro vírus respiratório",1,0,1,1
2022,33,"2022-SE33","RIDE – Minas Gerais","SRAG não especificada",1,0,1,0
2022,34,"2022-SE34","Distrito Federal","SRAG não especificada",91,1,13,0
2022,34,"2022-SE34","Distrito Federal","SRAG por COVID-19",20,0,7,19
2022,34,"2022-SE34","Distrito Federal","SRAG por influenza",8,0,1,8
2022,34,"2022-SE34","Fora da RIDE","SRAG não especificada",6,0,1,0
2022,34,"2022-SE34","RIDE – Goiás","SRAG não especificada",27,1,9,0
2022,34,"2022-SE34","RIDE – Goiás","SRAG por COVID-19",6,2,1,6
2022,34,"2022-SE34","RIDE – Minas Gerais","SRAG não especificada",1,0,0,0
2022,35,"2022-SE35","Distrito Federal","SRAG não especificada",109,5,24,0
2022,35,"2022-SE35","Distrito Federal","SRAG por COVID-19",9,0,6,8
2022,35,"2022-SE35","Distrito Federal","SRAG por influenza",5,0,1,5
2022,35,"2022-SE35","Distrito Federal","SRAG por outro agente etiológico",1,0,0,0
2022,35,"2022-SE35","Fora da RIDE","SRAG não especificada",4,0,0,0
2022,35,"2022-SE35","RIDE – Goiás","SRAG não especificada",19,3,5,0
2022,35,"2022-SE35","RIDE – Goiás","SRAG por COVID-19",1,0,0,0
2022,35,"2022-SE35","RIDE – Goiás","SRAG por influenza",2,0,0,2
2022,35,"2022-SE35","RIDE – Minas Gerais","SRAG por COVID-19",1,1,1,1
2022,36,"2022-SE36","Distrito Federal","SRAG não especificada",88,8,16,0
2022,36,"2022-SE36","Distrito Federal","SRAG por COVID-19",23,2,11,21
2022,36,"2022-SE36","Distrito Federal","SRAG por influenza",18,0,3,18
2022,36,"2022-SE36","Distrito Federal","SRAG por outro vírus respiratório",1,0,1,1
2022,36,"2022-SE36","Fora da RIDE","SRAG não especificada",1,0,0,0
2022,36,"2022-SE36","Fora da RIDE","SRAG por COVID-19",1,1,1,1
2022,36,"2022-SE36","RIDE – Goiás","SRAG não especificada",22,2,5,0
2022,36,"2022-SE36","RIDE – Goiás","SRAG por COVID-19",5,0,0,4
2022,36,"2022-SE36","RIDE – Goiás","SRAG por influenza",3,0,2,3
2022,36,"2022-SE36","RIDE – Minas Gerais","SRAG não especificada",1,0,0,0
2022,36,"2022-SE36","RIDE – Minas Gerais","SRAG por COVID-19",1,0,0,0
2022,37,"2022-SE37","Distrito Federal","SRAG não especificada",90,7,17,1
2022,37,"2022-SE37","Distrito Federal","SRAG por COVID-19",9,0,3,9
2022,37,"2022-SE37","Distrito Federal","SRAG por influenza",27,0,6,27
2022,37,"2022-SE37","Distrito Federal","SRAG por outro vírus respiratório",1,0,0,1
2022,37,"2022-SE37","Fora da RIDE","SRAG não especificada",4,0,0,0
2022,37,"2022-SE37","RIDE – Goiás","SRAG não especificada",14,1,6,0
2022,37,"2022-SE37","RIDE – Goiás","SRAG por influenza",6,0,2,6
2022,37,"2022-SE37","RIDE – Minas Gerais","SRAG por COVID-19",2,0,0,2
2022,38,"2022-SE38","Distrito Federal","SRAG não especificada",102,5,24,0
2022,38,"2022-SE38","Distrito Federal","SRAG por COVID-19",13,0,6,12
2022,38,"2022-SE38","Distrito Federal","SRAG por influenza",24,1,6,24
2022,38,"2022-SE38","Distrito Federal","SRAG por outro vírus respiratório",2,0,0,2
2022,38,"2022-SE38","Fora da RIDE","SRAG por COVID-19",1,1,0,1
2022,38,"2022-SE38","RIDE – Goiás","SRAG não especificada",14,1,3,0
2022,38,"2022-SE38","RIDE – Goiás","SRAG por COVID-19",4,1,2,4
2022,38,"2022-SE38","RIDE – Goiás","SRAG por influenza",8,0,2,8
2022,39,"2022-SE39","Distrito Federal","SRAG não especificada",88,4,17,0
2022,39,"2022-SE39","Distrito Federal","SRAG por COVID-19",11,0,6,11
2022,39,"2022-SE39","Distrito Federal","SRAG por influenza",18,0,9,18
2022,39,"2022-SE39","Distrito Federal","SRAG por outro vírus respiratório",4,1,1,4
2022,39,"2022-SE39","Fora da RIDE","SRAG não especificada",2,0,0,0
2022,39,"2022-SE39","Fora da RIDE","SRAG por influenza",1,0,1,1
2022,39,"2022-SE39","RIDE – Goiás","SRAG não especificada",25,2,11,0
2022,39,"2022-SE39","RIDE – Goiás","SRAG por influenza",2,0,0,2
2022,39,"2022-SE39","RIDE – Minas Gerais","SRAG não especificada",1,0,0,0
2022,40,"2022-SE40","Distrito Federal","Não classificada",1,0,1,0
2022,40,"2022-SE40","Distrito Federal","SRAG não especificada",69,5,10,0
2022,40,"2022-SE40","Distrito Federal","SRAG por COVID-19",10,0,4,10
2022,40,"2022-SE40","Distrito Federal","SRAG por influenza",10,0,4,10
2022,40,"2022-SE40","Distrito Federal","SRAG por outro vírus respiratório",2,0,2,2
2022,40,"2022-SE40","Fora da RIDE","SRAG não especificada",2,0,0,0
2022,40,"2022-SE40","RIDE – Goiás","SRAG não especificada",15,0,6,0
2022,40,"2022-SE40","RIDE – Goiás","SRAG por COVID-19",1,0,1,1
2022,40,"2022-SE40","RIDE – Goiás","SRAG por outro vírus respiratório",1,0,1,1
2022,41,"2022-SE41","Distrito Federal","SRAG não especificada",91,3,13,0
2022,41,"2022-SE41","Distrito Federal","SRAG por COVID-19",17,0,8,17
2022,41,"2022-SE41","Distrito Federal","SRAG por influenza",8,0,1,8
2022,41,"2022-SE41","Distrito Federal","SRAG por outro vírus respiratório",3,0,1,3
2022,41,"2022-SE41","Fora da RIDE","SRAG não especificada",1,0,1,0
2022,41,"2022-SE41","RIDE – Goiás","SRAG não especificada",15,2,1,0
2022,41,"2022-SE41","RIDE – Goiás","SRAG por COVID-19",1,0,0,1
2022,41,"2022-SE41","RIDE – Goiás","SRAG por influenza",3,0,2,3
2022,41,"2022-SE41","RIDE – Minas Gerais","SRAG por COVID-19",1,0,0,0
2022,42,"2022-SE42","Distrito Federal","SRAG não especificada",75,2,14,0
2022,42,"2022-SE42","Distrito Federal","SRAG por COVID-19",8,1,3,7
2022,42,"2022-SE42","Distrito Federal","SRAG por influenza",8,0,0,8
2022,42,"2022-SE42","Fora da RIDE","SRAG não especificada",1,0,1,0
2022,42,"2022-SE42","RIDE – Goiás","SRAG não especificada",15,1,4,0
2022,42,"2022-SE42","RIDE – Goiás","SRAG por COVID-19",1,0,1,1
2022,42,"2022-SE42","RIDE – Goiás","SRAG por influenza",7,0,1,7
2022,42,"2022-SE42","RIDE – Goiás","SRAG por outro vírus respiratório",1,0,0,1
2022,42,"2022-SE42","RIDE – Minas Gerais","SRAG não especificada",1,0,0,0
2022,43,"2022-SE43","Distrito Federal","SRAG não especificada",59,3,10,0
2022,43,"2022-SE43","Distrito Federal","SRAG por COVID-19",10,0,5,10
2022,43,"2022-SE43","Distrito Federal","SRAG por influenza",8,0,3,8
2022,43,"2022-SE43","Distrito Federal","SRAG por outro agente etiológico",1,0,0,0
2022,43,"2022-SE43","Fora da RIDE","SRAG não especificada",3,0,1,0
2022,43,"2022-SE43","Fora da RIDE","SRAG por COVID-19",1,0,1,1
2022,43,"2022-SE43","Fora da RIDE","SRAG por influenza",1,0,1,1
2022,43,"2022-SE43","RIDE – Goiás","SRAG não especificada",24,0,5,0
2022,43,"2022-SE43","RIDE – Goiás","SRAG por COVID-19",2,1,2,1
2022,43,"2022-SE43","RIDE – Goiás","SRAG por influenza",10,0,3,10
2022,43,"2022-SE43","RIDE – Goiás","SRAG por outro agente etiológico",1,0,0,0
2022,43,"2022-SE43","RIDE – Goiás","SRAG por outro vírus respiratório",1,1,1,1
2022,43,"2022-SE43","RIDE – Minas Gerais","SRAG não especificada",2,0,0,0
2022,44,"2022-SE44","Distrito Federal","SRAG não especificada",70,2,14,0
2022,44,"2022-SE44","Distrito Federal","SRAG por COVID-19",23,1,12,22
2022,44,"2022-SE44","Distrito Federal","SRAG por influenza",2,0,0,2
2022,44,"2022-SE44","Distrito Federal","SRAG por outro agente etiológico",1,0,0,0
2022,44,"2022-SE44","Distrito Federal","SRAG por outro vírus respiratório",2,0,2,2
2022,44,"2022-SE44","Fora da RIDE","SRAG não especificada",6,0,1,0
2022,44,"2022-SE44","RIDE – Goiás","SRAG não especificada",19,0,3,0
2022,44,"2022-SE44","RIDE – Goiás","SRAG por COVID-19",3,1,0,2
2022,44,"2022-SE44","RIDE – Goiás","SRAG por outro vírus respiratório",1,0,0,1
2022,45,"2022-SE45","Distrito Federal","SRAG não especificada",83,2,15,0
2022,45,"2022-SE45","Distrito Federal","SRAG por COVID-19",55,3,26,49
2022,45,"2022-SE45","Distrito Federal","SRAG por influenza",3,0,1,3
2022,45,"2022-SE45","Distrito Federal","SRAG por outro vírus respiratório",4,0,0,4
2022,45,"2022-SE45","Fora da RIDE","SRAG não especificada",1,0,0,0
2022,45,"2022-SE45","Fora da RIDE","SRAG por COVID-19",1,0,1,1
2022,45,"2022-SE45","Fora da RIDE","SRAG por outro vírus respiratório",1,1,1,1
2022,45,"2022-SE45","RIDE – Goiás","SRAG não especificada",11,1,6,0
2022,45,"2022-SE45","RIDE – Goiás","SRAG por COVID-19",11,1,2,10
2022,45,"2022-SE45","RIDE – Goiás","SRAG por influenza",1,0,0,1
2022,45,"2022-SE45","RIDE – Goiás","SRAG por outro vírus respiratório",2,0,0,2
2022,45,"2022-SE45","RIDE – Minas Gerais","SRAG por influenza",1,0,1,1
2022,46,"2022-SE46","Distrito Federal","SRAG não especificada",84,2,15,0
2022,46,"2022-SE46","Distrito Federal","SRAG por COVID-19",87,4,35,76
2022,46,"2022-SE46","Distrito Federal","SRAG por outro vírus respiratório",3,0,1,3
2022,46,"2022-SE46","Fora da RIDE","SRAG não especificada",4,0,0,0
2022,46,"2022-SE46","Fora da RIDE","SRAG por COVID-19",3,0,2,3
2022,46,"2022-SE46","RIDE – Goiás","SRAG não especificada",12,0,5,0
2022,46,"2022-SE46","RIDE – Goiás","SRAG por COVID-19",10,1,4,9
2022,46,"2022-SE46","RIDE – Goiás","SRAG por influenza",1,0,0,1
2022,46,"2022-SE46","RIDE – Goiás","SRAG por outro agente etiológico",1,0,1,0
2022,46,"2022-SE46","RIDE – Goiás","SRAG por outro vírus respiratório",2,0,1,2
2022,46,"2022-SE46","RIDE – Minas Gerais","SRAG não especificada",1,0,0,0
2022,47,"2022-SE47","Distrito Federal","SRAG não especificada",107,5,23,0
2022,47,"2022-SE47","Distrito Federal","SRAG por COVID-19",138,5,49,125
2022,47,"2022-SE47","Distrito Federal","SRAG por influenza",1,0,0,1
2022,47,"2022-SE47","Distrito Federal","SRAG por outro vírus respiratório",11,0,3,11
2022,47,"2022-SE47","Fora da RIDE","SRAG não especificada",3,1,1,0
2022,47,"2022-SE47","Fora da RIDE","SRAG por COVID-19",1,0,1,1
2022,47,"2022-SE47","RIDE – Goiás","SRAG não especificada",14,1,4,0
2022,47,"2022-SE47","RIDE – Goiás","SRAG por COVID-19",9,3,5,9
2022,47,"2022-SE47","RIDE – Goiás","SRAG por influenza",1,0,1,1
2022,47,"2022-SE47","RIDE – Minas Gerais","SRAG não especificada",1,0,0,0
2022,47,"2022-SE47","RIDE – Minas Gerais","SRAG por COVID-19",1,0,1,1
2022,48,"2022-SE48","Distrito Federal","SRAG não especificada",109,3,33,0
2022,48,"2022-SE48","Distrito Federal","SRAG por COVID-19",192,7,83,181
2022,48,"2022-SE48","Distrito Federal","SRAG por influenza",1,0,0,1
2022,48,"2022-SE48","Distrito Federal","SRAG por outro vírus respiratório",15,0,3,15
2022,48,"2022-SE48","Fora da RIDE","SRAG não especificada",1,0,0,0
2022,48,"2022-SE48","Fora da RIDE","SRAG por COVID-19",1,0,1,0
2022,48,"2022-SE48","Fora da RIDE","SRAG por outro vírus respiratório",1,0,1,1
2022,48,"2022-SE48","RIDE – Goiás","SRAG não especificada",20,1,5,0
2022,48,"2022-SE48","RIDE – Goiás","SRAG por COVID-19",15,5,7,10
2022,48,"2022-SE48","RIDE – Goiás","SRAG por outro vírus respiratório",1,0,1,1
2022,48,"2022-SE48","RIDE – Minas Gerais","SRAG não especificada",2,0,0,0
2022,48,"2022-SE48","RIDE – Minas Gerais","SRAG por COVID-19",1,1,0,1
2022,49,"2022-SE49","Distrito Federal","SRAG não especificada",122,3,31,0
2022,49,"2022-SE49","Distrito Federal","SRAG por COVID-19",227,14,105,210
2022,49,"2022-SE49","Distrito Federal","SRAG por outro vírus respiratório",13,0,4,13
2022,49,"2022-SE49","Fora da RIDE","SRAG não especificada",5,1,2,0
2022,49,"2022-SE49","Fora da RIDE","SRAG por COVID-19",4,0,2,3
2022,49,"2022-SE49","RIDE – Goiás","SRAG não especificada",18,0,5,0
2022,49,"2022-SE49","RIDE – Goiás","SRAG por COVID-19",28,3,11,21
2022,49,"2022-SE49","RIDE – Goiás","SRAG por outro vírus respiratório",3,0,3,3
2022,49,"2022-SE49","RIDE – Minas Gerais","SRAG por COVID-19",9,3,2,9
2022,50,"2022-SE50","Distrito Federal","SRAG não especificada",116,5,34,0
2022,50,"2022-SE50","Distrito Federal","SRAG por COVID-19",189,11,79,182
2022,50,"2022-SE50","Distrito Federal","SRAG por outro vírus respiratório",23,0,3,23
2022,50,"2022-SE50","Fora da RIDE","SRAG não especificada",4,0,1,0
2022,50,"2022-SE50","Fora da RIDE","SRAG por COVID-19",2,0,1,2
2022,50,"2022-SE50","RIDE – Goiás","SRAG não especificada",20,0,5,0
2022,50,"2022-SE50","RIDE – Goiás","SRAG por COVID-19",23,6,7,19
2022,50,"2022-SE50","RIDE – Goiás","SRAG por outro vírus respiratório",5,0,2,5
2022,50,"2022-SE50","RIDE – Minas Gerais","Não classificada",1,0,0,0
2022,50,"2022-SE50","RIDE – Minas Gerais","SRAG não especificada",1,0,0,0
2022,50,"2022-SE50","RIDE – Minas Gerais","SRAG por COVID-19",12,3,2,9
2022,51,"2022-SE51","Distrito Federal","SRAG não especificada",123,6,34,0
2022,51,"2022-SE51","Distrito Federal","SRAG por COVID-19",148,4,74,140
2022,51,"2022-SE51","Distrito Federal","SRAG por outro vírus respiratório",30,0,8,30
2022,51,"2022-SE51","Fora da RIDE","SRAG não especificada",2,0,1,0
2022,51,"2022-SE51","Fora da RIDE","SRAG por COVID-19",3,1,0,3
2022,51,"2022-SE51","Fora da RIDE","SRAG por outro vírus respiratório",3,0,0,3
2022,51,"2022-SE51","RIDE – Goiás","SRAG não especificada",23,0,4,0
2022,51,"2022-SE51","RIDE – Goiás","SRAG por COVID-19",23,5,11,14
2022,51,"2022-SE51","RIDE – Goiás","SRAG por influenza",1,0,1,1
2022,51,"2022-SE51","RIDE – Goiás","SRAG por outro vírus respiratório",5,0,1,5
2022,51,"2022-SE51","RIDE – Minas Gerais","SRAG não especificada",1,0,1,0
2022,51,"2022-SE51","RIDE – Minas Gerais","SRAG por COVID-19",7,0,0,5
2022,52,"2022-SE52","Distrito Federal","SRAG não especificada",85,4,28,0
2022,52,"2022-SE52","Distrito Federal","SRAG por COVID-19",80,5,38,76
2022,52,"2022-SE52","Distrito Federal","SRAG por influenza",1,0,0,1
2022,52,"2022-SE52","Distrito Federal","SRAG por outro vírus respiratório",54,0,17,54
2022,52,"2022-SE52","Fora da RIDE","SRAG não especificada",5,0,2,0
2022,52,"2022-SE52","Fora da RIDE","SRAG por COVID-19",1,0,0,0
2022,52,"2022-SE52","Fora da RIDE","SRAG por outro vírus respiratório",4,0,3,4
2022,52,"2022-SE52","RIDE – Goiás","SRAG não especificada",23,1,5,0
2022,52,"2022-SE52","RIDE – Goiás","SRAG por COVID-19",25,4,9,21
2022,52,"2022-SE52","RIDE – Goiás","SRAG por outro agente etiológico",2,0,1,0
2022,52,"2022-SE52","RIDE – Goiás","SRAG por outro vírus respiratório",7,1,2,7
2022,52,"2022-SE52","RIDE – Minas Gerais","SRAG por COVID-19",4,1,1,4
2023,1,"2023-SE01","Distrito Federal","SRAG não especificada",104,6,37,0
2023,1,"2023-SE01","Distrito Federal","SRAG por COVID-19",65,4,28,65
2023,1,"2023-SE01","Distrito Federal","SRAG por influenza",2,0,1,2
2023,1,"2023-SE01","Distrito Federal","SRAG por outro agente etiológico",1,0,0,0
2023,1,"2023-SE01","Distrito Federal","SRAG por outro vírus respiratório",43,0,15,43
2023,1,"2023-SE01","Fora da RIDE","SRAG não especificada",3,0,0,0
2023,1,"2023-SE01","Fora da RIDE","SRAG por COVID-19",1,0,1,1
2023,1,"2023-SE01","Fora da RIDE","SRAG por outro vírus respiratório",1,0,0,1
2023,1,"2023-SE01","RIDE – Goiás","SRAG não especificada",25,0,9,0
2023,1,"2023-SE01","RIDE – Goiás","SRAG por COVID-19",15,4,9,15
2023,1,"2023-SE01","RIDE – Goiás","SRAG por influenza",1,0,0,1
2023,1,"2023-SE01","RIDE – Goiás","SRAG por outro vírus respiratório",11,0,1,11
2023,1,"2023-SE01","RIDE – Minas Gerais","SRAG por COVID-19",5,1,1,0
2023,2,"2023-SE02","Distrito Federal","SRAG não especificada",107,8,42,0
2023,2,"2023-SE02","Distrito Federal","SRAG por COVID-19",34,2,18,34
2023,2,"2023-SE02","Distrito Federal","SRAG por outro agente etiológico",1,0,0,0
2023,2,"2023-SE02","Distrito Federal","SRAG por outro vírus respiratório",63,1,29,63
2023,2,"2023-SE02","Fora da RIDE","SRAG não especificada",1,0,0,0
2023,2,"2023-SE02","Fora da RIDE","SRAG por COVID-19",3,0,1,2
2023,2,"2023-SE02","RIDE – Goiás","SRAG não especificada",16,1,5,0
2023,2,"2023-SE02","RIDE – Goiás","SRAG por COVID-19",5,1,1,5
2023,2,"2023-SE02","RIDE – Goiás","SRAG por outro vírus respiratório",12,0,4,12
2023,2,"2023-SE02","RIDE – Minas Gerais","SRAG por COVID-19",4,2,1,0
2023,3,"2023-SE03","Distrito Federal","SRAG não especificada",94,6,40,0
2023,3,"2023-SE03","Distrito Federal","SRAG por COVID-19",29,0,13,29
2023,3,"2023-SE03","Distrito Federal","SRAG por influenza",1,0,0,1
2023,3,"2023-SE03","Distrito Federal","SRAG por outro vírus respiratório",49,0,16,49
2023,3,"2023-SE03","RIDE – Goiás","SRAG não especificada",17,3,4,0
2023,3,"2023-SE03","RIDE – Goiás","SRAG por COVID-19",11,0,4,10
2023,3,"2023-SE03","RIDE – Goiás","SRAG por influenza",1,0,1,1
2023,3,"2023-SE03","RIDE – Goiás","SRAG por outro vírus respiratório",7,0,1,7
2023,4,"2023-SE04","Distrito Federal","SRAG não especificada",83,1,30,0
2023,4,"2023-SE04","Distrito Federal","SRAG por COVID-19",15,1,4,15
2023,4,"2023-SE04","Distrito Federal","SRAG por outro vírus respiratório",37,0,11,37
2023,4,"2023-SE04","Fora da RIDE","SRAG não especificada",2,0,0,0
2023,4,"2023-SE04","Fora da RIDE","SRAG por COVID-19",2,0,1,2
2023,4,"2023-SE04","RIDE – Goiás","SRAG não especificada",18,0,8,0
2023,4,"2023-SE04","RIDE – Goiás","SRAG por COVID-19",5,1,2,5
2023,4,"2023-SE04","RIDE – Goiás","SRAG por outro vírus respiratório",9,0,8,9
2023,4,"2023-SE04","RIDE – Minas Gerais","SRAG não especificada",1,0,0,0
2023,5,"2023-SE05","Distrito Federal","SRAG não especificada",125,4,40,1
2023,5,"2023-SE05","Distrito Federal","SRAG por COVID-19",17,0,8,17
2023,5,"2023-SE05","Distrito Federal","SRAG por influenza",2,0,0,2
2023,5,"2023-SE05","Distrito Federal","SRAG por outro vírus respiratório",57,0,17,57
2023,5,"2023-SE05","Fora da RIDE","SRAG não especificada",4,0,2,0
2023,5,"2023-SE05","Fora da RIDE","SRAG por COVID-19",1,0,1,1
2023,5,"2023-SE05","RIDE – Goiás","SRAG não especificada",42,1,11,0
2023,5,"2023-SE05","RIDE – Goiás","SRAG por COVID-19",5,1,0,5
2023,5,"2023-SE05","RIDE – Goiás","SRAG por influenza",1,0,0,1
2023,5,"2023-SE05","RIDE – Goiás","SRAG por outro vírus respiratório",16,0,9,16
2023,5,"2023-SE05","RIDE – Minas Gerais","SRAG não especificada",2,0,2,0
2023,5,"2023-SE05","RIDE – Minas Gerais","SRAG por COVID-19",1,0,0,0
2023,6,"2023-SE06","Distrito Federal","SRAG não especificada",123,6,31,0
2023,6,"2023-SE06","Distrito Federal","SRAG por COVID-19",17,3,9,17
2023,6,"2023-SE06","Distrito Federal","SRAG por influenza",3,0,1,3
2023,6,"2023-SE06","Distrito Federal","SRAG por outro vírus respiratório",50,1,21,50
2023,6,"2023-SE06","Fora da RIDE","SRAG não especificada",4,0,2,0
2023,6,"2023-SE06","Fora da RIDE","SRAG por COVID-19",1,0,1,1
2023,6,"2023-SE06","Fora da RIDE","SRAG por outro vírus respiratório",1,0,1,1
2023,6,"2023-SE06","RIDE – Goiás","SRAG não especificada",29,2,5,0
2023,6,"2023-SE06","RIDE – Goiás","SRAG por COVID-19",6,1,1,6
2023,6,"2023-SE06","RIDE – Goiás","SRAG por influenza",1,0,0,1
2023,6,"2023-SE06","RIDE – Goiás","SRAG por outro vírus respiratório",22,0,10,22
2023,6,"2023-SE06","RIDE – Minas Gerais","SRAG por COVID-19",1,0,0,0
2023,7,"2023-SE07","Distrito Federal","SRAG não especificada",148,1,29,0
2023,7,"2023-SE07","Distrito Federal","SRAG por COVID-19",18,1,4,18
2023,7,"2023-SE07","Distrito Federal","SRAG por influenza",8,0,1,8
2023,7,"2023-SE07","Distrito Federal","SRAG por outro vírus respiratório",45,0,10,45
2023,7,"2023-SE07","Fora da RIDE","SRAG não especificada",3,0,0,0
2023,7,"2023-SE07","Fora da RIDE","SRAG por outro vírus respiratório",1,0,0,1
2023,7,"2023-SE07","RIDE – Goiás","SRAG não especificada",24,1,3,0
2023,7,"2023-SE07","RIDE – Goiás","SRAG por COVID-19",5,3,1,5
2023,7,"2023-SE07","RIDE – Goiás","SRAG por influenza",1,0,0,1
2023,7,"2023-SE07","RIDE – Goiás","SRAG por outro vírus respiratório",25,1,10,25
2023,7,"2023-SE07","RIDE – Minas Gerais","SRAG não especificada",3,0,0,0
2023,7,"2023-SE07","RIDE – Minas Gerais","SRAG por COVID-19",1,0,0,1
2023,8,"2023-SE08","Distrito Federal","SRAG não especificada",151,0,22,0
2023,8,"2023-SE08","Distrito Federal","SRAG por COVID-19",18,0,7,18
2023,8,"2023-SE08","Distrito Federal","SRAG por influenza",8,0,1,8
2023,8,"2023-SE08","Distrito Federal","SRAG por outro vírus respiratório",65,0,22,65
2023,8,"2023-SE08","Fora da RIDE","SRAG não especificada",3,0,1,0
2023,8,"2023-SE08","Fora da RIDE","SRAG por outro vírus respiratório",2,0,0,2
2023,8,"2023-SE08","RIDE – Goiás","SRAG não especificada",30,1,15,0
2023,8,"2023-SE08","RIDE – Goiás","SRAG por COVID-19",2,1,1,2
2023,8,"2023-SE08","RIDE – Goiás","SRAG por influenza",2,0,2,2
2023,8,"2023-SE08","RIDE – Goiás","SRAG por outro vírus respiratório",26,0,13,26
2023,8,"2023-SE08","RIDE – Minas Gerais","SRAG não especificada",1,0,1,0
2023,9,"2023-SE09","Distrito Federal","SRAG não especificada",163,5,40,0
2023,9,"2023-SE09","Distrito Federal","SRAG por COVID-19",27,1,10,27
2023,9,"2023-SE09","Distrito Federal","SRAG por influenza",9,1,2,9
2023,9,"2023-SE09","Distrito Federal","SRAG por outro vírus respiratório",71,0,14,71
2023,9,"2023-SE09","Fora da RIDE","SRAG não especificada",3,0,1,0
2023,9,"2023-SE09","Fora da RIDE","SRAG por COVID-19",2,0,0,2
2023,9,"2023-SE09","Fora da RIDE","SRAG por outro vírus respiratório",1,0,0,1
2023,9,"2023-SE09","RIDE – Goiás","SRAG não especificada",25,0,6,0
2023,9,"2023-SE09","RIDE – Goiás","SRAG por COVID-19",4,1,1,4
2023,9,"2023-SE09","RIDE – Goiás","SRAG por influenza",2,0,0,2
2023,9,"2023-SE09","RIDE – Goiás","SRAG por outro vírus respiratório",22,0,2,22
2023,9,"2023-SE09","RIDE – Minas Gerais","SRAG não especificada",2,0,0,0
2023,9,"2023-SE09","RIDE – Minas Gerais","SRAG por outro vírus respiratório",1,0,1,1
2023,10,"2023-SE10","Distrito Federal","SRAG não especificada",154,2,33,0
2023,10,"2023-SE10","Distrito Federal","SRAG por COVID-19",46,0,17,46
2023,10,"2023-SE10","Distrito Federal","SRAG por influenza",7,0,1,7
2023,10,"2023-SE10","Distrito Federal","SRAG por outro vírus respiratório",98,2,25,98
2023,10,"2023-SE10","Fora da RIDE","SRAG não especificada",6,1,4,0
2023,10,"2023-SE10","Fora da RIDE","SRAG por COVID-19",3,0,2,3
2023,10,"2023-SE10","Fora da RIDE","SRAG por influenza",1,0,0,1
2023,10,"2023-SE10","Fora da RIDE","SRAG por outro vírus respiratório",1,0,0,1
2023,10,"2023-SE10","RIDE – Goiás","SRAG não especificada",24,0,8,0
2023,10,"2023-SE10","RIDE – Goiás","SRAG por COVID-19",1,0,0,1
2023,10,"2023-SE10","RIDE – Goiás","SRAG por influenza",2,0,0,2
2023,10,"2023-SE10","RIDE – Goiás","SRAG por outro vírus respiratório",23,0,10,23
2023,10,"2023-SE10","RIDE – Minas Gerais","SRAG não especificada",2,0,1,0
2023,10,"2023-SE10","RIDE – Minas Gerais","SRAG por COVID-19",1,0,0,0
2023,10,"2023-SE10","RIDE – Minas Gerais","SRAG por outro vírus respiratório",2,0,1,2
2023,11,"2023-SE11","Distrito Federal","SRAG não especificada",151,8,42,0
2023,11,"2023-SE11","Distrito Federal","SRAG por COVID-19",36,1,12,36
2023,11,"2023-SE11","Distrito Federal","SRAG por influenza",19,1,5,19
2023,11,"2023-SE11","Distrito Federal","SRAG por outro vírus respiratório",110,0,23,110
2023,11,"2023-SE11","Fora da RIDE","SRAG não especificada",5,0,0,0
2023,11,"2023-SE11","Fora da RIDE","SRAG por influenza",1,0,1,1
2023,11,"2023-SE11","Fora da RIDE","SRAG por outro vírus respiratório",2,0,0,2
2023,11,"2023-SE11","RIDE – Goiás","SRAG não especificada",20,1,5,0
2023,11,"2023-SE11","RIDE – Goiás","SRAG por COVID-19",6,1,3,6
2023,11,"2023-SE11","RIDE – Goiás","SRAG por influenza",4,0,2,4
2023,11,"2023-SE11","RIDE – Goiás","SRAG por outro vírus respiratório",35,1,10,35
2023,11,"2023-SE11","RIDE – Minas Gerais","SRAG por outro vírus respiratório",2,0,2,2
2023,12,"2023-SE12","Distrito Federal","SRAG não especificada",134,10,24,0
2023,12,"2023-SE12","Distrito Federal","SRAG por COVID-19",40,1,14,40
2023,12,"2023-SE12","Distrito Federal","SRAG por influenza",28,1,4,28
2023,12,"2023-SE12","Distrito Federal","SRAG por outro agente etiológico",1,1,1,0
2023,12,"2023-SE12","Distrito Federal","SRAG por outro vírus respiratório",132,2,38,132
2023,12,"2023-SE12","Fora da RIDE","SRAG não especificada",4,0,1,0
2023,12,"2023-SE12","Fora da RIDE","SRAG por COVID-19",2,0,1,2
2023,12,"2023-SE12","Fora da RIDE","SRAG por outro vírus respiratório",1,0,1,1
2023,12,"2023-SE12","RIDE – Goiás","SRAG não especificada",28,2,8,0
2023,12,"2023-SE12","RIDE – Goiás","SRAG por COVID-19",9,3,4,8
2023,12,"2023-SE12","RIDE – Goiás","SRAG por influenza",4,0,0,4
2023,12,"2023-SE12","RIDE – Goiás","SRAG por outro vírus respiratório",28,1,8,28
2023,13,"2023-SE13","Distrito Federal","SRAG não especificada",116,3,25,0
2023,13,"2023-SE13","Distrito Federal","SRAG por COVID-19",44,1,16,43
2023,13,"2023-SE13","Distrito Federal","SRAG por influenza",27,2,6,27
2023,13,"2023-SE13","Distrito Federal","SRAG por outro vírus respiratório",110,0,28,110
2023,13,"2023-SE13","Fora da RIDE","SRAG não especificada",4,0,0,0
2023,13,"2023-SE13","Fora da RIDE","SRAG por COVID-19",1,0,0,1
2023,13,"2023-SE13","Fora da RIDE","SRAG por influenza",2,1,1,2
2023,13,"2023-SE13","Fora da RIDE","SRAG por outro vírus respiratório",2,0,1,2
2023,13,"2023-SE13","RIDE – Goiás","SRAG não especificada",32,2,10,0
2023,13,"2023-SE13","RIDE – Goiás","SRAG por COVID-19",3,0,2,3
2023,13,"2023-SE13","RIDE – Goiás","SRAG por influenza",11,0,1,11
2023,13,"2023-SE13","RIDE – Goiás","SRAG por outro vírus respiratório",27,1,10,27
2023,13,"2023-SE13","RIDE – Minas Gerais","SRAG por influenza",1,0,0,1
2023,14,"2023-SE14","Distrito Federal","SRAG não especificada",110,6,32,0
2023,14,"2023-SE14","Distrito Federal","SRAG por COVID-19",35,2,20,35
2023,14,"2023-SE14","Distrito Federal","SRAG por influenza",35,1,7,35
2023,14,"2023-SE14","Distrito Federal","SRAG por outro vírus respiratório",92,0,26,92
2023,14,"2023-SE14","Fora da RIDE","SRAG não especificada",5,0,2,0
2023,14,"2023-SE14","Fora da RIDE","SRAG por COVID-19",1,0,0,1
2023,14,"2023-SE14","Fora da RIDE","SRAG por influenza",1,0,0,1
2023,14,"2023-SE14","Fora da RIDE","SRAG por outro vírus respiratório",2,0,1,2
2023,14,"2023-SE14","RIDE – Goiás","SRAG não especificada",13,2,4,0
2023,14,"2023-SE14","RIDE – Goiás","SRAG por COVID-19",6,0,3,5
2023,14,"2023-SE14","RIDE – Goiás","SRAG por influenza",4,0,2,4
2023,14,"2023-SE14","RIDE – Goiás","SRAG por outro vírus respiratório",20,0,8,20
2023,14,"2023-SE14","RIDE – Minas Gerais","SRAG não especificada",2,0,1,0
2023,14,"2023-SE14","RIDE – Minas Gerais","SRAG por COVID-19",1,0,0,0
2023,14,"2023-SE14","RIDE – Minas Gerais","SRAG por influenza",3,0,0,3
2023,15,"2023-SE15","Distrito Federal","SRAG não especificada",120,4,31,0
2023,15,"2023-SE15","Distrito Federal","SRAG por COVID-19",47,7,23,47
2023,15,"2023-SE15","Distrito Federal","SRAG por influenza",38,2,11,38
2023,15,"2023-SE15","Distrito Federal","SRAG por outro vírus respiratório",73,2,24,73
2023,15,"2023-SE15","Fora da RIDE","SRAG não especificada",3,0,1,0
2023,15,"2023-SE15","Fora da RIDE","SRAG por COVID-19",2,0,1,2
2023,15,"2023-SE15","Fora da RIDE","SRAG por influenza",2,0,0,2
2023,15,"2023-SE15","Fora da RIDE","SRAG por outro vírus respiratório",4,0,2,4
2023,15,"2023-SE15","RIDE – Goiás","SRAG não especificada",24,2,6,0
2023,15,"2023-SE15","RIDE – Goiás","SRAG por COVID-19",2,0,1,1
2023,15,"2023-SE15","RIDE – Goiás","SRAG por influenza",7,1,1,7
2023,15,"2023-SE15","RIDE – Goiás","SRAG por outro vírus respiratório",24,0,9,24
2023,15,"2023-SE15","RIDE – Minas Gerais","SRAG não especificada",3,0,1,0
2023,15,"2023-SE15","RIDE – Minas Gerais","SRAG por outro vírus respiratório",2,0,2,2
2023,16,"2023-SE16","Distrito Federal","SRAG não especificada",125,4,31,0
2023,16,"2023-SE16","Distrito Federal","SRAG por COVID-19",47,7,18,47
2023,16,"2023-SE16","Distrito Federal","SRAG por influenza",32,1,7,32
2023,16,"2023-SE16","Distrito Federal","SRAG por outro vírus respiratório",64,2,15,64
2023,16,"2023-SE16","Fora da RIDE","SRAG não especificada",2,0,0,0
2023,16,"2023-SE16","Fora da RIDE","SRAG por outro vírus respiratório",2,0,1,2
2023,16,"2023-SE16","RIDE – Goiás","SRAG não especificada",27,0,4,0
2023,16,"2023-SE16","RIDE – Goiás","SRAG por COVID-19",6,2,2,5
2023,16,"2023-SE16","RIDE – Goiás","SRAG por influenza",19,3,4,19
2023,16,"2023-SE16","RIDE – Goiás","SRAG por outro vírus respiratório",20,0,6,20
2023,17,"2023-SE17","Distrito Federal","SRAG não especificada",113,5,27,0
2023,17,"2023-SE17","Distrito Federal","SRAG por COVID-19",28,1,9,28
2023,17,"2023-SE17","Distrito Federal","SRAG por influenza",32,0,11,32
2023,17,"2023-SE17","Distrito Federal","SRAG por outro vírus respiratório",71,1,23,71
2023,17,"2023-SE17","Fora da RIDE","SRAG não especificada",3,0,0,0
2023,17,"2023-SE17","RIDE – Goiás","SRAG não especificada",19,0,4,0
2023,17,"2023-SE17","RIDE – Goiás","SRAG por COVID-19",5,1,2,5
2023,17,"2023-SE17","RIDE – Goiás","SRAG por influenza",8,1,1,8
2023,17,"2023-SE17","RIDE – Goiás","SRAG por outro vírus respiratório",15,1,7,15
2023,17,"2023-SE17","RIDE – Minas Gerais","SRAG não especificada",4,0,0,0
2023,17,"2023-SE17","RIDE – Minas Gerais","SRAG por COVID-19",1,0,0,1
2023,17,"2023-SE17","RIDE – Minas Gerais","SRAG por influenza",1,0,0,1
2023,18,"2023-SE18","Distrito Federal","SRAG não especificada",147,4,33,0
2023,18,"2023-SE18","Distrito Federal","SRAG por COVID-19",37,2,14,36
2023,18,"2023-SE18","Distrito Federal","SRAG por influenza",33,1,8,33
2023,18,"2023-SE18","Distrito Federal","SRAG por outro vírus respiratório",49,1,16,49
2023,18,"2023-SE18","Fora da RIDE","SRAG não especificada",5,0,2,0
2023,18,"2023-SE18","Fora da RIDE","SRAG por COVID-19",1,0,0,0
2023,18,"2023-SE18","RIDE – Goiás","SRAG não especificada",32,3,5,0
2023,18,"2023-SE18","RIDE – Goiás","SRAG por COVID-19",3,0,0,2
2023,18,"2023-SE18","RIDE – Goiás","SRAG por influenza",13,1,5,13
2023,18,"2023-SE18","RIDE – Goiás","SRAG por outro vírus respiratório",20,0,10,20
2023,18,"2023-SE18","RIDE – Minas Gerais","SRAG não especificada",1,0,1,0
2023,18,"2023-SE18","RIDE – Minas Gerais","SRAG por COVID-19",1,0,0,0
2023,18,"2023-SE18","RIDE – Minas Gerais","SRAG por outro vírus respiratório",1,0,0,1
2023,19,"2023-SE19","Distrito Federal","SRAG não especificada",125,1,26,0
2023,19,"2023-SE19","Distrito Federal","SRAG por COVID-19",43,0,19,43
2023,19,"2023-SE19","Distrito Federal","SRAG por influenza",46,0,15,46
2023,19,"2023-SE19","Distrito Federal","SRAG por outro vírus respiratório",38,1,17,38
2023,19,"2023-SE19","Fora da RIDE","SRAG não especificada",5,1,4,0
2023,19,"2023-SE19","Fora da RIDE","SRAG por influenza",1,0,0,1
2023,19,"2023-SE19","Fora da RIDE","SRAG por outro vírus respiratório",1,0,0,1
2023,19,"2023-SE19","RIDE – Goiás","SRAG não especificada",26,1,6,0
2023,19,"2023-SE19","RIDE – Goiás","SRAG por COVID-19",7,2,2,6
2023,19,"2023-SE19","RIDE – Goiás","SRAG por influenza",21,0,3,21
2023,19,"2023-SE19","RIDE – Goiás","SRAG por outro vírus respiratório",13,0,5,13
2023,19,"2023-SE19","RIDE – Minas Gerais","SRAG não especificada",3,0,1,0
2023,19,"2023-SE19","RIDE – Minas Gerais","SRAG por COVID-19",1,0,1,1
2023,19,"2023-SE19","RIDE – Minas Gerais","SRAG por outro vírus respiratório",1,0,1,1
2023,20,"2023-SE20","Distrito Federal","SRAG não especificada",138,4,34,0
2023,20,"2023-SE20","Distrito Federal","SRAG por COVID-19",32,6,17,32
2023,20,"2023-SE20","Distrito Federal","SRAG por influenza",41,1,12,41
2023,20,"2023-SE20","Distrito Federal","SRAG por outro agente etiológico",1,1,1,0
2023,20,"2023-SE20","Distrito Federal","SRAG por outro vírus respiratório",26,0,9,26
2023,20,"2023-SE20","Fora da RIDE","SRAG não especificada",3,0,1,0
2023,20,"2023-SE20","Fora da RIDE","SRAG por influenza",2,0,0,2
2023,20,"2023-SE20","RIDE – Goiás","SRAG não especificada",19,0,5,0
2023,20,"2023-SE20","RIDE – Goiás","SRAG por COVID-19",9,2,4,8
2023,20,"2023-SE20","RIDE – Goiás","SRAG por influenza",10,0,5,10
2023,20,"2023-SE20","RIDE – Goiás","SRAG por outro vírus respiratório",7,0,4,7
2023,20,"2023-SE20","RIDE – Minas Gerais","SRAG por COVID-19",1,0,1,0
2023,21,"2023-SE21","Distrito Federal","SRAG não especificada",122,3,29,0
2023,21,"2023-SE21","Distrito Federal","SRAG por COVID-19",38,3,17,38
2023,21,"2023-SE21","Distrito Federal","SRAG por influenza",22,1,8,22
2023,21,"2023-SE21","Distrito Federal","SRAG por outro vírus respiratório",9,0,3,9
2023,21,"2023-SE21","Fora da RIDE","SRAG não especificada",3,0,1,0
2023,21,"2023-SE21","Fora da RIDE","SRAG por COVID-19",1,0,0,1
2023,21,"2023-SE21","Fora da RIDE","SRAG por influenza",1,0,0,1
2023,21,"2023-SE21","Fora da RIDE","SRAG por outro vírus respiratório",1,0,0,1
2023,21,"2023-SE21","RIDE – Goiás","SRAG não especificada",31,0,12,0
2023,21,"2023-SE21","RIDE – Goiás","SRAG por COVID-19",7,1,4,6
2023,21,"2023-SE21","RIDE – Goiás","SRAG por influenza",11,0,5,11
2023,21,"2023-SE21","RIDE – Goiás","SRAG por outro vírus respiratório",6,1,3,6
2023,21,"2023-SE21","RIDE – Minas Gerais","SRAG não especificada",2,0,1,0
2023,21,"2023-SE21","RIDE – Minas Gerais","SRAG por COVID-19",1,0,0,0
2023,22,"2023-SE22","Distrito Federal","SRAG não especificada",143,1,40,0
2023,22,"2023-SE22","Distrito Federal","SRAG por COVID-19",26,1,12,26
2023,22,"2023-SE22","Distrito Federal","SRAG por influenza",21,0,6,21
2023,22,"2023-SE22","Distrito Federal","SRAG por outro vírus respiratório",9,0,4,9
2023,22,"2023-SE22","Fora da RIDE","SRAG não especificada",3,0,0,0
2023,22,"2023-SE22","Fora da RIDE","SRAG por influenza",1,0,0,1
2023,22,"2023-SE22","RIDE – Goiás","SRAG não especificada",33,1,11,0
2023,22,"2023-SE22","RIDE – Goiás","SRAG por COVID-19",8,2,4,7
2023,22,"2023-SE22","RIDE – Goiás","SRAG por influenza",4,1,0,4
2023,22,"2023-SE22","RIDE – Goiás","SRAG por outro vírus respiratório",9,0,5,9
2023,22,"2023-SE22","RIDE – Minas Gerais","SRAG não especificada",1,0,1,0
2023,22,"2023-SE22","RIDE – Minas Gerais","SRAG por COVID-19",1,0,0,0
2023,22,"2023-SE22","RIDE – Minas Gerais","SRAG por influenza",1,0,0,1
2023,23,"2023-SE23","Distrito Federal","SRAG não especificada",153,2,45,0
2023,23,"2023-SE23","Distrito Federal","SRAG por COVID-19",27,2,13,27
2023,23,"2023-SE23","Distrito Federal","SRAG por influenza",16,0,9,16
2023,23,"2023-SE23","Distrito Federal","SRAG por outro vírus respiratório",17,0,5,17
2023,23,"2023-SE23","Fora da RIDE","SRAG não especificada",1,0,0,0
2023,23,"2023-SE23","Fora da RIDE","SRAG por COVID-19",2,0,1,2
2023,23,"2023-SE23","Fora da RIDE","SRAG por influenza",2,0,2,2
2023,23,"2023-SE23","Fora da RIDE","SRAG por outro vírus respiratório",1,0,1,1
2023,23,"2023-SE23","RIDE – Goiás","SRAG não especificada",19,0,6,0
2023,23,"2023-SE23","RIDE – Goiás","SRAG por COVID-19",5,2,2,4
2023,23,"2023-SE23","RIDE – Goiás","SRAG por influenza",7,0,0,7
2023,23,"2023-SE23","RIDE – Goiás","SRAG por outro vírus respiratório",6,0,4,6
2023,23,"2023-SE23","RIDE – Minas Gerais","SRAG não especificada",2,0,2,0
2023,24,"2023-SE24","Distrito Federal","SRAG não especificada",123,4,46,0
2023,24,"2023-SE24","Distrito Federal","SRAG por COVID-19",25,1,5,25
2023,24,"2023-SE24","Distrito Federal","SRAG por influenza",9,0,0,9
2023,24,"2023-SE24","Distrito Federal","SRAG por outro vírus respiratório",28,0,5,28
2023,24,"2023-SE24","Fora da RIDE","SRAG não especificada",2,0,1,0
2023,24,"2023-SE24","RIDE – Goiás","SRAG não especificada",29,1,11,0
2023,24,"2023-SE24","RIDE – Goiás","SRAG por COVID-19",4,0,3,4
2023,24,"2023-SE24","RIDE – Goiás","SRAG por influenza",2,0,0,2
2023,24,"2023-SE24","RIDE – Goiás","SRAG por outro vírus respiratório",6,0,1,6
2023,25,"2023-SE25","Distrito Federal","SRAG não especificada",102,1,42,0
2023,25,"2023-SE25","Distrito Federal","SRAG por COVID-19",21,2,12,21
2023,25,"2023-SE25","Distrito Federal","SRAG por influenza",11,0,4,11
2023,25,"2023-SE25","Distrito Federal","SRAG por outro vírus respiratório",16,0,4,16
2023,25,"2023-SE25","Fora da RIDE","SRAG não especificada",5,0,4,0
2023,25,"2023-SE25","RIDE – Goiás","SRAG não especificada",31,2,9,0
2023,25,"2023-SE25","RIDE – Goiás","SRAG por COVID-19",5,2,3,3
2023,25,"2023-SE25","RIDE – Goiás","SRAG por influenza",2,0,1,2
2023,25,"2023-SE25","RIDE – Goiás","SRAG por outro vírus respiratório",2,0,0,2
2023,25,"2023-SE25","RIDE – Minas Gerais","SRAG não especificada",1,0,0,0
2023,26,"2023-SE26","Distrito Federal","SRAG não especificada",122,2,44,0
2023,26,"2023-SE26","Distrito Federal","SRAG por COVID-19",23,2,13,23
2023,26,"2023-SE26","Distrito Federal","SRAG por influenza",8,1,3,8
2023,26,"2023-SE26","Distrito Federal","SRAG por outro agente etiológico",1,0,0,0
2023,26,"2023-SE26","Distrito Federal","SRAG por outro vírus respiratório",18,0,8,18
2023,26,"2023-SE26","Fora da RIDE","SRAG não especificada",5,0,2,0
2023,26,"2023-SE26","Fora da RIDE","SRAG por COVID-19",3,0,2,3
2023,26,"2023-SE26","RIDE – Goiás","SRAG não especificada",24,0,12,0
2023,26,"2023-SE26","RIDE – Goiás","SRAG por COVID-19",8,2,4,4
2023,26,"2023-SE26","RIDE – Goiás","SRAG por influenza",3,0,2,3
2023,26,"2023-SE26","RIDE – Goiás","SRAG por outro vírus respiratório",3,1,2,3
2023,26,"2023-SE26","RIDE – Minas Gerais","SRAG não especificada",7,0,2,0
2023,27,"2023-SE27","Distrito Federal","SRAG não especificada",145,3,55,0
2023,27,"2023-SE27","Distrito Federal","SRAG por COVID-19",12,1,7,12
2023,27,"2023-SE27","Distrito Federal","SRAG por influenza",11,0,3,11
2023,27,"2023-SE27","Distrito Federal","SRAG por outro vírus respiratório",12,0,7,12
2023,27,"2023-SE27","Fora da RIDE","SRAG não especificada",2,0,0,0
2023,27,"2023-SE27","RIDE – Goiás","SRAG não especificada",31,1,7,0
2023,27,"2023-SE27","RIDE – Goiás","SRAG por COVID-19",8,3,2,5
2023,27,"2023-SE27","RIDE – Goiás","SRAG por influenza",1,0,0,1
2023,27,"2023-SE27","RIDE – Goiás","SRAG por outro vírus respiratório",3,0,1,3
2023,27,"2023-SE27","RIDE – Minas Gerais","SRAG não especificada",1,0,1,0
2023,28,"2023-SE28","Distrito Federal","SRAG não especificada",131,3,52,0
2023,28,"2023-SE28","Distrito Federal","SRAG por COVID-19",16,1,5,16
2023,28,"2023-SE28","Distrito Federal","SRAG por influenza",6,0,3,6
2023,28,"2023-SE28","Distrito Federal","SRAG por outro vírus respiratório",12,0,6,12
2023,28,"2023-SE28","Fora da RIDE","SRAG não especificada",6,0,1,0
2023,28,"2023-SE28","Fora da RIDE","SRAG por COVID-19",1,0,1,1
2023,28,"2023-SE28","Fora da RIDE","SRAG por influenza",1,0,1,1
2023,28,"2023-SE28","RIDE – Goiás","SRAG não especificada",27,1,15,0
2023,28,"2023-SE28","RIDE – Goiás","SRAG por COVID-19",4,0,0,2
2023,28,"2023-SE28","RIDE – Goiás","SRAG por influenza",1,0,1,1
2023,28,"2023-SE28","RIDE – Goiás","SRAG por outro vírus respiratório",2,1,1,2
2023,28,"2023-SE28","RIDE – Minas Gerais","SRAG não especificada",1,0,0,0
2023,29,"2023-SE29","Distrito Federal","SRAG não especificada",100,5,32,0
2023,29,"2023-SE29","Distrito Federal","SRAG por COVID-19",15,1,4,15
2023,29,"2023-SE29","Distrito Federal","SRAG por influenza",7,0,5,7
2023,29,"2023-SE29","Distrito Federal","SRAG por outro vírus respiratório",1,0,1,1
2023,29,"2023-SE29","Fora da RIDE","SRAG não especificada",3,0,1,0
2023,29,"2023-SE29","RIDE – Goiás","SRAG não especificada",27,2,8,0
2023,29,"2023-SE29","RIDE – Goiás","SRAG por COVID-19",7,2,3,3
2023,29,"2023-SE29","RIDE – Goiás","SRAG por influenza",1,1,0,1
2023,29,"2023-SE29","RIDE – Goiás","SRAG por outro vírus respiratório",1,0,1,1
2023,29,"2023-SE29","RIDE – Minas Gerais","SRAG não especificada",2,1,1,0
2023,30,"2023-SE30","Distrito Federal","SRAG não especificada",71,3,34,0
2023,30,"2023-SE30","Distrito Federal","SRAG por COVID-19",11,0,10,11
2023,30,"2023-SE30","Distrito Federal","SRAG por influenza",1,0,1,1
2023,30,"2023-SE30","Distrito Federal","SRAG por outro vírus respiratório",3,0,2,3
2023,30,"2023-SE30","Fora da RIDE","SRAG não especificada",5,0,0,0
2023,30,"2023-SE30","RIDE – Goiás","SRAG não especificada",17,1,6,0
2023,30,"2023-SE30","RIDE – Goiás","SRAG por COVID-19",2,1,2,0
2023,30,"2023-SE30","RIDE – Goiás","SRAG por influenza",1,0,0,1
2023,30,"2023-SE30","RIDE – Goiás","SRAG por outro vírus respiratório",2,1,0,2
2023,31,"2023-SE31","Distrito Federal","SRAG não especificada",113,5,36,0
2023,31,"2023-SE31","Distrito Federal","SRAG por COVID-19",12,0,4,12
2023,31,"2023-SE31","Distrito Federal","SRAG por influenza",3,0,1,3
2023,31,"2023-SE31","Distrito Federal","SRAG por outro vírus respiratório",5,0,1,5
2023,31,"2023-SE31","Fora da RIDE","SRAG não especificada",2,0,2,0
2023,31,"2023-SE31","Fora da RIDE","SRAG por outro vírus respiratório",1,0,1,1
2023,31,"2023-SE31","RIDE – Goiás","SRAG não especificada",21,2,3,0
2023,31,"2023-SE31","RIDE – Goiás","SRAG por COVID-19",4,1,1,4
2023,31,"2023-SE31","RIDE – Goiás","SRAG por influenza",4,2,3,4
2023,31,"2023-SE31","RIDE – Goiás","SRAG por outro vírus respiratório",1,1,0,1
2023,32,"2023-SE32","Distrito Federal","SRAG não especificada",92,2,28,0
2023,32,"2023-SE32","Distrito Federal","SRAG por COVID-19",16,2,4,16
2023,32,"2023-SE32","Distrito Federal","SRAG por influenza",3,0,0,3
2023,32,"2023-SE32","Distrito Federal","SRAG por outro vírus respiratório",9,0,4,9
2023,32,"2023-SE32","Fora da RIDE","SRAG não especificada",4,0,0,0
2023,32,"2023-SE32","RIDE – Goiás","SRAG não especificada",25,1,6,0
2023,32,"2023-SE32","RIDE – Goiás","SRAG por COVID-19",3,0,1,3
2023,32,"2023-SE32","RIDE – Goiás","SRAG por outro vírus respiratório",2,0,1,2
2023,32,"2023-SE32","RIDE – Minas Gerais","SRAG não especificada",1,0,0,0
2023,32,"2023-SE32","RIDE – Minas Gerais","SRAG por COVID-19",1,0,0,0
2023,33,"2023-SE33","Distrito Federal","SRAG não especificada",103,4,39,0
2023,33,"2023-SE33","Distrito Federal","SRAG por COVID-19",33,3,13,33
2023,33,"2023-SE33","Distrito Federal","SRAG por influenza",9,1,4,9
2023,33,"2023-SE33","Distrito Federal","SRAG por outro agente etiológico",1,1,1,1
2023,33,"2023-SE33","Distrito Federal","SRAG por outro vírus respiratório",5,0,1,5
2023,33,"2023-SE33","Fora da RIDE","SRAG não especificada",4,0,2,0
2023,33,"2023-SE33","RIDE – Goiás","SRAG não especificada",28,2,12,0
2023,33,"2023-SE33","RIDE – Goiás","SRAG por COVID-19",5,0,1,4
2023,33,"2023-SE33","RIDE – Goiás","SRAG por influenza",1,0,0,1
2023,33,"2023-SE33","RIDE – Goiás","SRAG por outro vírus respiratório",2,0,2,2
2023,33,"2023-SE33","RIDE – Minas Gerais","Não classificada",1,0,1,0
2023,34,"2023-SE34","Distrito Federal","SRAG não especificada",110,5,36,0
2023,34,"2023-SE34","Distrito Federal","SRAG por COVID-19",36,2,18,36
2023,34,"2023-SE34","Distrito Federal","SRAG por influenza",7,0,1,7
2023,34,"2023-SE34","Distrito Federal","SRAG por outro vírus respiratório",10,0,7,10
2023,34,"2023-SE34","Fora da RIDE","SRAG não especificada",9,0,2,0
2023,34,"2023-SE34","RIDE – Goiás","SRAG não especificada",32,1,10,0
2023,34,"2023-SE34","RIDE – Goiás","SRAG por COVID-19",2,0,1,2
2023,34,"2023-SE34","RIDE – Goiás","SRAG por outro vírus respiratório",1,0,0,1
2023,34,"2023-SE34","RIDE – Minas Gerais","SRAG por COVID-19",1,0,0,0
2023,34,"2023-SE34","RIDE – Minas Gerais","SRAG por influenza",1,0,1,1
2023,35,"2023-SE35","Distrito Federal","Não classificada",1,0,1,0
2023,35,"2023-SE35","Distrito Federal","SRAG não especificada",89,3,26,0
2023,35,"2023-SE35","Distrito Federal","SRAG por COVID-19",30,2,13,30
2023,35,"2023-SE35","Distrito Federal","SRAG por influenza",3,0,1,3
2023,35,"2023-SE35","Distrito Federal","SRAG por outro vírus respiratório",7,0,5,7
2023,35,"2023-SE35","Fora da RIDE","SRAG não especificada",2,0,0,0
2023,35,"2023-SE35","Fora da RIDE","SRAG por COVID-19",2,0,0,2
2023,35,"2023-SE35","RIDE – Goiás","SRAG não especificada",23,0,9,0
2023,35,"2023-SE35","RIDE – Goiás","SRAG por COVID-19",3,1,3,3
2023,35,"2023-SE35","RIDE – Goiás","SRAG por outro vírus respiratório",4,0,2,4
2023,35,"2023-SE35","RIDE – Minas Gerais","SRAG não especificada",2,0,1,0
2023,36,"2023-SE36","Distrito Federal","SRAG não especificada",76,1,25,0
2023,36,"2023-SE36","Distrito Federal","SRAG por COVID-19",53,3,20,53
2023,36,"2023-SE36","Distrito Federal","SRAG por influenza",4,0,2,4
2023,36,"2023-SE36","Distrito Federal","SRAG por outro vírus respiratório",10,0,7,10
2023,36,"2023-SE36","Fora da RIDE","SRAG não especificada",4,0,3,0
2023,36,"2023-SE36","RIDE – Goiás","SRAG não especificada",20,0,7,0
2023,36,"2023-SE36","RIDE – Goiás","SRAG por COVID-19",6,1,1,5
2023,36,"2023-SE36","RIDE – Goiás","SRAG por influenza",1,0,1,1
2023,36,"2023-SE36","RIDE – Minas Gerais","SRAG por COVID-19",2,0,2,0
2023,37,"2023-SE37","Distrito Federal","Não classificada",1,0,0,0
2023,37,"2023-SE37","Distrito Federal","SRAG não especificada",90,4,36,0
2023,37,"2023-SE37","Distrito Federal","SRAG por COVID-19",57,2,21,57
2023,37,"2023-SE37","Distrito Federal","SRAG por influenza",2,0,1,2
2023,37,"2023-SE37","Distrito Federal","SRAG por outro agente etiológico",1,0,1,0
2023,37,"2023-SE37","Distrito Federal","SRAG por outro vírus respiratório",7,0,2,7
2023,37,"2023-SE37","Fora da RIDE","SRAG não especificada",2,0,1,0
2023,37,"2023-SE37","Fora da RIDE","SRAG por COVID-19",1,0,1,1
2023,37,"2023-SE37","RIDE – Goiás","SRAG não especificada",27,2,6,0
2023,37,"2023-SE37","RIDE – Goiás","SRAG por COVID-19",4,2,0,2
2023,37,"2023-SE37","RIDE – Goiás","SRAG por outro agente etiológico",1,1,0,0
2023,37,"2023-SE37","RIDE – Goiás","SRAG por outro vírus respiratório",1,0,0,1
2023,38,"2023-SE38","Distrito Federal","SRAG não especificada",101,2,44,0
2023,38,"2023-SE38","Distrito Federal","SRAG por COVID-19",90,5,42,90
2023,38,"2023-SE38","Distrito Federal","SRAG por influenza",3,0,0,3
2023,38,"2023-SE38","Distrito Federal","SRAG por outro agente etiológico",1,0,0,0
2023,38,"2023-SE38","Distrito Federal","SRAG por outro vírus respiratório",4,0,1,4
2023,38,"2023-SE38","Fora da RIDE","SRAG não especificada",4,0,3,0
2023,38,"2023-SE38","Fora da RIDE","SRAG por COVID-19",2,0,0,2
2023,38,"2023-SE38","RIDE – Goiás","SRAG não especificada",14,0,7,0
2023,38,"2023-SE38","RIDE – Goiás","SRAG por COVID-19",8,3,4,7
2023,38,"2023-SE38","RIDE – Goiás","SRAG por influenza",1,0,0,1
2023,38,"2023-SE38","RIDE – Goiás","SRAG por outro vírus respiratório",3,0,1,3
2023,39,"2023-SE39","Distrito Federal","SRAG não especificada",85,4,32,0
2023,39,"2023-SE39","Distrito Federal","SRAG por COVID-19",76,1,33,76
2023,39,"2023-SE39","Distrito Federal","SRAG por influenza",2,0,1,2
2023,39,"2023-SE39","Distrito Federal","SRAG por outro vírus respiratório",4,0,3,4
2023,39,"2023-SE39","Fora da RIDE","SRAG não especificada",3,0,1,0
2023,39,"2023-SE39","Fora da RIDE","SRAG por COVID-19",5,0,0,5
2023,39,"2023-SE39","Fora da RIDE","SRAG por outro vírus respiratório",1,0,0,1
2023,39,"2023-SE39","RIDE – Goiás","SRAG não especificada",22,0,6,0
2023,39,"2023-SE39","RIDE – Goiás","SRAG por COVID-19",11,1,4,10
2023,39,"2023-SE39","RIDE – Goiás","SRAG por outro vírus respiratório",1,0,1,1
2023,39,"2023-SE39","RIDE – Minas Gerais","SRAG por COVID-19",2,2,2,1
2023,40,"2023-SE40","Distrito Federal","SRAG não especificada",90,3,31,0
2023,40,"2023-SE40","Distrito Federal","SRAG por COVID-19",91,2,41,90
2023,40,"2023-SE40","Distrito Federal","SRAG por influenza",5,0,2,5
2023,40,"2023-SE40","Distrito Federal","SRAG por outro vírus respiratório",5,0,5,5
2023,40,"2023-SE40","Fora da RIDE","SRAG não especificada",2,0,0,0
2023,40,"2023-SE40","Fora da RIDE","SRAG por COVID-19",3,0,0,3
2023,40,"2023-SE40","Fora da RIDE","SRAG por outro vírus respiratório",1,0,0,1
2023,40,"2023-SE40","RIDE – Goiás","SRAG não especificada",6,0,2,0
2023,40,"2023-SE40","RIDE – Goiás","SRAG por COVID-19",14,2,4,14
2023,40,"2023-SE40","RIDE – Goiás","SRAG por influenza",1,0,0,1
2023,40,"2023-SE40","RIDE – Goiás","SRAG por outro vírus respiratório",1,0,1,1
2023,40,"2023-SE40","RIDE – Minas Gerais","SRAG por COVID-19",1,0,0,1
2023,41,"2023-SE41","Distrito Federal","Não classificada",1,0,0,0
2023,41,"2023-SE41","Distrito Federal","SRAG não especificada",97,0,44,0
2023,41,"2023-SE41","Distrito Federal","SRAG por COVID-19",61,5,25,60
2023,41,"2023-SE41","Distrito Federal","SRAG por influenza",6,0,2,6
2023,41,"2023-SE41","Distrito Federal","SRAG por outro vírus respiratório",6,0,2,6
2023,41,"2023-SE41","Fora da RIDE","SRAG não especificada",6,0,2,0
2023,41,"2023-SE41","Fora da RIDE","SRAG por outro vírus respiratório",1,1,0,1
2023,41,"2023-SE41","RIDE – Goiás","SRAG não especificada",17,0,7,0
2023,41,"2023-SE41","RIDE – Goiás","SRAG por COVID-19",6,1,3,5
2023,41,"2023-SE41","RIDE – Goiás","SRAG por influenza",1,0,1,1
2023,41,"2023-SE41","RIDE – Goiás","SRAG por outro vírus respiratório",1,0,1,1
2023,42,"2023-SE42","Distrito Federal","Não classificada",2,0,0,0
2023,42,"2023-SE42","Distrito Federal","SRAG não especificada",116,3,53,0
2023,42,"2023-SE42","Distrito Federal","SRAG por COVID-19",63,0,33,62
2023,42,"2023-SE42","Distrito Federal","SRAG por influenza",1,0,0,1
2023,42,"2023-SE42","Distrito Federal","SRAG por outro vírus respiratório",10,0,3,10
2023,42,"2023-SE42","Fora da RIDE","SRAG não especificada",3,0,0,0
2023,42,"2023-SE42","Fora da RIDE","SRAG por COVID-19",1,0,0,1
2023,42,"2023-SE42","RIDE – Goiás","Não classificada",1,0,0,0
2023,42,"2023-SE42","RIDE – Goiás","SRAG não especificada",17,1,5,0
2023,42,"2023-SE42","RIDE – Goiás","SRAG por COVID-19",10,3,4,8
2023,42,"2023-SE42","RIDE – Goiás","SRAG por influenza",1,0,1,1
2023,42,"2023-SE42","Residência ignorada","SRAG por COVID-19",1,0,1,1
2023,43,"2023-SE43","Distrito Federal","SRAG não especificada",112,4,47,0
2023,43,"2023-SE43","Distrito Federal","SRAG por COVID-19",32,3,12,31
2023,43,"2023-SE43","Distrito Federal","SRAG por influenza",1,0,0,1
2023,43,"2023-SE43","Distrito Federal","SRAG por outro agente etiológico",1,1,1,1
2023,43,"2023-SE43","Distrito Federal","SRAG por outro vírus respiratório",7,0,4,7
2023,43,"2023-SE43","Fora da RIDE","SRAG não especificada",3,0,0,0
2023,43,"2023-SE43","Fora da RIDE","SRAG por COVID-19",1,0,0,1
2023,43,"2023-SE43","RIDE – Goiás","SRAG não especificada",21,1,6,0
2023,43,"2023-SE43","RIDE – Goiás","SRAG por COVID-19",5,1,3,4
2023,43,"2023-SE43","RIDE – Goiás","SRAG por influenza",1,0,0,1
2023,43,"2023-SE43","RIDE – Goiás","SRAG por outro agente etiológico",1,1,1,0
2023,43,"2023-SE43","RIDE – Goiás","SRAG por outro vírus respiratório",1,0,1,1
2023,43,"2023-SE43","RIDE – Minas Gerais","SRAG não especificada",1,0,1,0
2023,44,"2023-SE44","Distrito Federal","SRAG não especificada",102,1,38,0
2023,44,"2023-SE44","Distrito Federal","SRAG por COVID-19",30,2,14,30
2023,44,"2023-SE44","Distrito Federal","SRAG por outro vírus respiratório",3,0,2,3
2023,44,"2023-SE44","Fora da RIDE","SRAG não especificada",3,0,1,0
2023,44,"2023-SE44","Fora da RIDE","SRAG por outro vírus respiratório",1,0,0,1
2023,44,"2023-SE44","RIDE – Goiás","SRAG não especificada",24,0,5,0
2023,44,"2023-SE44","RIDE – Goiás","SRAG por COVID-19",5,1,3,4
2023,44,"2023-SE44","RIDE – Goiás","SRAG por outro vírus respiratório",6,0,2,6
2023,44,"2023-SE44","RIDE – Minas Gerais","SRAG não especificada",1,0,0,0
2023,44,"2023-SE44","RIDE – Minas Gerais","SRAG por COVID-19",1,1,0,1
2023,45,"2023-SE45","Distrito Federal","SRAG não especificada",117,5,46,0
2023,45,"2023-SE45","Distrito Federal","SRAG por COVID-19",29,0,19,27
2023,45,"2023-SE45","Distrito Federal","SRAG por influenza",1,0,0,1
2023,45,"2023-SE45","Distrito Federal","SRAG por outro agente etiológico",2,2,2,0
2023,45,"2023-SE45","Distrito Federal","SRAG por outro vírus respiratório",5,0,2,5
2023,45,"2023-SE45","Fora da RIDE","SRAG não especificada",5,0,2,0
2023,45,"2023-SE45","RIDE – Goiás","SRAG não especificada",26,0,7,0
2023,45,"2023-SE45","RIDE – Goiás","SRAG por COVID-19",5,0,3,4
2023,45,"2023-SE45","RIDE – Goiás","SRAG por influenza",1,0,1,1
2023,45,"2023-SE45","RIDE – Goiás","SRAG por outro vírus respiratório",1,0,0,1
2023,46,"2023-SE46","Distrito Federal","SRAG não especificada",112,2,43,0
2023,46,"2023-SE46","Distrito Federal","SRAG por COVID-19",26,3,15,26
2023,46,"2023-SE46","Distrito Federal","SRAG por influenza",1,0,1,1
2023,46,"2023-SE46","Distrito Federal","SRAG por outro vírus respiratório",6,0,2,6
2023,46,"2023-SE46","Fora da RIDE","SRAG não especificada",1,0,1,0
2023,46,"2023-SE46","RIDE – Goiás","SRAG não especificada",19,1,8,0
2023,46,"2023-SE46","RIDE – Goiás","SRAG por COVID-19",1,0,0,1
2023,46,"2023-SE46","RIDE – Goiás","SRAG por outro vírus respiratório",2,0,1,2
2023,46,"2023-SE46","RIDE – Minas Gerais","SRAG por COVID-19",1,0,0,1
2023,47,"2023-SE47","Distrito Federal","Não classificada",1,0,0,0
2023,47,"2023-SE47","Distrito Federal","SRAG não especificada",84,2,37,0
2023,47,"2023-SE47","Distrito Federal","SRAG por COVID-19",12,2,7,12
2023,47,"2023-SE47","Distrito Federal","SRAG por influenza",1,0,0,1
2023,47,"2023-SE47","Distrito Federal","SRAG por outro vírus respiratório",6,0,4,6
2023,47,"2023-SE47","Fora da RIDE","SRAG não especificada",5,0,1,0
2023,47,"2023-SE47","Fora da RIDE","SRAG por COVID-19",1,0,1,1
2023,47,"2023-SE47","RIDE – Goiás","Não classificada",1,0,0,0
2023,47,"2023-SE47","RIDE – Goiás","SRAG não especificada",15,0,6,0
2023,47,"2023-SE47","RIDE – Goiás","SRAG por COVID-19",6,0,3,6
2023,47,"2023-SE47","RIDE – Goiás","SRAG por outro vírus respiratório",4,0,2,4
2023,48,"2023-SE48","Distrito Federal","SRAG não especificada",94,1,35,0
2023,48,"2023-SE48","Distrito Federal","SRAG por COVID-19",14,1,6,14
2023,48,"2023-SE48","Distrito Federal","SRAG por influenza",3,1,1,3
2023,48,"2023-SE48","Distrito Federal","SRAG por outro vírus respiratório",11,0,3,11
2023,48,"2023-SE48","RIDE – Goiás","SRAG não especificada",17,0,5,0
2023,48,"2023-SE48","RIDE – Goiás","SRAG por COVID-19",5,1,2,4
2023,48,"2023-SE48","RIDE – Goiás","SRAG por influenza",1,0,0,1
2023,48,"2023-SE48","RIDE – Goiás","SRAG por outro vírus respiratório",1,0,1,1
2023,48,"2023-SE48","RIDE – Minas Gerais","SRAG não especificada",2,0,0,0
2023,48,"2023-SE48","RIDE – Minas Gerais","SRAG por outro vírus respiratório",1,0,0,1
2023,49,"2023-SE49","Distrito Federal","SRAG não especificada",111,2,37,0
2023,49,"2023-SE49","Distrito Federal","SRAG por COVID-19",10,0,4,10
2023,49,"2023-SE49","Distrito Federal","SRAG por influenza",4,0,1,4
2023,49,"2023-SE49","Distrito Federal","SRAG por outro vírus respiratório",11,0,5,11
2023,49,"2023-SE49","Fora da RIDE","SRAG não especificada",2,0,1,0
2023,49,"2023-SE49","Fora da RIDE","SRAG por COVID-19",1,0,0,1
2023,49,"2023-SE49","RIDE – Goiás","SRAG não especificada",20,0,10,0
2023,49,"2023-SE49","RIDE – Goiás","SRAG por COVID-19",1,0,0,1
2023,49,"2023-SE49","RIDE – Goiás","SRAG por outro vírus respiratório",2,0,1,2
2023,50,"2023-SE50","Distrito Federal","SRAG não especificada",97,2,22,0
2023,50,"2023-SE50","Distrito Federal","SRAG por COVID-19",6,0,2,6
2023,50,"2023-SE50","Distrito Federal","SRAG por influenza",3,0,2,3
2023,50,"2023-SE50","Distrito Federal","SRAG por outro vírus respiratório",7,0,4,7
2023,50,"2023-SE50","Fora da RIDE","SRAG não especificada",4,0,2,0
2023,50,"2023-SE50","Fora da RIDE","SRAG por outro vírus respiratório",1,0,1,1
2023,50,"2023-SE50","RIDE – Goiás","SRAG não especificada",13,0,5,0
2023,50,"2023-SE50","RIDE – Goiás","SRAG por COVID-19",2,1,1,1
2023,50,"2023-SE50","RIDE – Goiás","SRAG por outro vírus respiratório",2,0,1,2
2023,50,"2023-SE50","RIDE – Minas Gerais","SRAG não especificada",1,0,0,0
2023,50,"2023-SE50","RIDE – Minas Gerais","SRAG por COVID-19",1,0,1,0
2023,51,"2023-SE51","Distrito Federal","SRAG não especificada",67,2,35,0
2023,51,"2023-SE51","Distrito Federal","SRAG por COVID-19",5,0,2,5
2023,51,"2023-SE51","Distrito Federal","SRAG por influenza",2,0,1,2
2023,51,"2023-SE51","Distrito Federal","SRAG por outro vírus respiratório",13,0,7,13
2023,51,"2023-SE51","Fora da RIDE","SRAG não especificada",3,0,3,0
2023,51,"2023-SE51","Fora da RIDE","SRAG por COVID-19",1,1,1,1
2023,51,"2023-SE51","Fora da RIDE","SRAG por outro vírus respiratório",2,0,2,2
2023,51,"2023-SE51","RIDE – Goiás","SRAG não especificada",15,0,5,0
2023,51,"2023-SE51","RIDE – Goiás","SRAG por COVID-19",2,0,2,2
2023,51,"2023-SE51","RIDE – Goiás","SRAG por outro vírus respiratório",5,0,4,5
2023,51,"2023-SE51","RIDE – Minas Gerais","SRAG não especificada",1,0,0,0
2023,52,"2023-SE52","Distrito Federal","Não classificada",1,0,1,0
2023,52,"2023-SE52","Distrito Federal","SRAG não especificada",56,2,29,0
2023,52,"2023-SE52","Distrito Federal","SRAG por COVID-19",11,1,8,11
2023,52,"2023-SE52","Distrito Federal","SRAG por influenza",2,0,2,2
2023,52,"2023-SE52","Distrito Federal","SRAG por outro vírus respiratório",10,0,2,10
2023,52,"2023-SE52","Fora da RIDE","SRAG não especificada",3,0,1,0
2023,52,"2023-SE52","RIDE – Goiás","SRAG não especificada",16,1,5,0
2023,52,"2023-SE52","RIDE – Goiás","SRAG por COVID-19",3,1,0,3
2023,52,"2023-SE52","RIDE – Goiás","SRAG por outro vírus respiratório",1,0,0,1
2023,52,"2023-SE52","RIDE – Minas Gerais","SRAG não especificada",1,0,1,0
2024,1,"2024-SE01","Distrito Federal","SRAG não especificada",65,3,32,0
2024,1,"2024-SE01","Distrito Federal","SRAG por COVID-19",13,0,6,13
2024,1,"2024-SE01","Distrito Federal","SRAG por influenza",2,0,0,2
2024,1,"2024-SE01","Distrito Federal","SRAG por outro vírus respiratório",5,0,3,5
2024,1,"2024-SE01","Fora da RIDE","SRAG não especificada",3,0,1,0
2024,1,"2024-SE01","RIDE – Goiás","SRAG não especificada",9,0,3,0
2024,1,"2024-SE01","RIDE – Goiás","SRAG por COVID-19",5,2,0,5
2024,1,"2024-SE01","RIDE – Goiás","SRAG por outro vírus respiratório",3,1,1,3
2024,1,"2024-SE01","RIDE – Minas Gerais","SRAG por COVID-19",2,0,0,1
2024,2,"2024-SE02","Distrito Federal","SRAG não especificada",61,0,34,0
2024,2,"2024-SE02","Distrito Federal","SRAG por COVID-19",20,1,16,20
2024,2,"2024-SE02","Distrito Federal","SRAG por outro vírus respiratório",12,0,3,12
2024,2,"2024-SE02","Fora da RIDE","SRAG não especificada",2,0,0,0
2024,2,"2024-SE02","Fora da RIDE","SRAG por COVID-19",1,0,0,1
2024,2,"2024-SE02","Fora da RIDE","SRAG por outro vírus respiratório",1,0,0,1
2024,2,"2024-SE02","RIDE – Goiás","SRAG não especificada",7,0,5,0
2024,2,"2024-SE02","RIDE – Goiás","SRAG por COVID-19",3,0,1,3
2024,2,"2024-SE02","RIDE – Goiás","SRAG por influenza",1,0,0,1
2024,2,"2024-SE02","RIDE – Goiás","SRAG por outro vírus respiratório",6,0,0,6
2024,2,"2024-SE02","RIDE – Minas Gerais","SRAG não especificada",1,0,1,0
2024,3,"2024-SE03","Distrito Federal","SRAG não especificada",50,1,20,0
2024,3,"2024-SE03","Distrito Federal","SRAG por COVID-19",20,1,10,20
2024,3,"2024-SE03","Distrito Federal","SRAG por influenza",3,1,1,3
2024,3,"2024-SE03","Distrito Federal","SRAG por outro agente etiológico",1,0,0,0
2024,3,"2024-SE03","Distrito Federal","SRAG por outro vírus respiratório",11,0,6,11
2024,3,"2024-SE03","Fora da RIDE","SRAG não especificada",4,0,2,1
2024,3,"2024-SE03","Fora da RIDE","SRAG por outro vírus respiratório",1,0,1,1
2024,3,"2024-SE03","RIDE – Goiás","SRAG não especificada",13,2,6,0
2024,3,"2024-SE03","RIDE – Goiás","SRAG por COVID-19",2,0,0,2
2024,3,"2024-SE03","RIDE – Goiás","SRAG por influenza",2,0,2,2
2024,3,"2024-SE03","RIDE – Goiás","SRAG por outro vírus respiratório",2,0,1,2
2024,4,"2024-SE04","Distrito Federal","SRAG não especificada",62,4,33,0
2024,4,"2024-SE04","Distrito Federal","SRAG por COVID-19",17,3,6,17
2024,4,"2024-SE04","Distrito Federal","SRAG por influenza",1,0,1,1
2024,4,"2024-SE04","Distrito Federal","SRAG por outro vírus respiratório",13,0,4,13
2024,4,"2024-SE04","Fora da RIDE","SRAG não especificada",3,0,1,0
2024,4,"2024-SE04","Fora da RIDE","SRAG por COVID-19",1,1,1,1
2024,4,"2024-SE04","RIDE – Goiás","SRAG não especificada",13,1,7,0
2024,4,"2024-SE04","RIDE – Goiás","SRAG por COVID-19",2,1,1,2
2024,4,"2024-SE04","RIDE – Goiás","SRAG por outro vírus respiratório",2,0,0,2
2024,4,"2024-SE04","RIDE – Minas Gerais","SRAG por COVID-19",1,0,0,0
2024,5,"2024-SE05","Distrito Federal","SRAG não especificada",52,0,30,0
2024,5,"2024-SE05","Distrito Federal","SRAG por COVID-19",18,1,9,18
2024,5,"2024-SE05","Distrito Federal","SRAG por influenza",1,0,1,1
2024,5,"2024-SE05","Distrito Federal","SRAG por outro agente etiológico",1,0,1,0
2024,5,"2024-SE05","Distrito Federal","SRAG por outro vírus respiratório",13,0,8,13
2024,5,"2024-SE05","Fora da RIDE","SRAG não especificada",3,0,2,0
2024,5,"2024-SE05","Fora da RIDE","SRAG por COVID-19",3,0,2,3
2024,5,"2024-SE05","RIDE – Goiás","SRAG não especificada",17,0,4,0
2024,5,"2024-SE05","RIDE – Goiás","SRAG por COVID-19",7,2,2,7
2024,5,"2024-SE05","RIDE – Goiás","SRAG por outro agente etiológico",1,0,0,0
2024,5,"2024-SE05","RIDE – Goiás","SRAG por outro vírus respiratório",4,0,0,4
2024,5,"2024-SE05","RIDE – Minas Gerais","SRAG por COVID-19",1,0,0,0
2024,6,"2024-SE06","Distrito Federal","SRAG não especificada",49,2,22,0
2024,6,"2024-SE06","Distrito Federal","SRAG por COVID-19",29,4,19,29
2024,6,"2024-SE06","Distrito Federal","SRAG por outro vírus respiratório",16,0,4,16
2024,6,"2024-SE06","Fora da RIDE","SRAG não especificada",1,0,0,0
2024,6,"2024-SE06","Fora da RIDE","SRAG por COVID-19",2,0,0,2
2024,6,"2024-SE06","RIDE – Goiás","SRAG não especificada",12,0,7,0
2024,6,"2024-SE06","RIDE – Goiás","SRAG por COVID-19",7,1,4,7
2024,6,"2024-SE06","RIDE – Goiás","SRAG por influenza",1,0,0,1
2024,6,"2024-SE06","RIDE – Goiás","SRAG por outro agente etiológico",1,0,1,0
2024,6,"2024-SE06","RIDE – Goiás","SRAG por outro vírus respiratório",2,0,1,2
2024,6,"2024-SE06","RIDE – Minas Gerais","SRAG não especificada",1,0,1,0
2024,7,"2024-SE07","Distrito Federal","SRAG não especificada",59,1,28,0
2024,7,"2024-SE07","Distrito Federal","SRAG por COVID-19",36,3,15,36
2024,7,"2024-SE07","Distrito Federal","SRAG por outro vírus respiratório",15,0,7,15
2024,7,"2024-SE07","Fora da RIDE","SRAG não especificada",3,0,1,0
2024,7,"2024-SE07","Fora da RIDE","SRAG por COVID-19",1,0,0,1
2024,7,"2024-SE07","RIDE – Goiás","SRAG não especificada",11,0,4,0
2024,7,"2024-SE07","RIDE – Goiás","SRAG por COVID-19",8,2,3,8
2024,7,"2024-SE07","RIDE – Goiás","SRAG por influenza",1,0,0,1
2024,7,"2024-SE07","RIDE – Goiás","SRAG por outro vírus respiratório",5,0,4,5
2024,7,"2024-SE07","RIDE – Minas Gerais","SRAG não especificada",1,0,0,0
2024,7,"2024-SE07","RIDE – Minas Gerais","SRAG por COVID-19",1,1,1,1
2024,8,"2024-SE08","Distrito Federal","SRAG não especificada",72,1,30,0
2024,8,"2024-SE08","Distrito Federal","SRAG por COVID-19",50,4,28,50
2024,8,"2024-SE08","Distrito Federal","SRAG por influenza",9,1,3,9
2024,8,"2024-SE08","Distrito Federal","SRAG por outro vírus respiratório",26,0,5,26
2024,8,"2024-SE08","Fora da RIDE","SRAG não especificada",2,0,0,0
2024,8,"2024-SE08","RIDE – Goiás","SRAG não especificada",25,1,7,0
2024,8,"2024-SE08","RIDE – Goiás","SRAG por COVID-19",2,0,0,2
2024,8,"2024-SE08","RIDE – Goiás","SRAG por outro vírus respiratório",8,0,5,8
2024,8,"2024-SE08","RIDE – Minas Gerais","SRAG por COVID-19",2,0,0,1
2024,9,"2024-SE09","Distrito Federal","SRAG não especificada",107,4,29,0
2024,9,"2024-SE09","Distrito Federal","SRAG por COVID-19",44,2,23,44
2024,9,"2024-SE09","Distrito Federal","SRAG por influenza",4,0,3,4
2024,9,"2024-SE09","Distrito Federal","SRAG por outro vírus respiratório",60,0,19,60
2024,9,"2024-SE09","Fora da RIDE","SRAG não especificada",1,0,0,0
2024,9,"2024-SE09","Fora da RIDE","SRAG por COVID-19",3,0,0,3
2024,9,"2024-SE09","Fora da RIDE","SRAG por outro vírus respiratório",2,0,0,2
2024,9,"2024-SE09","RIDE – Goiás","SRAG não especificada",15,1,5,0
2024,9,"2024-SE09","RIDE – Goiás","SRAG por COVID-19",3,1,0,3
2024,9,"2024-SE09","RIDE – Goiás","SRAG por influenza",1,0,0,1
2024,9,"2024-SE09","RIDE – Goiás","SRAG por outro vírus respiratório",15,0,3,15
2024,9,"2024-SE09","RIDE – Minas Gerais","SRAG por COVID-19",6,1,0,4
2024,9,"2024-SE09","RIDE – Minas Gerais","SRAG por outro vírus respiratório",1,0,0,1
2024,10,"2024-SE10","Distrito Federal","SRAG não especificada",76,0,35,0
2024,10,"2024-SE10","Distrito Federal","SRAG por COVID-19",29,3,15,29
2024,10,"2024-SE10","Distrito Federal","SRAG por influenza",5,0,4,5
2024,10,"2024-SE10","Distrito Federal","SRAG por outro agente etiológico",1,0,1,0
2024,10,"2024-SE10","Distrito Federal","SRAG por outro vírus respiratório",111,1,38,111
2024,10,"2024-SE10","Fora da RIDE","SRAG não especificada",4,0,2,0
2024,10,"2024-SE10","Fora da RIDE","SRAG por COVID-19",2,0,0,2
2024,10,"2024-SE10","RIDE – Goiás","SRAG não especificada",10,1,2,0
2024,10,"2024-SE10","RIDE – Goiás","SRAG por COVID-19",9,2,5,9
2024,10,"2024-SE10","RIDE – Goiás","SRAG por influenza",2,0,1,2
2024,10,"2024-SE10","RIDE – Goiás","SRAG por outro vírus respiratório",19,0,7,19
2024,10,"2024-SE10","RIDE – Minas Gerais","SRAG não especificada",1,0,0,0
2024,11,"2024-SE11","Distrito Federal","SRAG não especificada",57,2,20,0
2024,11,"2024-SE11","Distrito Federal","SRAG por COVID-19",24,1,5,24
2024,11,"2024-SE11","Distrito Federal","SRAG por influenza",10,0,2,10
2024,11,"2024-SE11","Distrito Federal","SRAG por outro vírus respiratório",149,0,41,149
2024,11,"2024-SE11","Fora da RIDE","SRAG não especificada",3,1,2,0
2024,11,"2024-SE11","Fora da RIDE","SRAG por outro vírus respiratório",1,0,0,1
2024,11,"2024-SE11","RIDE – Goiás","SRAG não especificada",9,0,3,0
2024,11,"2024-SE11","RIDE – Goiás","SRAG por COVID-19",1,0,0,1
2024,11,"2024-SE11","RIDE – Goiás","SRAG por influenza",2,0,0,2
2024,11,"2024-SE11","RIDE – Goiás","SRAG por outro vírus respiratório",35,0,10,35
2024,11,"2024-SE11","RIDE – Minas Gerais","SRAG por influenza",1,1,1,1
2024,12,"2024-SE12","Distrito Federal","SRAG não especificada",61,0,23,0
2024,12,"2024-SE12","Distrito Federal","SRAG por COVID-19",15,1,3,15
2024,12,"2024-SE12","Distrito Federal","SRAG por influenza",13,0,3,13
2024,12,"2024-SE12","Distrito Federal","SRAG por outro vírus respiratório",166,2,42,166
2024,12,"2024-SE12","Fora da RIDE","SRAG não especificada",3,0,1,0
2024,12,"2024-SE12","Fora da RIDE","SRAG por influenza",1,0,0,1
2024,12,"2024-SE12","Fora da RIDE","SRAG por outro vírus respiratório",1,0,0,1
2024,12,"2024-SE12","RIDE – Goiás","SRAG não especificada",16,2,2,0
2024,12,"2024-SE12","RIDE – Goiás","SRAG por COVID-19",2,0,0,2
2024,12,"2024-SE12","RIDE – Goiás","SRAG por outro vírus respiratório",25,1,13,25
2024,12,"2024-SE12","RIDE – Minas Gerais","SRAG não especificada",1,0,1,0
2024,13,"2024-SE13","Distrito Federal","SRAG não especificada",53,2,26,0
2024,13,"2024-SE13","Distrito Federal","SRAG por COVID-19",12,1,4,12
2024,13,"2024-SE13","Distrito Federal","SRAG por influenza",21,2,4,21
2024,13,"2024-SE13","Distrito Federal","SRAG por outro agente etiológico",1,0,1,1
2024,13,"2024-SE13","Distrito Federal","SRAG por outro vírus respiratório",177,1,51,177
2024,13,"2024-SE13","Fora da RIDE","SRAG não especificada",1,0,0,0
2024,13,"2024-SE13","Fora da RIDE","SRAG por COVID-19",1,0,0,1
2024,13,"2024-SE13","Fora da RIDE","SRAG por influenza",1,0,0,1
2024,13,"2024-SE13","Fora da RIDE","SRAG por outro vírus respiratório",2,0,0,2
2024,13,"2024-SE13","RIDE – Goiás","SRAG não especificada",10,0,4,0
2024,13,"2024-SE13","RIDE – Goiás","SRAG por COVID-19",2,0,1,2
2024,13,"2024-SE13","RIDE – Goiás","SRAG por influenza",2,0,1,2
2024,13,"2024-SE13","RIDE – Goiás","SRAG por outro vírus respiratório",33,1,13,33
2024,14,"2024-SE14","Distrito Federal","SRAG não especificada",52,0,25,0
2024,14,"2024-SE14","Distrito Federal","SRAG por COVID-19",9,0,3,9
2024,14,"2024-SE14","Distrito Federal","SRAG por influenza",29,2,6,29
2024,14,"2024-SE14","Distrito Federal","SRAG por outro vírus respiratório",213,2,51,213
2024,14,"2024-SE14","Fora da RIDE","SRAG não especificada",1,0,0,0
2024,14,"2024-SE14","Fora da RIDE","SRAG por COVID-19",1,0,0,1
2024,14,"2024-SE14","Fora da RIDE","SRAG por outro vírus respiratório",5,0,2,5
2024,14,"2024-SE14","RIDE – Goiás","SRAG não especificada",15,2,1,0
2024,14,"2024-SE14","RIDE – Goiás","SRAG por COVID-19",1,0,0,1
2024,14,"2024-SE14","RIDE – Goiás","SRAG por influenza",3,1,1,3
2024,14,"2024-SE14","RIDE – Goiás","SRAG por outro vírus respiratório",35,0,13,35
2024,14,"2024-SE14","RIDE – Minas Gerais","SRAG por influenza",1,0,0,1
2024,15,"2024-SE15","Distrito Federal","SRAG não especificada",88,3,35,0
2024,15,"2024-SE15","Distrito Federal","SRAG por COVID-19",5,0,2,5
2024,15,"2024-SE15","Distrito Federal","SRAG por influenza",46,2,14,46
2024,15,"2024-SE15","Distrito Federal","SRAG por outro vírus respiratório",216,2,56,216
2024,15,"2024-SE15","Fora da RIDE","SRAG não especificada",1,0,0,0
2024,15,"2024-SE15","Fora da RIDE","SRAG por influenza",2,0,0,2
2024,15,"2024-SE15","Fora da RIDE","SRAG por outro vírus respiratório",6,0,1,6
2024,15,"2024-SE15","RIDE – Goiás","SRAG não especificada",14,1,3,0
2024,15,"2024-SE15","RIDE – Goiás","SRAG por COVID-19",1,0,1,1
2024,15,"2024-SE15","RIDE – Goiás","SRAG por influenza",3,0,1,3
2024,15,"2024-SE15","RIDE – Goiás","SRAG por outro vírus respiratório",57,1,19,57
2024,15,"2024-SE15","RIDE – Minas Gerais","Não classificada",1,0,0,0
2024,15,"2024-SE15","RIDE – Minas Gerais","SRAG não especificada",1,1,0,0
2024,15,"2024-SE15","RIDE – Minas Gerais","SRAG por outro vírus respiratório",1,0,0,1
2024,16,"2024-SE16","Distrito Federal","SRAG não especificada",83,4,26,0
2024,16,"2024-SE16","Distrito Federal","SRAG por COVID-19",5,1,2,5
2024,16,"2024-SE16","Distrito Federal","SRAG por influenza",47,1,9,47
2024,16,"2024-SE16","Distrito Federal","SRAG por outro vírus respiratório",184,4,56,184
2024,16,"2024-SE16","Fora da RIDE","SRAG não especificada",5,0,1,0
2024,16,"2024-SE16","Fora da RIDE","SRAG por outro vírus respiratório",1,0,0,1
2024,16,"2024-SE16","RIDE – Goiás","SRAG não especificada",16,0,2,0
2024,16,"2024-SE16","RIDE – Goiás","SRAG por COVID-19",2,0,1,2
2024,16,"2024-SE16","RIDE – Goiás","SRAG por influenza",7,0,3,7
2024,16,"2024-SE16","RIDE – Goiás","SRAG por outro vírus respiratório",53,0,19,53
2024,16,"2024-SE16","RIDE – Minas Gerais","Não classificada",1,0,0,0
2024,16,"2024-SE16","RIDE – Minas Gerais","SRAG não especificada",1,0,0,0
2024,16,"2024-SE16","RIDE – Minas Gerais","SRAG por influenza",2,0,1,2
2024,16,"2024-SE16","RIDE – Minas Gerais","SRAG por outro vírus respiratório",2,0,1,2
2024,17,"2024-SE17","Distrito Federal","SRAG não especificada",65,4,21,0
2024,17,"2024-SE17","Distrito Federal","SRAG por COVID-19",5,0,3,5
2024,17,"2024-SE17","Distrito Federal","SRAG por influenza",44,1,13,44
2024,17,"2024-SE17","Distrito Federal","SRAG por outro vírus respiratório",141,2,38,141
2024,17,"2024-SE17","Fora da RIDE","SRAG não especificada",3,0,0,0
2024,17,"2024-SE17","Fora da RIDE","SRAG por outro vírus respiratório",1,0,0,1
2024,17,"2024-SE17","RIDE – Goiás","SRAG não especificada",15,1,4,0
2024,17,"2024-SE17","RIDE – Goiás","SRAG por influenza",9,0,2,9
2024,17,"2024-SE17","RIDE – Goiás","SRAG por outro vírus respiratório",42,1,12,42
2024,17,"2024-SE17","RIDE – Minas Gerais","SRAG não especificada",1,0,0,0
2024,17,"2024-SE17","RIDE – Minas Gerais","SRAG por outro vírus respiratório",1,0,0,1
2024,18,"2024-SE18","Distrito Federal","SRAG não especificada",80,3,22,0
2024,18,"2024-SE18","Distrito Federal","SRAG por COVID-19",6,0,5,6
2024,18,"2024-SE18","Distrito Federal","SRAG por influenza",61,4,21,61
2024,18,"2024-SE18","Distrito Federal","SRAG por outro vírus respiratório",104,1,39,104
2024,18,"2024-SE18","Fora da RIDE","SRAG não especificada",1,0,1,0
2024,18,"2024-SE18","Fora da RIDE","SRAG por influenza",1,0,0,1
2024,18,"2024-SE18","Fora da RIDE","SRAG por outro vírus respiratório",1,0,0,1
2024,18,"2024-SE18","RIDE – Goiás","SRAG não especificada",16,0,5,0
2024,18,"2024-SE18","RIDE – Goiás","SRAG por COVID-19",2,0,0,2
2024,18,"2024-SE18","RIDE – Goiás","SRAG por influenza",14,3,5,14
2024,18,"2024-SE18","RIDE – Goiás","SRAG por outro agente etiológico",1,0,1,0
2024,18,"2024-SE18","RIDE – Goiás","SRAG por outro vírus respiratório",48,0,16,48
2024,18,"2024-SE18","RIDE – Minas Gerais","SRAG por outro vírus respiratório",2,1,0,2
2024,19,"2024-SE19","Distrito Federal","SRAG não especificada",72,3,32,0
2024,19,"2024-SE19","Distrito Federal","SRAG por COVID-19",8,0,5,8
2024,19,"2024-SE19","Distrito Federal","SRAG por influenza",41,1,10,41
2024,19,"2024-SE19","Distrito Federal","SRAG por outro vírus respiratório",95,0,28,95
2024,19,"2024-SE19","Fora da RIDE","SRAG não especificada",1,0,1,0
2024,19,"2024-SE19","Fora da RIDE","SRAG por outro vírus respiratório",3,0,0,3
2024,19,"2024-SE19","RIDE – Goiás","SRAG não especificada",14,0,4,0
2024,19,"2024-SE19","RIDE – Goiás","SRAG por COVID-19",1,1,1,1
2024,19,"2024-SE19","RIDE – Goiás","SRAG por influenza",7,1,2,7
2024,19,"2024-SE19","RIDE – Goiás","SRAG por outro vírus respiratório",37,0,17,37
2024,19,"2024-SE19","RIDE – Minas Gerais","SRAG por influenza",1,0,0,1
2024,19,"2024-SE19","RIDE – Minas Gerais","SRAG por outro vírus respiratório",4,0,3,4
2024,20,"2024-SE20","Distrito Federal","SRAG não especificada",92,6,37,0
2024,20,"2024-SE20","Distrito Federal","SRAG por COVID-19",1,0,0,1
2024,20,"2024-SE20","Distrito Federal","SRAG por influenza",41,1,7,41
2024,20,"2024-SE20","Distrito Federal","SRAG por outro agente etiológico",1,0,0,0
2024,20,"2024-SE20","Distrito Federal","SRAG por outro vírus respiratório",90,0,26,90
2024,20,"2024-SE20","Fora da RIDE","SRAG por influenza",1,0,1,1
2024,20,"2024-SE20","Fora da RIDE","SRAG por outro vírus respiratório",3,0,2,3
2024,20,"2024-SE20","RIDE – Goiás","SRAG não especificada",10,0,2,0
2024,20,"2024-SE20","RIDE – Goiás","SRAG por influenza",13,1,1,13
2024,20,"2024-SE20","RIDE – Goiás","SRAG por outro vírus respiratório",24,0,6,24
2024,20,"2024-SE20","RIDE – Minas Gerais","SRAG por outro vírus respiratório",1,0,1,1
2024,21,"2024-SE21","Distrito Federal","SRAG não especificada",74,1,36,0
2024,21,"2024-SE21","Distrito Federal","SRAG por COVID-19",1,1,0,1
2024,21,"2024-SE21","Distrito Federal","SRAG por influenza",27,2,10,27
2024,21,"2024-SE21","Distrito Federal","SRAG por outro vírus respiratório",89,0,30,89
2024,21,"2024-SE21","Fora da RIDE","SRAG não especificada",4,0,2,0
2024,21,"2024-SE21","Fora da RIDE","SRAG por influenza",2,0,0,2
2024,21,"2024-SE21","Fora da RIDE","SRAG por outro vírus respiratório",2,0,0,2
2024,21,"2024-SE21","RIDE – Goiás","SRAG não especificada",10,0,7,0
2024,21,"2024-SE21","RIDE – Goiás","SRAG por influenza",12,0,2,12
2024,21,"2024-SE21","RIDE – Goiás","SRAG por outro vírus respiratório",16,0,6,16
2024,21,"2024-SE21","RIDE – Minas Gerais","SRAG não especificada",2,0,2,0
2024,21,"2024-SE21","RIDE – Minas Gerais","SRAG por COVID-19",1,0,0,1
2024,21,"2024-SE21","RIDE – Minas Gerais","SRAG por influenza",1,0,1,1
2024,22,"2024-SE22","Distrito Federal","Não classificada",1,0,0,0
2024,22,"2024-SE22","Distrito Federal","SRAG não especificada",76,3,41,0
2024,22,"2024-SE22","Distrito Federal","SRAG por COVID-19",5,0,1,5
2024,22,"2024-SE22","Distrito Federal","SRAG por influenza",24,0,5,24
2024,22,"2024-SE22","Distrito Federal","SRAG por outro vírus respiratório",66,1,13,66
2024,22,"2024-SE22","Fora da RIDE","SRAG por influenza",1,0,0,1
2024,22,"2024-SE22","Fora da RIDE","SRAG por outro vírus respiratório",1,0,1,1
2024,22,"2024-SE22","RIDE – Goiás","SRAG não especificada",15,0,7,0
2024,22,"2024-SE22","RIDE – Goiás","SRAG por influenza",4,0,2,4
2024,22,"2024-SE22","RIDE – Goiás","SRAG por outro vírus respiratório",14,0,5,14
2024,23,"2024-SE23","Distrito Federal","Não classificada",3,0,1,0
2024,23,"2024-SE23","Distrito Federal","SRAG não especificada",63,2,32,0
2024,23,"2024-SE23","Distrito Federal","SRAG por COVID-19",5,1,1,5
2024,23,"2024-SE23","Distrito Federal","SRAG por influenza",20,0,3,20
2024,23,"2024-SE23","Distrito Federal","SRAG por outro vírus respiratório",77,0,29,77
2024,23,"2024-SE23","Fora da RIDE","SRAG não especificada",5,0,1,0
2024,23,"2024-SE23","Fora da RIDE","SRAG por influenza",3,0,1,3
2024,23,"2024-SE23","Fora da RIDE","SRAG por outro vírus respiratório",2,0,1,2
2024,23,"2024-SE23","RIDE – Goiás","SRAG não especificada",10,1,4,0
2024,23,"2024-SE23","RIDE – Goiás","SRAG por influenza",5,1,1,5
2024,23,"2024-SE23","RIDE – Goiás","SRAG por outro vírus respiratório",12,0,6,12
2024,23,"2024-SE23","RIDE – Minas Gerais","SRAG por influenza",1,0,0,1
2024,23,"2024-SE23","RIDE – Minas Gerais","SRAG por outro vírus respiratório",1,0,0,1
2024,24,"2024-SE24","Distrito Federal","SRAG não especificada",76,2,32,0
2024,24,"2024-SE24","Distrito Federal","SRAG por COVID-19",9,1,4,9
2024,24,"2024-SE24","Distrito Federal","SRAG por influenza",17,0,6,17
2024,24,"2024-SE24","Distrito Federal","SRAG por outro vírus respiratório",62,1,14,62
2024,24,"2024-SE24","Fora da RIDE","SRAG não especificada",2,0,0,0
2024,24,"2024-SE24","Fora da RIDE","SRAG por influenza",1,0,0,1
2024,24,"2024-SE24","Fora da RIDE","SRAG por outro vírus respiratório",1,0,0,1
2024,24,"2024-SE24","RIDE – Goiás","SRAG não especificada",8,0,3,0
2024,24,"2024-SE24","RIDE – Goiás","SRAG por influenza",7,2,4,7
2024,24,"2024-SE24","RIDE – Goiás","SRAG por outro vírus respiratório",22,0,5,22
2024,25,"2024-SE25","Distrito Federal","Não classificada",1,0,0,0
2024,25,"2024-SE25","Distrito Federal","SRAG não especificada",70,0,25,1
2024,25,"2024-SE25","Distrito Federal","SRAG por COVID-19",8,0,6,8
2024,25,"2024-SE25","Distrito Federal","SRAG por influenza",15,0,5,15
2024,25,"2024-SE25","Distrito Federal","SRAG por outro vírus respiratório",77,1,14,77
2024,25,"2024-SE25","Fora da RIDE","SRAG não especificada",2,0,0,0
2024,25,"2024-SE25","Fora da RIDE","SRAG por influenza",1,0,0,1
2024,25,"2024-SE25","Fora da RIDE","SRAG por outro vírus respiratório",3,0,0,3
2024,25,"2024-SE25","RIDE – Goiás","SRAG não especificada",16,0,3,0
2024,25,"2024-SE25","RIDE – Goiás","SRAG por influenza",4,0,1,4
2024,25,"2024-SE25","RIDE – Goiás","SRAG por outro vírus respiratório",14,0,8,14
2024,25,"2024-SE25","RIDE – Minas Gerais","SRAG por outro vírus respiratório",1,0,1,1
2024,26,"2024-SE26","Distrito Federal","SRAG não especificada",58,0,19,0
2024,26,"2024-SE26","Distrito Federal","SRAG por COVID-19",8,1,6,8
2024,26,"2024-SE26","Distrito Federal","SRAG por influenza",15,1,9,15
2024,26,"2024-SE26","Distrito Federal","SRAG por outro vírus respiratório",55,0,22,55
2024,26,"2024-SE26","Fora da RIDE","SRAG não especificada",2,0,2,0
2024,26,"2024-SE26","Fora da RIDE","SRAG por influenza",1,0,1,1
2024,26,"2024-SE26","Fora da RIDE","SRAG por outro vírus respiratório",3,0,1,3
2024,26,"2024-SE26","RIDE – Goiás","SRAG não especificada",16,1,6,0
2024,26,"2024-SE26","RIDE – Goiás","SRAG por influenza",6,0,3,6
2024,26,"2024-SE26","RIDE – Goiás","SRAG por outro vírus respiratório",16,0,5,16
2024,27,"2024-SE27","Distrito Federal","Não classificada",2,0,0,1
2024,27,"2024-SE27","Distrito Federal","SRAG não especificada",43,0,13,0
2024,27,"2024-SE27","Distrito Federal","SRAG por COVID-19",16,0,8,16
2024,27,"2024-SE27","Distrito Federal","SRAG por influenza",15,1,4,15
2024,27,"2024-SE27","Distrito Federal","SRAG por outro vírus respiratório",67,0,17,67
2024,27,"2024-SE27","Fora da RIDE","SRAG não especificada",3,0,1,0
2024,27,"2024-SE27","Fora da RIDE","SRAG por outro vírus respiratório",1,0,0,1
2024,27,"2024-SE27","RIDE – Goiás","SRAG não especificada",16,0,5,0
2024,27,"2024-SE27","RIDE – Goiás","SRAG por COVID-19",1,0,1,1
2024,27,"2024-SE27","RIDE – Goiás","SRAG por influenza",6,0,2,6
2024,27,"2024-SE27","RIDE – Goiás","SRAG por outro vírus respiratório",23,0,9,23
2024,27,"2024-SE27","RIDE – Minas Gerais","SRAG por outro vírus respiratório",1,0,1,1
2024,28,"2024-SE28","Distrito Federal","SRAG não especificada",48,1,22,0
2024,28,"2024-SE28","Distrito Federal","SRAG por COVID-19",10,0,5,10
2024,28,"2024-SE28","Distrito Federal","SRAG por influenza",7,0,4,7
2024,28,"2024-SE28","Distrito Federal","SRAG por outro vírus respiratório",42,0,9,42
2024,28,"2024-SE28","Fora da RIDE","SRAG por COVID-19",1,0,0,1
2024,28,"2024-SE28","Fora da RIDE","SRAG por outro vírus respiratório",2,0,1,2
2024,28,"2024-SE28","RIDE – Goiás","SRAG não especificada",16,0,6,0
2024,28,"2024-SE28","RIDE – Goiás","SRAG por COVID-19",1,0,0,1
2024,28,"2024-SE28","RIDE – Goiás","SRAG por influenza",4,1,0,4
2024,28,"2024-SE28","RIDE – Goiás","SRAG por outro vírus respiratório",15,0,4,15
2024,29,"2024-SE29","Distrito Federal","SRAG não especificada",38,2,14,0
2024,29,"2024-SE29","Distrito Federal","SRAG por COVID-19",22,1,11,22
2024,29,"2024-SE29","Distrito Federal","SRAG por influenza",7,0,3,7
2024,29,"2024-SE29","Distrito Federal","SRAG por outro vírus respiratório",31,1,3,31
2024,29,"2024-SE29","Fora da RIDE","SRAG não especificada",2,0,1,0
2024,29,"2024-SE29","RIDE – Goiás","SRAG não especificada",21,1,7,0
2024,29,"2024-SE29","RIDE – Goiás","SRAG por COVID-19",2,0,0,2
2024,29,"2024-SE29","RIDE – Goiás","SRAG por influenza",2,0,1,2
2024,29,"2024-SE29","RIDE – Goiás","SRAG por outro vírus respiratório",4,0,1,4
2024,30,"2024-SE30","Distrito Federal","SRAG não especificada",40,1,16,0
2024,30,"2024-SE30","Distrito Federal","SRAG por COVID-19",13,0,5,13
2024,30,"2024-SE30","Distrito Federal","SRAG por influenza",7,0,1,7
2024,30,"2024-SE30","Distrito Federal","SRAG por outro vírus respiratório",16,0,4,16
2024,30,"2024-SE30","Fora da RIDE","SRAG não especificada",1,0,1,0
2024,30,"2024-SE30","Fora da RIDE","SRAG por COVID-19",1,0,1,1
2024,30,"2024-SE30","Fora da RIDE","SRAG por outro vírus respiratório",1,0,0,1
2024,30,"2024-SE30","RIDE – Goiás","SRAG não especificada",8,1,4,0
2024,30,"2024-SE30","RIDE – Goiás","SRAG por COVID-19",7,4,1,7
2024,30,"2024-SE30","RIDE – Goiás","SRAG por influenza",2,0,0,2
2024,30,"2024-SE30","RIDE – Goiás","SRAG por outro vírus respiratório",7,0,3,7
2024,30,"2024-SE30","RIDE – Minas Gerais","SRAG por COVID-19",1,0,0,1
2024,31,"2024-SE31","Distrito Federal","Não classificada",1,0,0,0
2024,31,"2024-SE31","Distrito Federal","SRAG não especificada",46,3,22,0
2024,31,"2024-SE31","Distrito Federal","SRAG por COVID-19",22,1,9,22
2024,31,"2024-SE31","Distrito Federal","SRAG por influenza",5,1,1,5
2024,31,"2024-SE31","Distrito Federal","SRAG por outro vírus respiratório",25,0,4,25
2024,31,"2024-SE31","Fora da RIDE","SRAG não especificada",3,0,0,0
2024,31,"2024-SE31","Fora da RIDE","SRAG por COVID-19",1,0,0,1
2024,31,"2024-SE31","Fora da RIDE","SRAG por outro vírus respiratório",1,0,1,1
2024,31,"2024-SE31","RIDE – Goiás","SRAG não especificada",15,3,9,0
2024,31,"2024-SE31","RIDE – Goiás","SRAG por COVID-19",3,0,1,3
2024,31,"2024-SE31","RIDE – Goiás","SRAG por influenza",1,0,0,1
2024,31,"2024-SE31","RIDE – Goiás","SRAG por outro vírus respiratório",6,0,1,6
2024,31,"2024-SE31","RIDE – Minas Gerais","SRAG por outro vírus respiratório",2,0,0,2
2024,32,"2024-SE32","Distrito Federal","SRAG não especificada",39,1,25,0
2024,32,"2024-SE32","Distrito Federal","SRAG por COVID-19",19,0,13,18
2024,32,"2024-SE32","Distrito Federal","SRAG por influenza",4,0,1,4
2024,32,"2024-SE32","Distrito Federal","SRAG por outro vírus respiratório",45,1,6,45
2024,32,"2024-SE32","Fora da RIDE","SRAG por outro vírus respiratório",3,0,0,3
2024,32,"2024-SE32","RIDE – Goiás","SRAG não especificada",7,0,4,0
2024,32,"2024-SE32","RIDE – Goiás","SRAG por COVID-19",4,1,2,4
2024,32,"2024-SE32","RIDE – Goiás","SRAG por outro vírus respiratório",6,0,1,6
2024,33,"2024-SE33","Distrito Federal","Não classificada",2,0,1,1
2024,33,"2024-SE33","Distrito Federal","SRAG não especificada",54,0,22,0
2024,33,"2024-SE33","Distrito Federal","SRAG por COVID-19",24,2,16,24
2024,33,"2024-SE33","Distrito Federal","SRAG por influenza",7,0,0,7
2024,33,"2024-SE33","Distrito Federal","SRAG por outro agente etiológico",1,1,1,0
2024,33,"2024-SE33","Distrito Federal","SRAG por outro vírus respiratório",63,0,13,63
2024,33,"2024-SE33","Fora da RIDE","SRAG não especificada",2,0,0,0
2024,33,"2024-SE33","Fora da RIDE","SRAG por COVID-19",1,0,0,1
2024,33,"2024-SE33","Fora da RIDE","SRAG por outro vírus respiratório",2,0,0,2
2024,33,"2024-SE33","RIDE – Goiás","SRAG não especificada",7,1,2,0
2024,33,"2024-SE33","RIDE – Goiás","SRAG por COVID-19",5,0,2,5
2024,33,"2024-SE33","RIDE – Goiás","SRAG por outro vírus respiratório",15,0,5,15
2024,33,"2024-SE33","RIDE – Minas Gerais","SRAG não especificada",1,0,1,0
2024,33,"2024-SE33","RIDE – Minas Gerais","SRAG por COVID-19",1,1,0,0
2024,34,"2024-SE34","Distrito Federal","Não classificada",1,0,0,0
2024,34,"2024-SE34","Distrito Federal","SRAG não especificada",69,3,27,0
2024,34,"2024-SE34","Distrito Federal","SRAG por COVID-19",49,2,21,49
2024,34,"2024-SE34","Distrito Federal","SRAG por influenza",7,0,4,7
2024,34,"2024-SE34","Distrito Federal","SRAG por outro vírus respiratório",64,0,11,64
2024,34,"2024-SE34","Fora da RIDE","SRAG não especificada",1,0,0,0
2024,34,"2024-SE34","Fora da RIDE","SRAG por outro vírus respiratório",2,0,0,2
2024,34,"2024-SE34","RIDE – Goiás","SRAG não especificada",12,1,2,0
2024,34,"2024-SE34","RIDE – Goiás","SRAG por COVID-19",7,2,4,7
2024,34,"2024-SE34","RIDE – Goiás","SRAG por outro agente etiológico",1,0,0,0
2024,34,"2024-SE34","RIDE – Goiás","SRAG por outro vírus respiratório",19,0,5,19
2024,34,"2024-SE34","RIDE – Minas Gerais","SRAG não especificada",1,1,0,0
2024,34,"2024-SE34","RIDE – Minas Gerais","SRAG por COVID-19",1,1,1,0
2024,34,"2024-SE34","RIDE – Minas Gerais","SRAG por outro vírus respiratório",2,0,1,2
2024,35,"2024-SE35","Distrito Federal","Não classificada",2,0,2,1
2024,35,"2024-SE35","Distrito Federal","SRAG não especificada",37,1,16,0
2024,35,"2024-SE35","Distrito Federal","SRAG por COVID-19",34,4,19,34
2024,35,"2024-SE35","Distrito Federal","SRAG por influenza",4,0,2,4
2024,35,"2024-SE35","Distrito Federal","SRAG por outro vírus respiratório",52,0,14,52
2024,35,"2024-SE35","Fora da RIDE","SRAG não especificada",1,0,1,0
2024,35,"2024-SE35","Fora da RIDE","SRAG por COVID-19",1,0,0,1
2024,35,"2024-SE35","Fora da RIDE","SRAG por outro vírus respiratório",1,0,1,1
2024,35,"2024-SE35","RIDE – Goiás","SRAG não especificada",12,1,4,0
2024,35,"2024-SE35","RIDE – Goiás","SRAG por COVID-19",12,4,3,12
2024,35,"2024-SE35","RIDE – Goiás","SRAG por influenza",2,0,0,2
2024,35,"2024-SE35","RIDE – Goiás","SRAG por outro vírus respiratório",11,0,1,11
2024,35,"2024-SE35","RIDE – Minas Gerais","SRAG por COVID-19",1,0,0,1
2024,35,"2024-SE35","RIDE – Minas Gerais","SRAG por outro vírus respiratório",2,0,0,2
2024,36,"2024-SE36","Distrito Federal","Não classificada",1,0,0,0
2024,36,"2024-SE36","Distrito Federal","SRAG não especificada",60,3,25,0
2024,36,"2024-SE36","Distrito Federal","SRAG por COVID-19",37,1,18,37
2024,36,"2024-SE36","Distrito Federal","SRAG por influenza",11,0,4,11
2024,36,"2024-SE36","Distrito Federal","SRAG por outro vírus respiratório",46,0,10,46
2024,36,"2024-SE36","Fora da RIDE","SRAG não especificada",4,0,1,0
2024,36,"2024-SE36","Fora da RIDE","SRAG por COVID-19",2,0,1,2
2024,36,"2024-SE36","Fora da RIDE","SRAG por outro vírus respiratório",1,0,1,1
2024,36,"2024-SE36","RIDE – Goiás","SRAG não especificada",9,1,3,0
2024,36,"2024-SE36","RIDE – Goiás","SRAG por COVID-19",7,0,3,7
2024,36,"2024-SE36","RIDE – Goiás","SRAG por influenza",1,0,0,1
2024,36,"2024-SE36","RIDE – Goiás","SRAG por outro vírus respiratório",13,0,6,13
2024,36,"2024-SE36","RIDE – Minas Gerais","SRAG não especificada",1,0,1,0
2024,36,"2024-SE36","RIDE – Minas Gerais","SRAG por COVID-19",1,0,0,1
2024,37,"2024-SE37","Distrito Federal","Não classificada",1,0,1,0
2024,37,"2024-SE37","Distrito Federal","SRAG não especificada",55,0,27,0
2024,37,"2024-SE37","Distrito Federal","SRAG por COVID-19",37,1,21,37
2024,37,"2024-SE37","Distrito Federal","SRAG por influenza",11,0,4,11
2024,37,"2024-SE37","Distrito Federal","SRAG por outro vírus respiratório",34,1,9,34
2024,37,"2024-SE37","Fora da RIDE","SRAG não especificada",4,0,1,0
2024,37,"2024-SE37","Fora da RIDE","SRAG por outro vírus respiratório",2,0,0,2
2024,37,"2024-SE37","RIDE – Goiás","SRAG não especificada",13,0,3,0
2024,37,"2024-SE37","RIDE – Goiás","SRAG por COVID-19",4,2,2,4
2024,37,"2024-SE37","RIDE – Goiás","SRAG por outro vírus respiratório",4,0,1,4
2024,37,"2024-SE37","RIDE – Minas Gerais","SRAG não especificada",2,0,2,0
2024,37,"2024-SE37","RIDE – Minas Gerais","SRAG por COVID-19",2,2,1,1
2024,38,"2024-SE38","Distrito Federal","Não classificada",2,0,0,0
2024,38,"2024-SE38","Distrito Federal","SRAG não especificada",76,2,40,0
2024,38,"2024-SE38","Distrito Federal","SRAG por COVID-19",38,1,19,36
2024,38,"2024-SE38","Distrito Federal","SRAG por influenza",13,1,5,13
2024,38,"2024-SE38","Distrito Federal","SRAG por outro vírus respiratório",34,0,7,34
2024,38,"2024-SE38","Fora da RIDE","SRAG não especificada",1,0,1,0
2024,38,"2024-SE38","Fora da RIDE","SRAG por outro vírus respiratório",1,0,0,1
2024,38,"2024-SE38","RIDE – Goiás","SRAG não especificada",15,0,6,0
2024,38,"2024-SE38","RIDE – Goiás","SRAG por COVID-19",1,0,0,1
2024,38,"2024-SE38","RIDE – Goiás","SRAG por influenza",2,0,1,2
2024,38,"2024-SE38","RIDE – Goiás","SRAG por outro vírus respiratório",15,0,7,15
2024,38,"2024-SE38","RIDE – Minas Gerais","SRAG não especificada",2,0,2,0
2024,39,"2024-SE39","Distrito Federal","SRAG não especificada",54,0,24,0
2024,39,"2024-SE39","Distrito Federal","SRAG por COVID-19",27,1,11,27
2024,39,"2024-SE39","Distrito Federal","SRAG por influenza",18,1,7,18
2024,39,"2024-SE39","Distrito Federal","SRAG por outro vírus respiratório",19,0,5,19
2024,39,"2024-SE39","Fora da RIDE","SRAG não especificada",1,0,1,0
2024,39,"2024-SE39","Fora da RIDE","SRAG por COVID-19",1,0,1,1
2024,39,"2024-SE39","Fora da RIDE","SRAG por outro vírus respiratório",1,0,0,1
2024,39,"2024-SE39","RIDE – Goiás","SRAG não especificada",8,1,3,0
2024,39,"2024-SE39","RIDE – Goiás","SRAG por COVID-19",7,2,4,7
2024,39,"2024-SE39","RIDE – Goiás","SRAG por influenza",4,0,1,4
2024,39,"2024-SE39","RIDE – Goiás","SRAG por outro vírus respiratório",12,1,6,12
2024,39,"2024-SE39","RIDE – Minas Gerais","SRAG por COVID-19",1,1,1,0
2024,40,"2024-SE40","Distrito Federal","Não classificada",2,0,0,0
2024,40,"2024-SE40","Distrito Federal","SRAG não especificada",70,2,32,0
2024,40,"2024-SE40","Distrito Federal","SRAG por COVID-19",10,1,5,10
2024,40,"2024-SE40","Distrito Federal","SRAG por influenza",22,0,7,22
2024,40,"2024-SE40","Distrito Federal","SRAG por outro vírus respiratório",31,0,7,31
2024,40,"2024-SE40","Fora da RIDE","SRAG não especificada",1,0,1,0
2024,40,"2024-SE40","Fora da RIDE","SRAG por outro vírus respiratório",1,0,0,1
2024,40,"2024-SE40","RIDE – Goiás","SRAG não especificada",8,0,2,0
2024,40,"2024-SE40","RIDE – Goiás","SRAG por COVID-19",2,1,0,2
2024,40,"2024-SE40","RIDE – Goiás","SRAG por influenza",7,1,5,7
2024,40,"2024-SE40","RIDE – Goiás","SRAG por outro vírus respiratório",5,0,2,5
2024,40,"2024-SE40","RIDE – Minas Gerais","SRAG não especificada",1,0,1,0
2024,40,"2024-SE40","RIDE – Minas Gerais","SRAG por COVID-19",1,0,0,0
2024,41,"2024-SE41","Distrito Federal","Não classificada",4,0,2,0
2024,41,"2024-SE41","Distrito Federal","SRAG não especificada",59,2,32,0
2024,41,"2024-SE41","Distrito Federal","SRAG por COVID-19",13,0,5,13
2024,41,"2024-SE41","Distrito Federal","SRAG por influenza",21,0,7,21
2024,41,"2024-SE41","Distrito Federal","SRAG por outro vírus respiratório",31,0,8,31
2024,41,"2024-SE41","Fora da RIDE","SRAG não especificada",1,0,1,0
2024,41,"2024-SE41","Fora da RIDE","SRAG por influenza",1,0,1,1
2024,41,"2024-SE41","RIDE – Goiás","SRAG não especificada",10,1,6,0
2024,41,"2024-SE41","RIDE – Goiás","SRAG por COVID-19",3,0,2,3
2024,41,"2024-SE41","RIDE – Goiás","SRAG por influenza",4,1,2,4
2024,41,"2024-SE41","RIDE – Goiás","SRAG por outro vírus respiratório",5,0,3,5
2024,41,"2024-SE41","RIDE – Minas Gerais","SRAG não especificada",1,0,1,0
2024,42,"2024-SE42","Distrito Federal","Não classificada",1,0,0,0
2024,42,"2024-SE42","Distrito Federal","SRAG não especificada",47,2,21,0
2024,42,"2024-SE42","Distrito Federal","SRAG por COVID-19",9,0,7,9
2024,42,"2024-SE42","Distrito Federal","SRAG por influenza",19,0,7,19
2024,42,"2024-SE42","Distrito Federal","SRAG por outro vírus respiratório",27,0,6,27
2024,42,"2024-SE42","Fora da RIDE","SRAG não especificada",2,0,0,0
2024,42,"2024-SE42","Fora da RIDE","SRAG por outro vírus respiratório",1,0,0,1
2024,42,"2024-SE42","RIDE – Goiás","SRAG não especificada",12,0,6,0
2024,42,"2024-SE42","RIDE – Goiás","SRAG por COVID-19",1,0,1,1
2024,42,"2024-SE42","RIDE – Goiás","SRAG por influenza",2,0,1,2
2024,42,"2024-SE42","RIDE – Goiás","SRAG por outro vírus respiratório",5,0,2,5
2024,43,"2024-SE43","Distrito Federal","Não classificada",1,0,1,0
2024,43,"2024-SE43","Distrito Federal","SRAG não especificada",67,0,24,0
2024,43,"2024-SE43","Distrito Federal","SRAG por COVID-19",9,1,3,9
2024,43,"2024-SE43","Distrito Federal","SRAG por influenza",16,0,3,16
2024,43,"2024-SE43","Distrito Federal","SRAG por outro vírus respiratório",28,0,5,28
2024,43,"2024-SE43","Fora da RIDE","SRAG não especificada",1,0,0,0
2024,43,"2024-SE43","RIDE – Goiás","SRAG não especificada",18,1,3,0
2024,43,"2024-SE43","RIDE – Goiás","SRAG por COVID-19",1,0,0,1
2024,43,"2024-SE43","RIDE – Goiás","SRAG por influenza",2,0,1,2
2024,43,"2024-SE43","RIDE – Goiás","SRAG por outro vírus respiratório",6,0,3,6
2024,43,"2024-SE43","RIDE – Minas Gerais","SRAG por outro vírus respiratório",1,0,0,1
2024,44,"2024-SE44","Distrito Federal","Não classificada",5,0,2,1
2024,44,"2024-SE44","Distrito Federal","SRAG não especificada",72,1,33,0
2024,44,"2024-SE44","Distrito Federal","SRAG por COVID-19",6,0,3,6
2024,44,"2024-SE44","Distrito Federal","SRAG por influenza",13,0,5,13
2024,44,"2024-SE44","Distrito Federal","SRAG por outro vírus respiratório",41,0,13,41
2024,44,"2024-SE44","RIDE – Goiás","SRAG não especificada",13,1,4,0
2024,44,"2024-SE44","RIDE – Goiás","SRAG por COVID-19",1,1,0,1
2024,44,"2024-SE44","RIDE – Goiás","SRAG por influenza",1,0,0,1
2024,44,"2024-SE44","RIDE – Goiás","SRAG por outro vírus respiratório",3,0,1,3
2024,45,"2024-SE45","Distrito Federal","Não classificada",2,0,0,1
2024,45,"2024-SE45","Distrito Federal","SRAG não especificada",66,1,34,0
2024,45,"2024-SE45","Distrito Federal","SRAG por COVID-19",5,0,4,5
2024,45,"2024-SE45","Distrito Federal","SRAG por influenza",10,0,3,10
2024,45,"2024-SE45","Distrito Federal","SRAG por outro vírus respiratório",50,0,15,50
2024,45,"2024-SE45","Fora da RIDE","SRAG não especificada",2,0,0,0
2024,45,"2024-SE45","RIDE – Goiás","SRAG não especificada",13,0,5,0
2024,45,"2024-SE45","RIDE – Goiás","SRAG por outro vírus respiratório",14,0,5,14
2024,46,"2024-SE46","Distrito Federal","Não classificada",2,0,1,1
2024,46,"2024-SE46","Distrito Federal","SRAG não especificada",73,1,37,0
2024,46,"2024-SE46","Distrito Federal","SRAG por COVID-19",5,0,1,5
2024,46,"2024-SE46","Distrito Federal","SRAG por influenza",17,1,9,17
2024,46,"2024-SE46","Distrito Federal","SRAG por outro vírus respiratório",48,0,9,48
2024,46,"2024-SE46","Fora da RIDE","SRAG não especificada",1,0,0,0
2024,46,"2024-SE46","Fora da RIDE","SRAG por outro vírus respiratório",1,0,0,1
2024,46,"2024-SE46","RIDE – Goiás","SRAG não especificada",12,0,3,0
2024,46,"2024-SE46","RIDE – Goiás","SRAG por COVID-19",2,1,0,2
2024,46,"2024-SE46","RIDE – Goiás","SRAG por influenza",3,0,2,3
2024,46,"2024-SE46","RIDE – Goiás","SRAG por outro vírus respiratório",13,0,4,13
2024,46,"2024-SE46","RIDE – Minas Gerais","SRAG não especificada",1,0,0,0
2024,47,"2024-SE47","Distrito Federal","Não classificada",6,0,1,0
2024,47,"2024-SE47","Distrito Federal","SRAG não especificada",77,1,30,0
2024,47,"2024-SE47","Distrito Federal","SRAG por COVID-19",8,0,4,8
2024,47,"2024-SE47","Distrito Federal","SRAG por influenza",12,0,3,12
2024,47,"2024-SE47","Distrito Federal","SRAG por outro vírus respiratório",41,0,8,41
2024,47,"2024-SE47","Fora da RIDE","SRAG não especificada",3,0,0,0
2024,47,"2024-SE47","RIDE – Goiás","SRAG não especificada",11,0,5,0
2024,47,"2024-SE47","RIDE – Goiás","SRAG por COVID-19",1,0,1,1
2024,47,"2024-SE47","RIDE – Goiás","SRAG por influenza",1,0,0,1
2024,47,"2024-SE47","RIDE – Goiás","SRAG por outro agente etiológico",1,0,1,0
2024,47,"2024-SE47","RIDE – Goiás","SRAG por outro vírus respiratório",11,1,6,11
2024,47,"2024-SE47","RIDE – Minas Gerais","SRAG não especificada",2,0,0,0
2024,48,"2024-SE48","Distrito Federal","SRAG não especificada",92,1,42,0
2024,48,"2024-SE48","Distrito Federal","SRAG por COVID-19",9,0,8,9
2024,48,"2024-SE48","Distrito Federal","SRAG por influenza",14,0,6,14
2024,48,"2024-SE48","Distrito Federal","SRAG por outro vírus respiratório",35,1,10,35
2024,48,"2024-SE48","Fora da RIDE","SRAG não especificada",2,1,0,0
2024,48,"2024-SE48","Fora da RIDE","SRAG por outro vírus respiratório",1,0,0,1
2024,48,"2024-SE48","RIDE – Goiás","SRAG não especificada",18,0,6,0
2024,48,"2024-SE48","RIDE – Goiás","SRAG por outro vírus respiratório",6,0,2,6
2024,48,"2024-SE48","RIDE – Minas Gerais","SRAG não especificada",2,0,1,0
2024,49,"2024-SE49","Distrito Federal","Não classificada",1,0,1,0
2024,49,"2024-SE49","Distrito Federal","SRAG não especificada",106,0,36,0
2024,49,"2024-SE49","Distrito Federal","SRAG por COVID-19",11,1,8,10
2024,49,"2024-SE49","Distrito Federal","SRAG por influenza",18,0,9,18
2024,49,"2024-SE49","Distrito Federal","SRAG por outro agente etiológico",1,0,1,0
2024,49,"2024-SE49","Distrito Federal","SRAG por outro vírus respiratório",74,1,23,74
2024,49,"2024-SE49","Fora da RIDE","SRAG não especificada",2,0,1,0
2024,49,"2024-SE49","Fora da RIDE","SRAG por influenza",1,0,0,1
2024,49,"2024-SE49","RIDE – Goiás","SRAG não especificada",14,0,4,0
2024,49,"2024-SE49","RIDE – Goiás","SRAG por COVID-19",1,0,0,1
2024,49,"2024-SE49","RIDE – Goiás","SRAG por influenza",5,0,3,5
2024,49,"2024-SE49","RIDE – Goiás","SRAG por outro vírus respiratório",11,0,5,11
2024,50,"2024-SE50","Distrito Federal","Não classificada",4,0,0,0
2024,50,"2024-SE50","Distrito Federal","SRAG não especificada",86,3,39,0
2024,50,"2024-SE50","Distrito Federal","SRAG por COVID-19",6,0,1,4
2024,50,"2024-SE50","Distrito Federal","SRAG por influenza",8,0,4,8
2024,50,"2024-SE50","Distrito Federal","SRAG por outro agente etiológico",1,0,1,0
2024,50,"2024-SE50","Distrito Federal","SRAG por outro vírus respiratório",59,1,17,59
2024,50,"2024-SE50","RIDE – Goiás","SRAG não especificada",15,2,4,0
2024,50,"2024-SE50","RIDE – Goiás","SRAG por COVID-19",1,0,0,1
2024,50,"2024-SE50","RIDE – Goiás","SRAG por influenza",2,0,0,2
2024,50,"2024-SE50","RIDE – Goiás","SRAG por outro vírus respiratório",11,1,3,11
2024,51,"2024-SE51","Distrito Federal","Não classificada",2,0,0,0
2024,51,"2024-SE51","Distrito Federal","SRAG não especificada",63,1,25,0
2024,51,"2024-SE51","Distrito Federal","SRAG por COVID-19",6,0,4,6
2024,51,"2024-SE51","Distrito Federal","SRAG por influenza",10,1,4,10
2024,51,"2024-SE51","Distrito Federal","SRAG por outro agente etiológico",1,1,1,0
2024,51,"2024-SE51","Distrito Federal","SRAG por outro vírus respiratório",44,0,10,44
2024,51,"2024-SE51","Fora da RIDE","SRAG não especificada",1,0,0,0
2024,51,"2024-SE51","Fora da RIDE","SRAG por influenza",1,0,0,1
2024,51,"2024-SE51","Fora da RIDE","SRAG por outro vírus respiratório",1,0,0,1
2024,51,"2024-SE51","RIDE – Goiás","SRAG não especificada",15,1,6,0
2024,51,"2024-SE51","RIDE – Goiás","SRAG por COVID-19",3,2,2,3
2024,51,"2024-SE51","RIDE – Goiás","SRAG por influenza",4,0,0,4
2024,51,"2024-SE51","RIDE – Goiás","SRAG por outro vírus respiratório",15,0,5,15
2024,51,"2024-SE51","RIDE – Minas Gerais","SRAG por outro vírus respiratório",1,0,0,1
2024,52,"2024-SE52","Distrito Federal","Não classificada",3,0,2,0
2024,52,"2024-SE52","Distrito Federal","SRAG não especificada",71,2,22,0
2024,52,"2024-SE52","Distrito Federal","SRAG por COVID-19",12,0,8,12
2024,52,"2024-SE52","Distrito Federal","SRAG por influenza",5,0,2,5
2024,52,"2024-SE52","Distrito Federal","SRAG por outro vírus respiratório",33,0,8,33
2024,52,"2024-SE52","Fora da RIDE","SRAG não especificada",1,0,1,0
2024,52,"2024-SE52","RIDE – Goiás","SRAG não especificada",15,1,6,0
2024,52,"2024-SE52","RIDE – Goiás","SRAG por outro vírus respiratório",11,0,1,11
2024,52,"2024-SE52","RIDE – Minas Gerais","SRAG não especificada",1,0,0,0
2024,52,"2024-SE52","RIDE – Minas Gerais","SRAG por outro vírus respiratório",1,0,0,1
2025,1,"2025-SE01","Distrito Federal","SRAG não especificada",76,8,40,0
2025,1,"2025-SE01","Distrito Federal","SRAG por COVID-19",13,1,7,13
2025,1,"2025-SE01","Distrito Federal","SRAG por influenza",8,0,3,8
2025,1,"2025-SE01","Distrito Federal","SRAG por outro vírus respiratório",35,0,7,35
2025,1,"2025-SE01","Fora da RIDE","SRAG não especificada",4,0,2,0
2025,1,"2025-SE01","Fora da RIDE","SRAG por COVID-19",3,0,2,3
2025,1,"2025-SE01","Fora da RIDE","SRAG por outro vírus respiratório",1,0,0,1
2025,1,"2025-SE01","RIDE – Goiás","SRAG não especificada",18,2,8,0
2025,1,"2025-SE01","RIDE – Goiás","SRAG por COVID-19",1,0,0,1
2025,1,"2025-SE01","RIDE – Goiás","SRAG por influenza",4,0,1,4
2025,1,"2025-SE01","RIDE – Goiás","SRAG por outro vírus respiratório",12,0,3,12
2025,1,"2025-SE01","RIDE – Minas Gerais","SRAG não especificada",2,0,0,0
2025,1,"2025-SE01","RIDE – Minas Gerais","SRAG por COVID-19",1,0,1,1
2025,2,"2025-SE02","Distrito Federal","SRAG não especificada",68,5,26,0
2025,2,"2025-SE02","Distrito Federal","SRAG por COVID-19",17,0,8,17
2025,2,"2025-SE02","Distrito Federal","SRAG por influenza",5,0,0,5
2025,2,"2025-SE02","Distrito Federal","SRAG por outro vírus respiratório",35,0,11,35
2025,2,"2025-SE02","Fora da RIDE","SRAG por COVID-19",1,0,1,1
2025,2,"2025-SE02","RIDE – Goiás","SRAG não especificada",17,0,8,0
2025,2,"2025-SE02","RIDE – Goiás","SRAG por COVID-19",6,3,3,6
2025,2,"2025-SE02","RIDE – Goiás","SRAG por influenza",1,0,1,1
2025,2,"2025-SE02","RIDE – Goiás","SRAG por outro agente etiológico",1,0,0,1
2025,2,"2025-SE02","RIDE – Goiás","SRAG por outro vírus respiratório",5,1,3,5
2025,2,"2025-SE02","RIDE – Minas Gerais","SRAG por outro vírus respiratório",1,0,0,1
2025,3,"2025-SE03","Distrito Federal","SRAG não especificada",55,2,23,0
2025,3,"2025-SE03","Distrito Federal","SRAG por COVID-19",14,0,5,14
2025,3,"2025-SE03","Distrito Federal","SRAG por influenza",7,1,3,7
2025,3,"2025-SE03","Distrito Federal","SRAG por outro vírus respiratório",30,0,11,30
2025,3,"2025-SE03","Fora da RIDE","SRAG não especificada",3,0,0,0
2025,3,"2025-SE03","RIDE – Goiás","SRAG não especificada",14,1,8,0
2025,3,"2025-SE03","RIDE – Goiás","SRAG por COVID-19",4,1,3,4
2025,3,"2025-SE03","RIDE – Goiás","SRAG por influenza",1,0,0,1
2025,3,"2025-SE03","RIDE – Goiás","SRAG por outro vírus respiratório",5,0,0,5
2025,3,"2025-SE03","RIDE – Minas Gerais","SRAG não especificada",1,0,1,0
2025,4,"2025-SE04","Distrito Federal","SRAG não especificada",72,0,38,0
2025,4,"2025-SE04","Distrito Federal","SRAG por COVID-19",27,0,13,27
2025,4,"2025-SE04","Distrito Federal","SRAG por influenza",5,0,3,5
2025,4,"2025-SE04","Distrito Federal","SRAG por outro vírus respiratório",25,0,5,25
2025,4,"2025-SE04","Fora da RIDE","SRAG não especificada",2,0,1,0
2025,4,"2025-SE04","Fora da RIDE","SRAG por COVID-19",1,0,1,1
2025,4,"2025-SE04","Fora da RIDE","SRAG por influenza",1,0,1,1
2025,4,"2025-SE04","RIDE – Goiás","SRAG não especificada",21,1,6,0
2025,4,"2025-SE04","RIDE – Goiás","SRAG por COVID-19",3,0,1,3
2025,4,"2025-SE04","RIDE – Goiás","SRAG por influenza",2,0,0,2
2025,4,"2025-SE04","RIDE – Goiás","SRAG por outro vírus respiratório",11,0,4,11
2025,4,"2025-SE04","RIDE – Minas Gerais","SRAG não especificada",1,0,0,0
2025,4,"2025-SE04","RIDE – Minas Gerais","SRAG por COVID-19",1,1,0,0
2025,4,"2025-SE04","RIDE – Minas Gerais","SRAG por outro vírus respiratório",2,0,0,2
2025,5,"2025-SE05","Distrito Federal","SRAG não especificada",69,1,32,0
2025,5,"2025-SE05","Distrito Federal","SRAG por COVID-19",29,2,19,29
2025,5,"2025-SE05","Distrito Federal","SRAG por influenza",4,0,1,4
2025,5,"2025-SE05","Distrito Federal","SRAG por outro vírus respiratório",36,0,16,36
2025,5,"2025-SE05","Fora da RIDE","SRAG não especificada",4,0,3,0
2025,5,"2025-SE05","Fora da RIDE","SRAG por outro vírus respiratório",1,0,1,1
2025,5,"2025-SE05","RIDE – Goiás","SRAG não especificada",18,0,6,0
2025,5,"2025-SE05","RIDE – Goiás","SRAG por COVID-19",7,1,1,7
2025,5,"2025-SE05","RIDE – Goiás","SRAG por outro vírus respiratório",12,0,2,12
2025,5,"2025-SE05","RIDE – Minas Gerais","SRAG não especificada",1,0,0,0
2025,5,"2025-SE05","RIDE – Minas Gerais","SRAG por COVID-19",1,0,0,1
2025,5,"2025-SE05","Residência ignorada","SRAG por COVID-19",1,0,1,1
2025,6,"2025-SE06","Distrito Federal","SRAG não especificada",62,1,32,0
2025,6,"2025-SE06","Distrito Federal","SRAG por COVID-19",28,1,12,28
2025,6,"2025-SE06","Distrito Federal","SRAG por influenza",4,0,3,4
2025,6,"2025-SE06","Distrito Federal","SRAG por outro vírus respiratório",46,0,16,46
2025,6,"2025-SE06","Fora da RIDE","SRAG não especificada",2,0,1,0
2025,6,"2025-SE06","Fora da RIDE","SRAG por COVID-19",1,0,1,1
2025,6,"2025-SE06","Fora da RIDE","SRAG por outro vírus respiratório",1,0,1,1
2025,6,"2025-SE06","RIDE – Goiás","SRAG não especificada",19,1,6,0
2025,6,"2025-SE06","RIDE – Goiás","SRAG por COVID-19",3,0,0,3
2025,6,"2025-SE06","RIDE – Goiás","SRAG por influenza",4,1,0,4
2025,6,"2025-SE06","RIDE – Goiás","SRAG por outro vírus respiratório",17,1,7,17
2025,6,"2025-SE06","RIDE – Minas Gerais","SRAG não especificada",1,0,0,0
2025,6,"2025-SE06","RIDE – Minas Gerais","SRAG por COVID-19",2,0,1,2
2025,7,"2025-SE07","Distrito Federal","SRAG não especificada",68,0,33,0
2025,7,"2025-SE07","Distrito Federal","SRAG por COVID-19",39,1,13,39
2025,7,"2025-SE07","Distrito Federal","SRAG por influenza",4,0,3,4
2025,7,"2025-SE07","Distrito Federal","SRAG por outro vírus respiratório",62,0,16,62
2025,7,"2025-SE07","Fora da RIDE","SRAG não especificada",3,0,1,0
2025,7,"2025-SE07","RIDE – Goiás","SRAG não especificada",18,1,10,0
2025,7,"2025-SE07","RIDE – Goiás","SRAG por COVID-19",5,0,2,5
2025,7,"2025-SE07","RIDE – Goiás","SRAG por influenza",1,0,0,1
2025,7,"2025-SE07","RIDE – Goiás","SRAG por outro vírus respiratório",24,0,7,24
2025,7,"2025-SE07","RIDE – Minas Gerais","SRAG por COVID-19",1,1,0,1
2025,8,"2025-SE08","Distrito Federal","SRAG não especificada",60,0,22,0
2025,8,"2025-SE08","Distrito Federal","SRAG por COVID-19",61,1,28,61
2025,8,"2025-SE08","Distrito Federal","SRAG por influenza",2,0,0,2
2025,8,"2025-SE08","Distrito Federal","SRAG por outro vírus respiratório",85,0,18,85
2025,8,"2025-SE08","Fora da RIDE","SRAG não especificada",3,0,1,0
2025,8,"2025-SE08","Fora da RIDE","SRAG por outro vírus respiratório",4,0,3,4
2025,8,"2025-SE08","RIDE – Goiás","SRAG não especificada",24,0,7,0
2025,8,"2025-SE08","RIDE – Goiás","SRAG por COVID-19",7,1,3,7
2025,8,"2025-SE08","RIDE – Goiás","SRAG por influenza",3,0,1,3
2025,8,"2025-SE08","RIDE – Goiás","SRAG por outro vírus respiratório",24,0,7,24
2025,9,"2025-SE09","Distrito Federal","SRAG não especificada",60,0,35,0
2025,9,"2025-SE09","Distrito Federal","SRAG por COVID-19",37,1,15,36
2025,9,"2025-SE09","Distrito Federal","SRAG por influenza",4,0,1,4
2025,9,"2025-SE09","Distrito Federal","SRAG por outro vírus respiratório",137,0,32,137
2025,9,"2025-SE09","Fora da RIDE","SRAG não especificada",3,0,3,0
2025,9,"2025-SE09","RIDE – Goiás","SRAG não especificada",10,1,2,0
2025,9,"2025-SE09","RIDE – Goiás","SRAG por COVID-19",5,0,1,5
2025,9,"2025-SE09","RIDE – Goiás","SRAG por influenza",5,0,0,5
2025,9,"2025-SE09","RIDE – Goiás","SRAG por outro agente etiológico",1,0,1,0
2025,9,"2025-SE09","RIDE – Goiás","SRAG por outro vírus respiratório",36,0,11,36
2025,9,"2025-SE09","RIDE – Minas Gerais","SRAG não especificada",1,0,1,0
2025,9,"2025-SE09","RIDE – Minas Gerais","SRAG por outro vírus respiratório",1,0,1,1
2025,10,"2025-SE10","Distrito Federal","SRAG não especificada",59,0,24,0
2025,10,"2025-SE10","Distrito Federal","SRAG por COVID-19",32,3,9,32
2025,10,"2025-SE10","Distrito Federal","SRAG por influenza",5,0,1,5
2025,10,"2025-SE10","Distrito Federal","SRAG por outro vírus respiratório",156,0,40,156
2025,10,"2025-SE10","Fora da RIDE","SRAG não especificada",1,0,1,0
2025,10,"2025-SE10","Fora da RIDE","SRAG por outro vírus respiratório",1,0,0,1
2025,10,"2025-SE10","RIDE – Goiás","Não classificada",1,0,1,0
2025,10,"2025-SE10","RIDE – Goiás","SRAG não especificada",18,2,9,0
2025,10,"2025-SE10","RIDE – Goiás","SRAG por COVID-19",8,0,1,8
2025,10,"2025-SE10","RIDE – Goiás","SRAG por influenza",9,0,1,9
2025,10,"2025-SE10","RIDE – Goiás","SRAG por outro vírus respiratório",45,0,18,45
2025,10,"2025-SE10","RIDE – Minas Gerais","SRAG não especificada",1,0,0,0
2025,10,"2025-SE10","RIDE – Minas Gerais","SRAG por COVID-19",1,0,1,1
2025,11,"2025-SE11","Distrito Federal","SRAG não especificada",45,1,24,0
2025,11,"2025-SE11","Distrito Federal","SRAG por COVID-19",36,1,11,36
2025,11,"2025-SE11","Distrito Federal","SRAG por influenza",5,0,0,5
2025,11,"2025-SE11","Distrito Federal","SRAG por outro vírus respiratório",150,0,29,150
2025,11,"2025-SE11","Fora da RIDE","SRAG por influenza",1,0,1,1
2025,11,"2025-SE11","Fora da RIDE","SRAG por outro vírus respiratório",2,0,1,2
2025,11,"2025-SE11","RIDE – Goiás","SRAG não especificada",23,1,8,0
2025,11,"2025-SE11","RIDE – Goiás","SRAG por COVID-19",7,2,3,7
2025,11,"2025-SE11","RIDE – Goiás","SRAG por influenza",5,0,0,5
2025,11,"2025-SE11","RIDE – Goiás","SRAG por outro vírus respiratório",36,1,9,36
2025,11,"2025-SE11","RIDE – Minas Gerais","SRAG por outro vírus respiratório",1,0,1,1
2025,12,"2025-SE12","Distrito Federal","SRAG não especificada",67,3,26,0
2025,12,"2025-SE12","Distrito Federal","SRAG por COVID-19",11,0,5,11
2025,12,"2025-SE12","Distrito Federal","SRAG por influenza",13,0,6,13
2025,12,"2025-SE12","Distrito Federal","SRAG por outro vírus respiratório",203,1,46,203
2025,12,"2025-SE12","Fora da RIDE","SRAG não especificada",2,0,2,0
2025,12,"2025-SE12","Fora da RIDE","SRAG por COVID-19",1,0,0,1
2025,12,"2025-SE12","Fora da RIDE","SRAG por outro vírus respiratório",5,0,2,5
2025,12,"2025-SE12","RIDE – Goiás","SRAG não especificada",12,1,7,0
2025,12,"2025-SE12","RIDE – Goiás","SRAG por COVID-19",1,0,0,1
2025,12,"2025-SE12","RIDE – Goiás","SRAG por influenza",4,0,1,4
2025,12,"2025-SE12","RIDE – Goiás","SRAG por outro vírus respiratório",45,0,14,45
2025,12,"2025-SE12","RIDE – Minas Gerais","SRAG não especificada",2,0,1,0
2025,12,"2025-SE12","RIDE – Minas Gerais","SRAG por COVID-19",1,1,1,1
2025,12,"2025-SE12","RIDE – Minas Gerais","SRAG por outro vírus respiratório",2,0,1,2
2025,13,"2025-SE13","Distrito Federal","SRAG não especificada",70,1,24,0
2025,13,"2025-SE13","Distrito Federal","SRAG por COVID-19",13,0,4,13
2025,13,"2025-SE13","Distrito Federal","SRAG por influenza",10,0,6,10
2025,13,"2025-SE13","Distrito Federal","SRAG por outro vírus respiratório",219,0,38,219
2025,13,"2025-SE13","Fora da RIDE","SRAG não especificada",2,0,1,0
2025,13,"2025-SE13","Fora da RIDE","SRAG por influenza",2,0,0,2
2025,13,"2025-SE13","Fora da RIDE","SRAG por outro vírus respiratório",4,0,2,4
2025,13,"2025-SE13","RIDE – Goiás","SRAG não especificada",19,1,4,0
2025,13,"2025-SE13","RIDE – Goiás","SRAG por COVID-19",1,1,0,1
2025,13,"2025-SE13","RIDE – Goiás","SRAG por influenza",12,2,1,12
2025,13,"2025-SE13","RIDE – Goiás","SRAG por outro vírus respiratório",57,0,14,57
2025,13,"2025-SE13","RIDE – Minas Gerais","SRAG não especificada",1,0,1,0
2025,14,"2025-SE14","Distrito Federal","SRAG não especificada",48,2,19,0
2025,14,"2025-SE14","Distrito Federal","SRAG por COVID-19",12,0,5,12
2025,14,"2025-SE14","Distrito Federal","SRAG por influenza",23,2,9,23
2025,14,"2025-SE14","Distrito Federal","SRAG por outro vírus respiratório",228,0,61,228
2025,14,"2025-SE14","Fora da RIDE","SRAG não especificada",4,0,1,0
2025,14,"2025-SE14","Fora da RIDE","SRAG por outro vírus respiratório",1,0,0,1
2025,14,"2025-SE14","RIDE – Goiás","SRAG não especificada",21,3,14,0
2025,14,"2025-SE14","RIDE – Goiás","SRAG por COVID-19",3,0,1,3
2025,14,"2025-SE14","RIDE – Goiás","SRAG por influenza",8,0,0,8
2025,14,"2025-SE14","RIDE – Goiás","SRAG por outro vírus respiratório",62,0,21,62
2025,15,"2025-SE15","Distrito Federal","SRAG não especificada",69,3,25,0
2025,15,"2025-SE15","Distrito Federal","SRAG por COVID-19",9,2,3,9
2025,15,"2025-SE15","Distrito Federal","SRAG por influenza",18,0,5,18
2025,15,"2025-SE15","Distrito Federal","SRAG por outro vírus respiratório",205,2,57,205
2025,15,"2025-SE15","Fora da RIDE","SRAG não especificada",4,0,2,0
2025,15,"2025-SE15","Fora da RIDE","SRAG por influenza",1,0,0,1
2025,15,"2025-SE15","Fora da RIDE","SRAG por outro vírus respiratório",7,0,3,7
2025,15,"2025-SE15","RIDE – Goiás","SRAG não especificada",12,0,5,0
2025,15,"2025-SE15","RIDE – Goiás","SRAG por COVID-19",1,0,1,1
2025,15,"2025-SE15","RIDE – Goiás","SRAG por influenza",8,0,2,8
2025,15,"2025-SE15","RIDE – Goiás","SRAG por outro vírus respiratório",65,2,17,65
2025,15,"2025-SE15","RIDE – Minas Gerais","SRAG não especificada",1,0,0,0
2025,15,"2025-SE15","RIDE – Minas Gerais","SRAG por influenza",1,1,1,1
2025,15,"2025-SE15","RIDE – Minas Gerais","SRAG por outro vírus respiratório",1,0,0,1
2025,16,"2025-SE16","Distrito Federal","SRAG não especificada",55,2,29,0
2025,16,"2025-SE16","Distrito Federal","SRAG por COVID-19",12,2,6,12
2025,16,"2025-SE16","Distrito Federal","SRAG por influenza",50,0,12,50
2025,16,"2025-SE16","Distrito Federal","SRAG por outro vírus respiratório",216,1,47,216
2025,16,"2025-SE16","Fora da RIDE","SRAG não especificada",2,0,2,0
2025,16,"2025-SE16","Fora da RIDE","SRAG por outro vírus respiratório",3,0,2,3
2025,16,"2025-SE16","RIDE – Goiás","SRAG não especificada",22,0,7,0
2025,16,"2025-SE16","RIDE – Goiás","SRAG por COVID-19",2,0,1,2
2025,16,"2025-SE16","RIDE – Goiás","SRAG por influenza",6,0,0,6
2025,16,"2025-SE16","RIDE – Goiás","SRAG por outro vírus respiratório",69,0,23,69
2025,16,"2025-SE16","RIDE – Minas Gerais","SRAG não especificada",4,0,1,0
2025,16,"2025-SE16","RIDE – Minas Gerais","SRAG por influenza",2,0,1,2
2025,17,"2025-SE17","Distrito Federal","SRAG não especificada",47,1,22,0
2025,17,"2025-SE17","Distrito Federal","SRAG por COVID-19",11,0,2,11
2025,17,"2025-SE17","Distrito Federal","SRAG por influenza",67,1,17,67
2025,17,"2025-SE17","Distrito Federal","SRAG por outro vírus respiratório",181,3,41,181
2025,17,"2025-SE17","Fora da RIDE","SRAG não especificada",3,1,0,0
2025,17,"2025-SE17","Fora da RIDE","SRAG por influenza",1,0,0,1
2025,17,"2025-SE17","Fora da RIDE","SRAG por outro vírus respiratório",7,0,3,7
2025,17,"2025-SE17","RIDE – Goiás","SRAG não especificada",13,0,4,0
2025,17,"2025-SE17","RIDE – Goiás","SRAG por COVID-19",4,0,1,4
2025,17,"2025-SE17","RIDE – Goiás","SRAG por influenza",14,0,2,14
2025,17,"2025-SE17","RIDE – Goiás","SRAG por outro vírus respiratório",67,0,20,67
2025,17,"2025-SE17","RIDE – Minas Gerais","SRAG não especificada",2,0,0,0
2025,17,"2025-SE17","RIDE – Minas Gerais","SRAG por outro vírus respiratório",2,0,0,2
2025,18,"2025-SE18","Distrito Federal","SRAG não especificada",54,3,21,0
2025,18,"2025-SE18","Distrito Federal","SRAG por COVID-19",6,0,3,6
2025,18,"2025-SE18","Distrito Federal","SRAG por influenza",88,4,25,88
2025,18,"2025-SE18","Distrito Federal","SRAG por outro vírus respiratório",198,2,65,198
2025,18,"2025-SE18","Fora da RIDE","SRAG não especificada",3,0,1,0
2025,18,"2025-SE18","Fora da RIDE","SRAG por influenza",2,1,1,2
2025,18,"2025-SE18","Fora da RIDE","SRAG por outro vírus respiratório",2,0,1,2
2025,18,"2025-SE18","RIDE – Goiás","SRAG não especificada",23,1,7,0
2025,18,"2025-SE18","RIDE – Goiás","SRAG por COVID-19",4,0,0,4
2025,18,"2025-SE18","RIDE – Goiás","SRAG por influenza",23,2,4,23
2025,18,"2025-SE18","RIDE – Goiás","SRAG por outro vírus respiratório",70,0,18,70
2025,18,"2025-SE18","RIDE – Minas Gerais","SRAG não especificada",1,0,0,0
2025,18,"2025-SE18","RIDE – Minas Gerais","SRAG por outro vírus respiratório",2,0,2,2
2025,19,"2025-SE19","Distrito Federal","SRAG não especificada",72,2,25,0
2025,19,"2025-SE19","Distrito Federal","SRAG por COVID-19",6,0,0,6
2025,19,"2025-SE19","Distrito Federal","SRAG por influenza",112,6,41,112
2025,19,"2025-SE19","Distrito Federal","SRAG por outro agente etiológico",1,0,0,0
2025,19,"2025-SE19","Distrito Federal","SRAG por outro vírus respiratório",188,0,51,188
2025,19,"2025-SE19","Fora da RIDE","SRAG não especificada",6,0,3,0
2025,19,"2025-SE19","Fora da RIDE","SRAG por influenza",2,0,1,2
2025,19,"2025-SE19","Fora da RIDE","SRAG por outro vírus respiratório",7,0,1,7
2025,19,"2025-SE19","RIDE – Goiás","SRAG não especificada",19,2,12,0
2025,19,"2025-SE19","RIDE – Goiás","SRAG por COVID-19",1,0,0,1
2025,19,"2025-SE19","RIDE – Goiás","SRAG por influenza",40,5,8,40
2025,19,"2025-SE19","RIDE – Goiás","SRAG por outro vírus respiratório",61,0,17,61
2025,19,"2025-SE19","RIDE – Minas Gerais","SRAG não especificada",4,0,0,0
2025,19,"2025-SE19","RIDE – Minas Gerais","SRAG por outro vírus respiratório",6,0,1,6
2025,20,"2025-SE20","Distrito Federal","SRAG não especificada",70,5,34,0
2025,20,"2025-SE20","Distrito Federal","SRAG por COVID-19",9,0,3,9
2025,20,"2025-SE20","Distrito Federal","SRAG por influenza",139,8,53,139
2025,20,"2025-SE20","Distrito Federal","SRAG por outro vírus respiratório",151,0,36,151
2025,20,"2025-SE20","Fora da RIDE","SRAG não especificada",3,0,2,0
2025,20,"2025-SE20","Fora da RIDE","SRAG por influenza",4,0,1,4
2025,20,"2025-SE20","Fora da RIDE","SRAG por outro vírus respiratório",7,0,1,7
2025,20,"2025-SE20","RIDE – Goiás","SRAG não especificada",22,2,13,0
2025,20,"2025-SE20","RIDE – Goiás","SRAG por COVID-19",1,0,0,1
2025,20,"2025-SE20","RIDE – Goiás","SRAG por influenza",35,1,7,35
2025,20,"2025-SE20","RIDE – Goiás","SRAG por outro vírus respiratório",65,3,20,65
2025,20,"2025-SE20","RIDE – Minas Gerais","SRAG não especificada",6,1,0,0
2025,20,"2025-SE20","RIDE – Minas Gerais","SRAG por influenza",1,0,0,1
2025,20,"2025-SE20","RIDE – Minas Gerais","SRAG por outro vírus respiratório",5,0,0,5
2025,21,"2025-SE21","Distrito Federal","SRAG não especificada",64,5,26,0
2025,21,"2025-SE21","Distrito Federal","SRAG por COVID-19",1,0,0,1
2025,21,"2025-SE21","Distrito Federal","SRAG por influenza",148,7,44,148
2025,21,"2025-SE21","Distrito Federal","SRAG por outro vírus respiratório",155,1,37,155
2025,21,"2025-SE21","Fora da RIDE","SRAG não especificada",6,0,4,0
2025,21,"2025-SE21","Fora da RIDE","SRAG por influenza",3,0,1,3
2025,21,"2025-SE21","Fora da RIDE","SRAG por outro vírus respiratório",6,0,1,6
2025,21,"2025-SE21","RIDE – Goiás","SRAG não especificada",30,2,8,0
2025,21,"2025-SE21","RIDE – Goiás","SRAG por COVID-19",1,0,1,1
2025,21,"2025-SE21","RIDE – Goiás","SRAG por influenza",37,2,4,37
2025,21,"2025-SE21","RIDE – Goiás","SRAG por outro vírus respiratório",46,1,11,46
2025,21,"2025-SE21","RIDE – Minas Gerais","SRAG não especificada",2,0,0,0
2025,21,"2025-SE21","RIDE – Minas Gerais","SRAG por influenza",2,0,0,2
2025,21,"2025-SE21","RIDE – Minas Gerais","SRAG por outro vírus respiratório",4,0,1,4
2025,22,"2025-SE22","Distrito Federal","SRAG não especificada",55,4,18,0
2025,22,"2025-SE22","Distrito Federal","SRAG por COVID-19",4,0,1,4
2025,22,"2025-SE22","Distrito Federal","SRAG por influenza",123,6,38,123
2025,22,"2025-SE22","Distrito Federal","SRAG por outro vírus respiratório",137,2,33,137
2025,22,"2025-SE22","Fora da RIDE","SRAG não especificada",3,0,1,0
2025,22,"2025-SE22","Fora da RIDE","SRAG por COVID-19",1,0,0,1
2025,22,"2025-SE22","Fora da RIDE","SRAG por influenza",1,1,1,1
2025,22,"2025-SE22","Fora da RIDE","SRAG por outro vírus respiratório",6,0,1,6
2025,22,"2025-SE22","RIDE – Goiás","SRAG não especificada",21,1,9,0
2025,22,"2025-SE22","RIDE – Goiás","SRAG por influenza",36,0,4,35
2025,22,"2025-SE22","RIDE – Goiás","SRAG por outro vírus respiratório",52,0,17,52
2025,22,"2025-SE22","RIDE – Minas Gerais","SRAG não especificada",4,0,1,0
2025,22,"2025-SE22","RIDE – Minas Gerais","SRAG por COVID-19",4,1,0,4
2025,22,"2025-SE22","RIDE – Minas Gerais","SRAG por outro vírus respiratório",4,0,0,4
2025,23,"2025-SE23","Distrito Federal","SRAG não especificada",77,4,30,0
2025,23,"2025-SE23","Distrito Federal","SRAG por COVID-19",2,0,1,2
2025,23,"2025-SE23","Distrito Federal","SRAG por influenza",84,5,38,84
2025,23,"2025-SE23","Distrito Federal","SRAG por outro vírus respiratório",116,1,35,116
2025,23,"2025-SE23","Fora da RIDE","SRAG não especificada",1,0,0,0
2025,23,"2025-SE23","Fora da RIDE","SRAG por influenza",2,0,0,2
2025,23,"2025-SE23","Fora da RIDE","SRAG por outro vírus respiratório",2,0,0,2
2025,23,"2025-SE23","RIDE – Goiás","SRAG não especificada",19,3,8,0
2025,23,"2025-SE23","RIDE – Goiás","SRAG por COVID-19",1,0,1,1
2025,23,"2025-SE23","RIDE – Goiás","SRAG por influenza",35,1,5,35
2025,23,"2025-SE23","RIDE – Goiás","SRAG por outro vírus respiratório",35,0,7,35
2025,23,"2025-SE23","RIDE – Minas Gerais","SRAG não especificada",3,1,0,0
2025,23,"2025-SE23","RIDE – Minas Gerais","SRAG por influenza",1,0,0,1
2025,23,"2025-SE23","RIDE – Minas Gerais","SRAG por outro vírus respiratório",3,0,0,3
2025,24,"2025-SE24","Distrito Federal","SRAG não especificada",59,3,26,0
2025,24,"2025-SE24","Distrito Federal","SRAG por COVID-19",3,0,2,3
2025,24,"2025-SE24","Distrito Federal","SRAG por influenza",64,5,28,64
2025,24,"2025-SE24","Distrito Federal","SRAG por outro vírus respiratório",89,0,24,89
2025,24,"2025-SE24","Fora da RIDE","SRAG por influenza",1,0,1,1
2025,24,"2025-SE24","Fora da RIDE","SRAG por outro vírus respiratório",2,0,2,2
2025,24,"2025-SE24","RIDE – Goiás","SRAG não especificada",22,0,8,0
2025,24,"2025-SE24","RIDE – Goiás","SRAG por COVID-19",1,0,0,1
2025,24,"2025-SE24","RIDE – Goiás","SRAG por influenza",32,1,5,32
2025,24,"2025-SE24","RIDE – Goiás","SRAG por outro agente etiológico",1,1,0,0
2025,24,"2025-SE24","RIDE – Goiás","SRAG por outro vírus respiratório",39,0,11,39
2025,24,"2025-SE24","RIDE – Minas Gerais","SRAG não especificada",4,0,0,0
2025,24,"2025-SE24","RIDE – Minas Gerais","SRAG por COVID-19",2,0,0,2
2025,24,"2025-SE24","RIDE – Minas Gerais","SRAG por outro vírus respiratório",4,0,0,4
2025,25,"2025-SE25","Distrito Federal","SRAG não especificada",56,3,14,0
2025,25,"2025-SE25","Distrito Federal","SRAG por COVID-19",2,0,0,2
2025,25,"2025-SE25","Distrito Federal","SRAG por influenza",41,2,13,41
2025,25,"2025-SE25","Distrito Federal","SRAG por outro vírus respiratório",84,0,20,84
2025,25,"2025-SE25","Fora da RIDE","SRAG não especificada",2,0,1,0
2025,25,"2025-SE25","Fora da RIDE","SRAG por influenza",1,1,1,1
2025,25,"2025-SE25","Fora da RIDE","SRAG por outro vírus respiratório",2,0,1,2
2025,25,"2025-SE25","RIDE – Goiás","SRAG não especificada",21,2,13,0
2025,25,"2025-SE25","RIDE – Goiás","SRAG por COVID-19",2,0,0,2
2025,25,"2025-SE25","RIDE – Goiás","SRAG por influenza",21,0,1,21
2025,25,"2025-SE25","RIDE – Goiás","SRAG por outro vírus respiratório",29,0,14,29
2025,25,"2025-SE25","RIDE – Minas Gerais","SRAG não especificada",1,0,0,0
2025,25,"2025-SE25","RIDE – Minas Gerais","SRAG por influenza",2,0,0,2
2025,26,"2025-SE26","Distrito Federal","SRAG não especificada",51,5,18,0
2025,26,"2025-SE26","Distrito Federal","SRAG por COVID-19",5,0,3,5
2025,26,"2025-SE26","Distrito Federal","SRAG por influenza",42,2,16,42
2025,26,"2025-SE26","Distrito Federal","SRAG por outro vírus respiratório",88,2,17,88
2025,26,"2025-SE26","Fora da RIDE","SRAG não especificada",6,1,1,0
2025,26,"2025-SE26","Fora da RIDE","SRAG por influenza",1,0,0,1
2025,26,"2025-SE26","Fora da RIDE","SRAG por outro vírus respiratório",3,0,0,3
2025,26,"2025-SE26","RIDE – Goiás","SRAG não especificada",23,1,9,0
2025,26,"2025-SE26","RIDE – Goiás","SRAG por COVID-19",1,0,0,1
2025,26,"2025-SE26","RIDE – Goiás","SRAG por influenza",14,1,4,14
2025,26,"2025-SE26","RIDE – Goiás","SRAG por outro vírus respiratório",22,0,9,22
2025,26,"2025-SE26","RIDE – Minas Gerais","SRAG não especificada",2,0,0,0
2025,26,"2025-SE26","RIDE – Minas Gerais","SRAG por outro vírus respiratório",1,0,0,1
2025,27,"2025-SE27","Distrito Federal","SRAG não especificada",75,4,28,0
2025,27,"2025-SE27","Distrito Federal","SRAG por COVID-19",6,0,3,6
2025,27,"2025-SE27","Distrito Federal","SRAG por influenza",34,0,16,34
2025,27,"2025-SE27","Distrito Federal","SRAG por outro vírus respiratório",81,1,14,81
2025,27,"2025-SE27","Fora da RIDE","SRAG não especificada",3,0,0,0
2025,27,"2025-SE27","Fora da RIDE","SRAG por outro vírus respiratório",2,0,2,2
2025,27,"2025-SE27","RIDE – Goiás","SRAG não especificada",20,2,6,0
2025,27,"2025-SE27","RIDE – Goiás","SRAG por COVID-19",2,1,1,2
2025,27,"2025-SE27","RIDE – Goiás","SRAG por influenza",15,1,4,15
2025,27,"2025-SE27","RIDE – Goiás","SRAG por outro vírus respiratório",23,0,12,23
2025,27,"2025-SE27","RIDE – Minas Gerais","SRAG não especificada",3,0,0,0
2025,27,"2025-SE27","RIDE – Minas Gerais","SRAG por outro vírus respiratório",1,0,1,1
2025,28,"2025-SE28","Distrito Federal","SRAG não especificada",64,3,26,0
2025,28,"2025-SE28","Distrito Federal","SRAG por COVID-19",7,1,2,7
2025,28,"2025-SE28","Distrito Federal","SRAG por influenza",43,0,15,43
2025,28,"2025-SE28","Distrito Federal","SRAG por outro vírus respiratório",97,1,32,97
2025,28,"2025-SE28","Fora da RIDE","SRAG não especificada",3,0,1,0
2025,28,"2025-SE28","Fora da RIDE","SRAG por outro vírus respiratório",1,0,1,1
2025,28,"2025-SE28","RIDE – Goiás","SRAG não especificada",19,2,7,0
2025,28,"2025-SE28","RIDE – Goiás","SRAG por COVID-19",1,1,1,1
2025,28,"2025-SE28","RIDE – Goiás","SRAG por influenza",9,1,3,9
2025,28,"2025-SE28","RIDE – Goiás","SRAG por outro vírus respiratório",18,0,8,18
2025,28,"2025-SE28","RIDE – Minas Gerais","SRAG não especificada",4,0,0,0
2025,28,"2025-SE28","RIDE – Minas Gerais","SRAG por COVID-19",1,0,0,1
2025,28,"2025-SE28","RIDE – Minas Gerais","SRAG por outro vírus respiratório",3,0,1,3
2025,29,"2025-SE29","Distrito Federal","SRAG não especificada",52,6,17,0
2025,29,"2025-SE29","Distrito Federal","SRAG por COVID-19",3,1,1,3
2025,29,"2025-SE29","Distrito Federal","SRAG por influenza",32,0,13,32
2025,29,"2025-SE29","Distrito Federal","SRAG por outro vírus respiratório",70,2,12,70
2025,29,"2025-SE29","Fora da RIDE","SRAG não especificada",1,0,0,0
2025,29,"2025-SE29","Fora da RIDE","SRAG por outro vírus respiratório",2,0,0,2
2025,29,"2025-SE29","RIDE – Goiás","SRAG não especificada",16,2,7,0
2025,29,"2025-SE29","RIDE – Goiás","SRAG por influenza",5,1,1,5
2025,29,"2025-SE29","RIDE – Goiás","SRAG por outro vírus respiratório",24,0,7,24
2025,29,"2025-SE29","RIDE – Minas Gerais","SRAG não especificada",1,0,0,0
2025,29,"2025-SE29","RIDE – Minas Gerais","SRAG por outro vírus respiratório",4,0,1,4
2025,30,"2025-SE30","Distrito Federal","SRAG não especificada",62,2,28,0
2025,30,"2025-SE30","Distrito Federal","SRAG por COVID-19",8,0,4,8
2025,30,"2025-SE30","Distrito Federal","SRAG por influenza",25,1,7,25
2025,30,"2025-SE30","Distrito Federal","SRAG por outro vírus respiratório",60,1,18,60
2025,30,"2025-SE30","Fora da RIDE","SRAG não especificada",4,0,2,0
2025,30,"2025-SE30","Fora da RIDE","SRAG por influenza",1,1,1,1
2025,30,"2025-SE30","Fora da RIDE","SRAG por outro vírus respiratório",3,0,0,3
2025,30,"2025-SE30","RIDE – Goiás","SRAG não especificada",14,1,6,0
2025,30,"2025-SE30","RIDE – Goiás","SRAG por influenza",6,1,4,6
2025,30,"2025-SE30","RIDE – Goiás","SRAG por outro vírus respiratório",13,2,4,13
2025,30,"2025-SE30","RIDE – Minas Gerais","SRAG não especificada",4,0,0,0
2025,31,"2025-SE31","Distrito Federal","SRAG não especificada",45,4,22,0
2025,31,"2025-SE31","Distrito Federal","SRAG por COVID-19",8,1,2,8
2025,31,"2025-SE31","Distrito Federal","SRAG por influenza",18,2,7,18
2025,31,"2025-SE31","Distrito Federal","SRAG por outro vírus respiratório",58,1,18,58
2025,31,"2025-SE31","Fora da RIDE","SRAG não especificada",2,0,0,0
2025,31,"2025-SE31","Fora da RIDE","SRAG por outro vírus respiratório",3,0,1,3
2025,31,"2025-SE31","RIDE – Goiás","SRAG não especificada",12,2,4,0
2025,31,"2025-SE31","RIDE – Goiás","SRAG por influenza",4,0,0,4
2025,31,"2025-SE31","RIDE – Goiás","SRAG por outro vírus respiratório",12,0,3,12
2025,31,"2025-SE31","RIDE – Minas Gerais","SRAG não especificada",2,0,0,0
2025,31,"2025-SE31","RIDE – Minas Gerais","SRAG por influenza",2,0,0,2
2025,32,"2025-SE32","Distrito Federal","SRAG não especificada",57,3,16,0
2025,32,"2025-SE32","Distrito Federal","SRAG por COVID-19",19,4,14,19
2025,32,"2025-SE32","Distrito Federal","SRAG por influenza",24,0,6,24
2025,32,"2025-SE32","Distrito Federal","SRAG por outro vírus respiratório",56,1,19,56
2025,32,"2025-SE32","Fora da RIDE","SRAG não especificada",2,0,0,0
2025,32,"2025-SE32","Fora da RIDE","SRAG por influenza",1,0,0,1
2025,32,"2025-SE32","Fora da RIDE","SRAG por outro vírus respiratório",2,0,0,2
2025,32,"2025-SE32","RIDE – Goiás","SRAG não especificada",28,4,9,0
2025,32,"2025-SE32","RIDE – Goiás","SRAG por COVID-19",4,0,2,4
2025,32,"2025-SE32","RIDE – Goiás","SRAG por influenza",7,0,2,7
2025,32,"2025-SE32","RIDE – Goiás","SRAG por outro vírus respiratório",12,0,1,12
2025,32,"2025-SE32","RIDE – Minas Gerais","SRAG não especificada",1,0,0,0
2025,33,"2025-SE33","Distrito Federal","SRAG não especificada",57,4,18,0
2025,33,"2025-SE33","Distrito Federal","SRAG por COVID-19",12,1,7,12
2025,33,"2025-SE33","Distrito Federal","SRAG por influenza",46,0,9,46
2025,33,"2025-SE33","Distrito Federal","SRAG por outro vírus respiratório",84,1,18,84
2025,33,"2025-SE33","Fora da RIDE","SRAG não especificada",2,0,0,0
2025,33,"2025-SE33","Fora da RIDE","SRAG por influenza",3,0,0,3
2025,33,"2025-SE33","Fora da RIDE","SRAG por outro vírus respiratório",4,0,0,4
2025,33,"2025-SE33","RIDE – Goiás","SRAG não especificada",21,2,9,0
2025,33,"2025-SE33","RIDE – Goiás","SRAG por COVID-19",5,0,2,5
2025,33,"2025-SE33","RIDE – Goiás","SRAG por influenza",3,0,0,3
2025,33,"2025-SE33","RIDE – Goiás","SRAG por outro vírus respiratório",31,0,9,31
2025,33,"2025-SE33","RIDE – Minas Gerais","SRAG não especificada",3,1,1,0
2025,33,"2025-SE33","RIDE – Minas Gerais","SRAG por outro vírus respiratório",1,0,0,1
2025,34,"2025-SE34","Distrito Federal","SRAG não especificada",60,1,24,0
2025,34,"2025-SE34","Distrito Federal","SRAG por COVID-19",24,1,9,24
2025,34,"2025-SE34","Distrito Federal","SRAG por influenza",54,0,9,54
2025,34,"2025-SE34","Distrito Federal","SRAG por outro vírus respiratório",61,0,15,61
2025,34,"2025-SE34","Fora da RIDE","SRAG por influenza",1,0,0,1
2025,34,"2025-SE34","Fora da RIDE","SRAG por outro vírus respiratório",1,0,0,1
2025,34,"2025-SE34","RIDE – Goiás","SRAG não especificada",23,2,6,0
2025,34,"2025-SE34","RIDE – Goiás","SRAG por COVID-19",7,0,1,7
2025,34,"2025-SE34","RIDE – Goiás","SRAG por influenza",8,0,3,8
2025,34,"2025-SE34","RIDE – Goiás","SRAG por outro vírus respiratório",18,1,4,18
2025,34,"2025-SE34","RIDE – Minas Gerais","SRAG por influenza",2,0,0,2
2025,34,"2025-SE34","RIDE – Minas Gerais","SRAG por outro vírus respiratório",3,1,1,3
2025,35,"2025-SE35","Distrito Federal","SRAG não especificada",64,4,22,0
2025,35,"2025-SE35","Distrito Federal","SRAG por COVID-19",34,1,12,34
2025,35,"2025-SE35","Distrito Federal","SRAG por influenza",91,2,19,91
2025,35,"2025-SE35","Distrito Federal","SRAG por outro vírus respiratório",48,0,13,48
2025,35,"2025-SE35","Fora da RIDE","SRAG não especificada",3,0,0,0
2025,35,"2025-SE35","Fora da RIDE","SRAG por influenza",1,0,0,1
2025,35,"2025-SE35","Fora da RIDE","SRAG por outro vírus respiratório",1,0,1,1
2025,35,"2025-SE35","RIDE – Goiás","SRAG não especificada",14,0,4,0
2025,35,"2025-SE35","RIDE – Goiás","SRAG por COVID-19",10,1,1,10
2025,35,"2025-SE35","RIDE – Goiás","SRAG por influenza",22,0,6,22
2025,35,"2025-SE35","RIDE – Goiás","SRAG por outro vírus respiratório",14,1,6,14
2025,35,"2025-SE35","RIDE – Minas Gerais","SRAG não especificada",1,0,0,0
2025,35,"2025-SE35","RIDE – Minas Gerais","SRAG por influenza",2,1,0,2
2025,36,"2025-SE36","Distrito Federal","SRAG não especificada",51,1,21,0
2025,36,"2025-SE36","Distrito Federal","SRAG por COVID-19",30,3,11,30
2025,36,"2025-SE36","Distrito Federal","SRAG por influenza",103,3,19,103
2025,36,"2025-SE36","Distrito Federal","SRAG por outro vírus respiratório",49,0,10,49
2025,36,"2025-SE36","Fora da RIDE","SRAG não especificada",3,0,1,0
2025,36,"2025-SE36","Fora da RIDE","SRAG por COVID-19",1,0,1,1
2025,36,"2025-SE36","Fora da RIDE","SRAG por outro vírus respiratório",1,0,0,1
2025,36,"2025-SE36","RIDE – Goiás","SRAG não especificada",25,3,8,0
2025,36,"2025-SE36","RIDE – Goiás","SRAG por COVID-19",9,0,1,9
2025,36,"2025-SE36","RIDE – Goiás","SRAG por influenza",24,0,4,24
2025,36,"2025-SE36","RIDE – Goiás","SRAG por outro vírus respiratório",10,0,3,10
2025,36,"2025-SE36","RIDE – Minas Gerais","SRAG não especificada",1,0,0,0
2025,36,"2025-SE36","RIDE – Minas Gerais","SRAG por COVID-19",5,1,0,4
2025,36,"2025-SE36","RIDE – Minas Gerais","SRAG por outro vírus respiratório",1,1,0,1
2025,37,"2025-SE37","Distrito Federal","SRAG não especificada",65,4,24,0
2025,37,"2025-SE37","Distrito Federal","SRAG por COVID-19",37,1,21,37
2025,37,"2025-SE37","Distrito Federal","SRAG por influenza",111,1,28,111
2025,37,"2025-SE37","Distrito Federal","SRAG por outro vírus respiratório",49,1,8,49
2025,37,"2025-SE37","Fora da RIDE","SRAG não especificada",3,0,0,0
2025,37,"2025-SE37","Fora da RIDE","SRAG por influenza",2,0,1,2
2025,37,"2025-SE37","Fora da RIDE","SRAG por outro vírus respiratório",3,0,0,3
2025,37,"2025-SE37","RIDE – Goiás","SRAG não especificada",16,1,3,0
2025,37,"2025-SE37","RIDE – Goiás","SRAG por COVID-19",2,0,0,2
2025,37,"2025-SE37","RIDE – Goiás","SRAG por influenza",42,1,3,42
2025,37,"2025-SE37","RIDE – Goiás","SRAG por outro vírus respiratório",12,1,5,12
2025,37,"2025-SE37","RIDE – Minas Gerais","SRAG não especificada",1,0,1,0
2025,38,"2025-SE38","Distrito Federal","SRAG não especificada",52,3,18,0
2025,38,"2025-SE38","Distrito Federal","SRAG por COVID-19",32,6,16,32
2025,38,"2025-SE38","Distrito Federal","SRAG por influenza",120,2,28,120
2025,38,"2025-SE38","Distrito Federal","SRAG por outro vírus respiratório",27,0,5,27
2025,38,"2025-SE38","Fora da RIDE","SRAG não especificada",2,0,1,0
2025,38,"2025-SE38","Fora da RIDE","SRAG por COVID-19",1,0,0,1
2025,38,"2025-SE38","Fora da RIDE","SRAG por influenza",1,0,1,1
2025,38,"2025-SE38","RIDE – Goiás","SRAG não especificada",13,4,4,0
2025,38,"2025-SE38","RIDE – Goiás","SRAG por COVID-19",5,0,1,5
2025,38,"2025-SE38","RIDE – Goiás","SRAG por influenza",59,1,5,59
2025,38,"2025-SE38","RIDE – Goiás","SRAG por outro vírus respiratório",11,0,4,11
2025,38,"2025-SE38","RIDE – Minas Gerais","Não classificada",1,0,0,0
2025,38,"2025-SE38","RIDE – Minas Gerais","SRAG não especificada",4,2,0,0
2025,38,"2025-SE38","RIDE – Minas Gerais","SRAG por outro vírus respiratório",1,0,0,1
2025,39,"2025-SE39","Distrito Federal","SRAG não especificada",47,1,11,0
2025,39,"2025-SE39","Distrito Federal","SRAG por COVID-19",12,1,3,12
2025,39,"2025-SE39","Distrito Federal","SRAG por influenza",67,4,20,66
2025,39,"2025-SE39","Distrito Federal","SRAG por outro vírus respiratório",24,0,3,24
2025,39,"2025-SE39","Fora da RIDE","SRAG não especificada",1,0,1,0
2025,39,"2025-SE39","Fora da RIDE","SRAG por COVID-19",1,0,1,1
2025,39,"2025-SE39","Fora da RIDE","SRAG por outro vírus respiratório",2,0,0,2
2025,39,"2025-SE39","RIDE – Goiás","SRAG não especificada",16,0,5,0
2025,39,"2025-SE39","RIDE – Goiás","SRAG por COVID-19",10,1,3,10
2025,39,"2025-SE39","RIDE – Goiás","SRAG por influenza",49,0,2,49
2025,39,"2025-SE39","RIDE – Goiás","SRAG por outro vírus respiratório",10,0,4,10
2025,39,"2025-SE39","RIDE – Minas Gerais","SRAG não especificada",3,1,0,0
2025,39,"2025-SE39","RIDE – Minas Gerais","SRAG por outro vírus respiratório",1,0,0,1
2025,40,"2025-SE40","Distrito Federal","SRAG não especificada",43,1,17,0
2025,40,"2025-SE40","Distrito Federal","SRAG por COVID-19",11,1,5,11
2025,40,"2025-SE40","Distrito Federal","SRAG por influenza",57,0,16,57
2025,40,"2025-SE40","Distrito Federal","SRAG por outro vírus respiratório",31,0,5,31
2025,40,"2025-SE40","Fora da RIDE","SRAG não especificada",3,0,2,0
2025,40,"2025-SE40","Fora da RIDE","SRAG por COVID-19",1,0,0,1
2025,40,"2025-SE40","Fora da RIDE","SRAG por influenza",2,0,1,2
2025,40,"2025-SE40","Fora da RIDE","SRAG por outro vírus respiratório",1,0,1,1
2025,40,"2025-SE40","RIDE – Goiás","SRAG não especificada",25,1,15,0
2025,40,"2025-SE40","RIDE – Goiás","SRAG por COVID-19",10,2,2,10
2025,40,"2025-SE40","RIDE – Goiás","SRAG por influenza",30,0,5,30
2025,40,"2025-SE40","RIDE – Goiás","SRAG por outro vírus respiratório",7,1,2,7
2025,40,"2025-SE40","RIDE – Minas Gerais","SRAG não especificada",1,0,0,0
2025,40,"2025-SE40","RIDE – Minas Gerais","SRAG por COVID-19",1,0,0,1
2025,40,"2025-SE40","RIDE – Minas Gerais","SRAG por influenza",1,0,0,1
2025,41,"2025-SE41","Distrito Federal","SRAG não especificada",51,4,18,0
2025,41,"2025-SE41","Distrito Federal","SRAG por COVID-19",10,0,3,10
2025,41,"2025-SE41","Distrito Federal","SRAG por influenza",55,1,15,55
2025,41,"2025-SE41","Distrito Federal","SRAG por outro agente etiológico",1,0,1,0
2025,41,"2025-SE41","Distrito Federal","SRAG por outro vírus respiratório",25,0,5,25
2025,41,"2025-SE41","Fora da RIDE","SRAG por outro vírus respiratório",3,0,2,3
2025,41,"2025-SE41","RIDE – Goiás","SRAG não especificada",12,0,3,0
2025,41,"2025-SE41","RIDE – Goiás","SRAG por COVID-19",8,0,1,8
2025,41,"2025-SE41","RIDE – Goiás","SRAG por influenza",26,1,4,26
2025,41,"2025-SE41","RIDE – Goiás","SRAG por outro vírus respiratório",9,0,3,9
2025,41,"2025-SE41","RIDE – Minas Gerais","SRAG não especificada",4,0,0,0
2025,41,"2025-SE41","RIDE – Minas Gerais","SRAG por influenza",1,0,0,1
2025,41,"2025-SE41","RIDE – Minas Gerais","SRAG por outro vírus respiratório",1,0,0,1
2025,42,"2025-SE42","Distrito Federal","SRAG não especificada",53,4,21,0
2025,42,"2025-SE42","Distrito Federal","SRAG por COVID-19",8,0,3,8
2025,42,"2025-SE42","Distrito Federal","SRAG por influenza",34,0,11,34
2025,42,"2025-SE42","Distrito Federal","SRAG por outro vírus respiratório",36,0,13,36
2025,42,"2025-SE42","Fora da RIDE","SRAG não especificada",2,0,1,0
2025,42,"2025-SE42","Fora da RIDE","SRAG por influenza",5,0,1,5
2025,42,"2025-SE42","Fora da RIDE","SRAG por outro vírus respiratório",1,0,0,1
2025,42,"2025-SE42","RIDE – Goiás","SRAG não especificada",23,2,13,0
2025,42,"2025-SE42","RIDE – Goiás","SRAG por COVID-19",3,0,0,3
2025,42,"2025-SE42","RIDE – Goiás","SRAG por influenza",29,0,3,29
2025,42,"2025-SE42","RIDE – Goiás","SRAG por outro vírus respiratório",5,0,1,5
2025,42,"2025-SE42","RIDE – Minas Gerais","SRAG não especificada",3,1,0,0
2025,42,"2025-SE42","RIDE – Minas Gerais","SRAG por outro vírus respiratório",2,0,0,2
2025,43,"2025-SE43","Distrito Federal","SRAG não especificada",32,3,11,0
2025,43,"2025-SE43","Distrito Federal","SRAG por COVID-19",10,0,3,10
2025,43,"2025-SE43","Distrito Federal","SRAG por influenza",14,0,5,14
2025,43,"2025-SE43","Distrito Federal","SRAG por outro vírus respiratório",36,0,9,36
2025,43,"2025-SE43","Fora da RIDE","SRAG não especificada",3,0,1,0
2025,43,"2025-SE43","Fora da RIDE","SRAG por COVID-19",1,0,0,1
2025,43,"2025-SE43","Fora da RIDE","SRAG por influenza",1,0,0,1
2025,43,"2025-SE43","Fora da RIDE","SRAG por outro vírus respiratório",1,0,0,1
2025,43,"2025-SE43","RIDE – Goiás","SRAG não especificada",14,3,5,0
2025,43,"2025-SE43","RIDE – Goiás","SRAG por COVID-19",4,0,0,4
2025,43,"2025-SE43","RIDE – Goiás","SRAG por influenza",12,0,5,12
2025,43,"2025-SE43","RIDE – Goiás","SRAG por outro vírus respiratório",17,0,6,17
2025,43,"2025-SE43","RIDE – Minas Gerais","SRAG não especificada",3,0,1,0
2025,43,"2025-SE43","RIDE – Minas Gerais","SRAG por influenza",1,0,0,1
2025,44,"2025-SE44","Distrito Federal","SRAG não especificada",45,3,21,0
2025,44,"2025-SE44","Distrito Federal","SRAG por COVID-19",4,1,0,4
2025,44,"2025-SE44","Distrito Federal","SRAG por influenza",11,0,6,11
2025,44,"2025-SE44","Distrito Federal","SRAG por outro vírus respiratório",67,0,20,67
2025,44,"2025-SE44","Fora da RIDE","SRAG não especificada",1,0,1,0
2025,44,"2025-SE44","Fora da RIDE","SRAG por outro vírus respiratório",1,0,1,1
2025,44,"2025-SE44","RIDE – Goiás","SRAG não especificada",18,0,6,0
2025,44,"2025-SE44","RIDE – Goiás","SRAG por COVID-19",3,0,0,3
2025,44,"2025-SE44","RIDE – Goiás","SRAG por influenza",2,0,0,2
2025,44,"2025-SE44","RIDE – Goiás","SRAG por outro vírus respiratório",16,1,8,16
2025,44,"2025-SE44","RIDE – Minas Gerais","SRAG não especificada",6,1,2,0
2025,45,"2025-SE45","Distrito Federal","SRAG não especificada",40,1,17,0
2025,45,"2025-SE45","Distrito Federal","SRAG por COVID-19",11,0,5,11
2025,45,"2025-SE45","Distrito Federal","SRAG por influenza",10,1,3,10
2025,45,"2025-SE45","Distrito Federal","SRAG por outro vírus respiratório",51,0,14,51
2025,45,"2025-SE45","Fora da RIDE","SRAG não especificada",2,0,2,0
2025,45,"2025-SE45","Fora da RIDE","SRAG por influenza",2,0,2,2
2025,45,"2025-SE45","RIDE – Goiás","SRAG não especificada",20,0,7,1
2025,45,"2025-SE45","RIDE – Goiás","SRAG por COVID-19",2,0,0,2
2025,45,"2025-SE45","RIDE – Goiás","SRAG por influenza",2,0,0,2
2025,45,"2025-SE45","RIDE – Goiás","SRAG por outro vírus respiratório",15,0,9,15
2025,45,"2025-SE45","RIDE – Minas Gerais","SRAG não especificada",3,0,0,0
2025,46,"2025-SE46","Distrito Federal","SRAG não especificada",57,4,23,0
2025,46,"2025-SE46","Distrito Federal","SRAG por COVID-19",7,1,3,7
2025,46,"2025-SE46","Distrito Federal","SRAG por influenza",5,0,3,5
2025,46,"2025-SE46","Distrito Federal","SRAG por outro vírus respiratório",71,0,15,71
2025,46,"2025-SE46","Fora da RIDE","SRAG não especificada",1,0,1,0
2025,46,"2025-SE46","Fora da RIDE","SRAG por outro vírus respiratório",1,0,0,1
2025,46,"2025-SE46","RIDE – Goiás","SRAG não especificada",21,1,7,0
2025,46,"2025-SE46","RIDE – Goiás","SRAG por COVID-19",2,0,1,2
2025,46,"2025-SE46","RIDE – Goiás","SRAG por influenza",4,0,1,4
2025,46,"2025-SE46","RIDE – Goiás","SRAG por outro vírus respiratório",14,0,5,14
2025,46,"2025-SE46","RIDE – Minas Gerais","SRAG não especificada",1,0,0,0
2025,46,"2025-SE46","RIDE – Minas Gerais","SRAG por outro vírus respiratório",2,0,0,2
2025,47,"2025-SE47","Distrito Federal","Não classificada",1,0,1,1
2025,47,"2025-SE47","Distrito Federal","SRAG não especificada",54,1,19,0
2025,47,"2025-SE47","Distrito Federal","SRAG por COVID-19",6,0,5,6
2025,47,"2025-SE47","Distrito Federal","SRAG por influenza",3,0,2,3
2025,47,"2025-SE47","Distrito Federal","SRAG por outro vírus respiratório",56,0,20,56
2025,47,"2025-SE47","Fora da RIDE","SRAG não especificada",1,0,0,0
2025,47,"2025-SE47","Fora da RIDE","SRAG por outro vírus respiratório",2,0,0,2
2025,47,"2025-SE47","RIDE – Goiás","SRAG não especificada",22,0,10,0
2025,47,"2025-SE47","RIDE – Goiás","SRAG por COVID-19",2,0,1,2
2025,47,"2025-SE47","RIDE – Goiás","SRAG por influenza",2,0,0,2
2025,47,"2025-SE47","RIDE – Goiás","SRAG por outro vírus respiratório",21,0,5,21
2025,47,"2025-SE47","RIDE – Minas Gerais","SRAG por outro vírus respiratório",2,0,1,2
2025,48,"2025-SE48","Distrito Federal","SRAG não especificada",49,2,16,0
2025,48,"2025-SE48","Distrito Federal","SRAG por COVID-19",5,0,2,5
2025,48,"2025-SE48","Distrito Federal","SRAG por influenza",2,0,1,2
2025,48,"2025-SE48","Distrito Federal","SRAG por outro vírus respiratório",82,0,20,82
2025,48,"2025-SE48","Fora da RIDE","SRAG não especificada",2,0,0,0
2025,48,"2025-SE48","Fora da RIDE","SRAG por COVID-19",1,0,0,1
2025,48,"2025-SE48","Fora da RIDE","SRAG por outro vírus respiratório",3,0,1,3
2025,48,"2025-SE48","RIDE – Goiás","SRAG não especificada",10,0,4,0
2025,48,"2025-SE48","RIDE – Goiás","SRAG por influenza",2,0,0,2
2025,48,"2025-SE48","RIDE – Goiás","SRAG por outro vírus respiratório",21,0,6,21
2025,49,"2025-SE49","Distrito Federal","SRAG não especificada",75,2,30,0
2025,49,"2025-SE49","Distrito Federal","SRAG por COVID-19",2,1,1,2
2025,49,"2025-SE49","Distrito Federal","SRAG por influenza",4,0,0,4
2025,49,"2025-SE49","Distrito Federal","SRAG por outro agente etiológico",1,0,1,0
2025,49,"2025-SE49","Distrito Federal","SRAG por outro vírus respiratório",82,0,22,82
2025,49,"2025-SE49","Fora da RIDE","SRAG não especificada",4,1,4,0
2025,49,"2025-SE49","RIDE – Goiás","SRAG não especificada",10,0,6,0
2025,49,"2025-SE49","RIDE – Goiás","SRAG por influenza",1,0,0,1
2025,49,"2025-SE49","RIDE – Goiás","SRAG por outro vírus respiratório",19,0,8,19
2025,49,"2025-SE49","RIDE – Minas Gerais","SRAG por outro vírus respiratório",1,1,1,1
2025,50,"2025-SE50","Distrito Federal","Não classificada",1,0,0,0
2025,50,"2025-SE50","Distrito Federal","SRAG não especificada",69,1,28,0
2025,50,"2025-SE50","Distrito Federal","SRAG por COVID-19",13,0,1,13
2025,50,"2025-SE50","Distrito Federal","SRAG por influenza",2,0,0,2
2025,50,"2025-SE50","Distrito Federal","SRAG por outro vírus respiratório",97,0,24,97
2025,50,"2025-SE50","Fora da RIDE","SRAG não especificada",3,1,2,0
2025,50,"2025-SE50","Fora da RIDE","SRAG por outro vírus respiratório",1,0,1,1
2025,50,"2025-SE50","RIDE – Goiás","SRAG não especificada",18,2,6,0
2025,50,"2025-SE50","RIDE – Goiás","SRAG por COVID-19",3,0,1,3
2025,50,"2025-SE50","RIDE – Goiás","SRAG por influenza",2,1,2,2
2025,50,"2025-SE50","RIDE – Goiás","SRAG por outro agente etiológico",1,0,1,0
2025,50,"2025-SE50","RIDE – Goiás","SRAG por outro vírus respiratório",12,0,5,12
2025,50,"2025-SE50","RIDE – Minas Gerais","Não classificada",1,0,1,0
2025,50,"2025-SE50","RIDE – Minas Gerais","SRAG não especificada",2,1,1,0
2025,50,"2025-SE50","RIDE – Minas Gerais","SRAG por COVID-19",1,0,1,1
2025,51,"2025-SE51","Distrito Federal","SRAG não especificada",43,3,17,0
2025,51,"2025-SE51","Distrito Federal","SRAG por COVID-19",7,0,3,7
2025,51,"2025-SE51","Distrito Federal","SRAG por influenza",2,0,0,2
2025,51,"2025-SE51","Distrito Federal","SRAG por outro vírus respiratório",85,0,20,85
2025,51,"2025-SE51","Fora da RIDE","SRAG por outro vírus respiratório",1,0,0,1
2025,51,"2025-SE51","RIDE – Goiás","SRAG não especificada",18,1,9,0
2025,51,"2025-SE51","RIDE – Goiás","SRAG por COVID-19",3,1,2,2
2025,51,"2025-SE51","RIDE – Goiás","SRAG por influenza",1,0,1,1
2025,51,"2025-SE51","RIDE – Goiás","SRAG por outro vírus respiratório",20,0,6,20
2025,52,"2025-SE52","Distrito Federal","Não classificada",1,0,1,1
2025,52,"2025-SE52","Distrito Federal","SRAG não especificada",74,2,32,0
2025,52,"2025-SE52","Distrito Federal","SRAG por COVID-19",5,0,2,5
2025,52,"2025-SE52","Distrito Federal","SRAG por influenza",7,1,5,7
2025,52,"2025-SE52","Distrito Federal","SRAG por outro vírus respiratório",46,0,16,46
2025,52,"2025-SE52","Fora da RIDE","SRAG não especificada",5,0,2,0
2025,52,"2025-SE52","Fora da RIDE","SRAG por COVID-19",1,0,1,0
2025,52,"2025-SE52","RIDE – Goiás","SRAG não especificada",21,1,14,0
2025,52,"2025-SE52","RIDE – Goiás","SRAG por COVID-19",1,0,0,1
2025,52,"2025-SE52","RIDE – Goiás","SRAG por outro vírus respiratório",14,0,5,14
2025,52,"2025-SE52","RIDE – Minas Gerais","SRAG não especificada",2,0,0,0
2025,52,"2025-SE52","RIDE – Minas Gerais","SRAG por outro vírus respiratório",2,0,2,2
2025,53,"2025-SE53","Distrito Federal","SRAG não especificada",35,1,16,0
2025,53,"2025-SE53","Distrito Federal","SRAG por COVID-19",3,0,1,3
2025,53,"2025-SE53","Distrito Federal","SRAG por influenza",2,0,0,2
2025,53,"2025-SE53","Distrito Federal","SRAG por outro vírus respiratório",49,0,16,49
2025,53,"2025-SE53","Fora da RIDE","SRAG não especificada",1,0,0,0
2025,53,"2025-SE53","Fora da RIDE","SRAG por COVID-19",1,0,1,1
2025,53,"2025-SE53","RIDE – Goiás","SRAG não especificada",13,1,7,0
2025,53,"2025-SE53","RIDE – Goiás","SRAG por COVID-19",2,0,2,2
2025,53,"2025-SE53","RIDE – Goiás","SRAG por outro vírus respiratório",23,0,5,23
2025,53,"2025-SE53","RIDE – Minas Gerais","SRAG não especificada",4,0,0,0
2025,53,"2025-SE53","RIDE – Minas Gerais","SRAG por outro vírus respiratório",1,0,1,1
2026,1,"2026-SE01","Distrito Federal","SRAG não especificada",44,0,18,0
2026,1,"2026-SE01","Distrito Federal","SRAG por COVID-19",9,0,5,9
2026,1,"2026-SE01","Distrito Federal","SRAG por influenza",2,1,0,2
2026,1,"2026-SE01","Distrito Federal","SRAG por outro vírus respiratório",58,0,21,58
2026,1,"2026-SE01","Fora da RIDE","SRAG não especificada",3,0,2,0
2026,1,"2026-SE01","RIDE – Goiás","SRAG não especificada",11,1,7,0
2026,1,"2026-SE01","RIDE – Goiás","SRAG por COVID-19",2,0,2,2
2026,1,"2026-SE01","RIDE – Goiás","SRAG por outro vírus respiratório",18,0,5,18
2026,1,"2026-SE01","RIDE – Minas Gerais","SRAG não especificada",5,0,2,0
2026,2,"2026-SE02","Distrito Federal","SRAG não especificada",36,2,20,0
2026,2,"2026-SE02","Distrito Federal","SRAG por COVID-19",8,0,1,8
2026,2,"2026-SE02","Distrito Federal","SRAG por influenza",8,1,5,8
2026,2,"2026-SE02","Distrito Federal","SRAG por outro agente etiológico",1,0,1,0
2026,2,"2026-SE02","Distrito Federal","SRAG por outro vírus respiratório",53,1,15,53
2026,2,"2026-SE02","Fora da RIDE","SRAG por outro vírus respiratório",1,0,1,1
2026,2,"2026-SE02","RIDE – Goiás","SRAG não especificada",10,0,2,0
2026,2,"2026-SE02","RIDE – Goiás","SRAG por COVID-19",2,0,1,2
2026,2,"2026-SE02","RIDE – Goiás","SRAG por influenza",1,0,0,1
2026,2,"2026-SE02","RIDE – Goiás","SRAG por outro vírus respiratório",11,0,7,11
2026,2,"2026-SE02","RIDE – Minas Gerais","SRAG não especificada",2,0,1,0
2026,2,"2026-SE02","RIDE – Minas Gerais","SRAG por outro vírus respiratório",1,0,0,1
2026,3,"2026-SE03","Distrito Federal","SRAG não especificada",23,0,10,0
2026,3,"2026-SE03","Distrito Federal","SRAG por COVID-19",9,0,2,9
2026,3,"2026-SE03","Distrito Federal","SRAG por influenza",1,0,0,1
2026,3,"2026-SE03","Distrito Federal","SRAG por outro vírus respiratório",46,0,15,46
2026,3,"2026-SE03","Fora da RIDE","SRAG não especificada",3,0,1,0
2026,3,"2026-SE03","Fora da RIDE","SRAG por outro vírus respiratório",3,0,1,3
2026,3,"2026-SE03","RIDE – Goiás","SRAG não especificada",9,0,3,0
2026,3,"2026-SE03","RIDE – Goiás","SRAG por influenza",1,0,1,1
2026,3,"2026-SE03","RIDE – Goiás","SRAG por outro vírus respiratório",11,0,2,11
2026,3,"2026-SE03","RIDE – Minas Gerais","SRAG não especificada",4,0,1,0
2026,3,"2026-SE03","RIDE – Minas Gerais","SRAG por outro vírus respiratório",1,0,0,1
2026,4,"2026-SE04","Distrito Federal","SRAG não especificada",34,0,18,0
2026,4,"2026-SE04","Distrito Federal","SRAG por COVID-19",8,0,2,8
2026,4,"2026-SE04","Distrito Federal","SRAG por influenza",5,0,2,5
2026,4,"2026-SE04","Distrito Federal","SRAG por outro vírus respiratório",45,0,17,45
2026,4,"2026-SE04","Fora da RIDE","SRAG não especificada",3,2,2,0
2026,4,"2026-SE04","RIDE – Goiás","SRAG não especificada",14,0,4,0
2026,4,"2026-SE04","RIDE – Goiás","SRAG por COVID-19",1,0,0,1
2026,4,"2026-SE04","RIDE – Goiás","SRAG por outro vírus respiratório",18,0,6,18
2026,4,"2026-SE04","RIDE – Minas Gerais","SRAG não especificada",2,0,0,0
2026,5,"2026-SE05","Distrito Federal","SRAG não especificada",36,0,19,0
2026,5,"2026-SE05","Distrito Federal","SRAG por COVID-19",5,0,3,5
2026,5,"2026-SE05","Distrito Federal","SRAG por influenza",2,0,2,2
2026,5,"2026-SE05","Distrito Federal","SRAG por outro agente etiológico",1,0,0,0
2026,5,"2026-SE05","Distrito Federal","SRAG por outro vírus respiratório",54,0,16,54
2026,5,"2026-SE05","Fora da RIDE","SRAG por outro vírus respiratório",1,0,0,1
2026,5,"2026-SE05","RIDE – Goiás","Não classificada",1,0,0,1
2026,5,"2026-SE05","RIDE – Goiás","SRAG não especificada",15,1,7,0
2026,5,"2026-SE05","RIDE – Goiás","SRAG por COVID-19",1,0,0,1
2026,5,"2026-SE05","RIDE – Goiás","SRAG por outro vírus respiratório",12,0,5,12
2026,5,"2026-SE05","RIDE – Minas Gerais","SRAG não especificada",2,0,0,0
2026,5,"2026-SE05","RIDE – Minas Gerais","SRAG por outro vírus respiratório",2,0,0,2
2026,6,"2026-SE06","Distrito Federal","SRAG não especificada",41,1,26,0
2026,6,"2026-SE06","Distrito Federal","SRAG por COVID-19",4,0,2,4
2026,6,"2026-SE06","Distrito Federal","SRAG por influenza",2,0,2,2
2026,6,"2026-SE06","Distrito Federal","SRAG por outro vírus respiratório",71,1,24,71
2026,6,"2026-SE06","Fora da RIDE","SRAG não especificada",2,0,1,0
2026,6,"2026-SE06","Fora da RIDE","SRAG por COVID-19",2,0,0,2
2026,6,"2026-SE06","Fora da RIDE","SRAG por outro vírus respiratório",1,1,0,1
2026,6,"2026-SE06","RIDE – Goiás","SRAG não especificada",17,1,8,0
2026,6,"2026-SE06","RIDE – Goiás","SRAG por COVID-19",2,1,1,2
2026,6,"2026-SE06","RIDE – Goiás","SRAG por outro vírus respiratório",26,0,12,26
2026,6,"2026-SE06","RIDE – Minas Gerais","SRAG não especificada",1,0,0,0
2026,6,"2026-SE06","RIDE – Minas Gerais","SRAG por COVID-19",2,0,0,1
2026,7,"2026-SE07","Distrito Federal","Não classificada",1,0,1,1
2026,7,"2026-SE07","Distrito Federal","SRAG não especificada",44,0,18,0
2026,7,"2026-SE07","Distrito Federal","SRAG por COVID-19",1,0,1,1
2026,7,"2026-SE07","Distrito Federal","SRAG por outro vírus respiratório",76,0,25,76
2026,7,"2026-SE07","Fora da RIDE","SRAG não especificada",2,0,1,0
2026,7,"2026-SE07","RIDE – Goiás","SRAG não especificada",18,0,8,0
2026,7,"2026-SE07","RIDE – Goiás","SRAG por influenza",1,0,1,1
2026,7,"2026-SE07","RIDE – Goiás","SRAG por outro vírus respiratório",40,1,17,40
2026,7,"2026-SE07","RIDE – Minas Gerais","SRAG não especificada",2,0,0,0
2026,7,"2026-SE07","RIDE – Minas Gerais","SRAG por COVID-19",1,0,1,1
2026,8,"2026-SE08","Distrito Federal","SRAG não especificada",42,1,17,0
2026,8,"2026-SE08","Distrito Federal","SRAG por COVID-19",5,0,2,5
2026,8,"2026-SE08","Distrito Federal","SRAG por influenza",11,0,2,11
2026,8,"2026-SE08","Distrito Federal","SRAG por outro vírus respiratório",91,1,26,91
2026,8,"2026-SE08","Fora da RIDE","SRAG por outro vírus respiratório",4,0,2,4
2026,8,"2026-SE08","RIDE – Goiás","Não classificada",2,0,1,0
2026,8,"2026-SE08","RIDE – Goiás","SRAG não especificada",18,0,9,0
2026,8,"2026-SE08","RIDE – Goiás","SRAG por COVID-19",2,0,0,2
2026,8,"2026-SE08","RIDE – Goiás","SRAG por influenza",1,0,0,1
2026,8,"2026-SE08","RIDE – Goiás","SRAG por outro vírus respiratório",23,2,6,23
2026,8,"2026-SE08","RIDE – Minas Gerais","SRAG não especificada",1,0,1,0
2026,9,"2026-SE09","Distrito Federal","Não classificada",1,0,0,1
2026,9,"2026-SE09","Distrito Federal","SRAG não especificada",78,1,21,0
2026,9,"2026-SE09","Distrito Federal","SRAG por COVID-19",4,0,4,4
2026,9,"2026-SE09","Distrito Federal","SRAG por influenza",13,0,2,13
2026,9,"2026-SE09","Distrito Federal","SRAG por outro vírus respiratório",147,0,45,147
2026,9,"2026-SE09","Fora da RIDE","SRAG por outro vírus respiratório",1,0,0,1
2026,9,"2026-SE09","RIDE – Goiás","Não classificada",1,0,0,0
2026,9,"2026-SE09","RIDE – Goiás","SRAG não especificada",22,1,6,0
2026,9,"2026-SE09","RIDE – Goiás","SRAG por COVID-19",3,0,1,3
2026,9,"2026-SE09","RIDE – Goiás","SRAG por influenza",2,0,1,2
2026,9,"2026-SE09","RIDE – Goiás","SRAG por outro vírus respiratório",34,0,7,34
2026,9,"2026-SE09","RIDE – Minas Gerais","SRAG por outro vírus respiratório",4,0,2,4
2026,10,"2026-SE10","Distrito Federal","SRAG não especificada",66,1,16,0
2026,10,"2026-SE10","Distrito Federal","SRAG por COVID-19",3,0,1,3
2026,10,"2026-SE10","Distrito Federal","SRAG por influenza",8,0,3,8
2026,10,"2026-SE10","Distrito Federal","SRAG por outro vírus respiratório",150,0,30,150
2026,10,"2026-SE10","Fora da RIDE","Não classificada",1,0,0,0
2026,10,"2026-SE10","Fora da RIDE","SRAG não especificada",2,0,1,0
2026,10,"2026-SE10","Fora da RIDE","SRAG por outro vírus respiratório",3,0,2,3
2026,10,"2026-SE10","RIDE – Goiás","SRAG não especificada",17,0,4,0
2026,10,"2026-SE10","RIDE – Goiás","SRAG por influenza",3,0,2,3
2026,10,"2026-SE10","RIDE – Goiás","SRAG por outro vírus respiratório",31,0,9,31
2026,10,"2026-SE10","RIDE – Minas Gerais","SRAG não especificada",3,0,1,0
2026,10,"2026-SE10","RIDE – Minas Gerais","SRAG por COVID-19",2,1,0,2
2026,10,"2026-SE10","RIDE – Minas Gerais","SRAG por outro vírus respiratório",4,0,1,4
2026,11,"2026-SE11","Distrito Federal","SRAG não especificada",60,1,24,0
2026,11,"2026-SE11","Distrito Federal","SRAG por COVID-19",6,0,1,6
2026,11,"2026-SE11","Distrito Federal","SRAG por influenza",18,1,7,18
2026,11,"2026-SE11","Distrito Federal","SRAG por outro vírus respiratório",132,0,42,132
2026,11,"2026-SE11","Fora da RIDE","Não classificada",1,0,1,0
2026,11,"2026-SE11","Fora da RIDE","SRAG não especificada",4,0,3,0
2026,11,"2026-SE11","Fora da RIDE","SRAG por influenza",1,0,1,1
2026,11,"2026-SE11","Fora da RIDE","SRAG por outro vírus respiratório",3,0,3,3
2026,11,"2026-SE11","RIDE – Goiás","SRAG não especificada",33,2,12,0
2026,11,"2026-SE11","RIDE – Goiás","SRAG por influenza",5,0,1,5
2026,11,"2026-SE11","RIDE – Goiás","SRAG por outro vírus respiratório",33,1,9,33
2026,11,"2026-SE11","RIDE – Minas Gerais","SRAG não especificada",2,0,0,0
2026,11,"2026-SE11","RIDE – Minas Gerais","SRAG por outro vírus respiratório",2,0,0,2
2026,12,"2026-SE12","Distrito Federal","SRAG não especificada",49,1,15,0
2026,12,"2026-SE12","Distrito Federal","SRAG por COVID-19",1,0,0,1
2026,12,"2026-SE12","Distrito Federal","SRAG por influenza",27,0,13,27
2026,12,"2026-SE12","Distrito Federal","SRAG por outro vírus respiratório",136,0,35,136
2026,12,"2026-SE12","Fora da RIDE","SRAG por influenza",1,0,1,1
2026,12,"2026-SE12","Fora da RIDE","SRAG por outro vírus respiratório",4,0,1,4
2026,12,"2026-SE12","RIDE – Goiás","SRAG não especificada",16,0,4,0
2026,12,"2026-SE12","RIDE – Goiás","SRAG por influenza",3,0,1,3
2026,12,"2026-SE12","RIDE – Goiás","SRAG por outro vírus respiratório",36,0,9,36
2026,12,"2026-SE12","RIDE – Minas Gerais","SRAG não especificada",1,0,0,0
2026,13,"2026-SE13","Distrito Federal","Não classificada",3,0,1,2
2026,13,"2026-SE13","Distrito Federal","SRAG não especificada",54,2,26,0
2026,13,"2026-SE13","Distrito Federal","SRAG por COVID-19",3,0,2,3
2026,13,"2026-SE13","Distrito Federal","SRAG por influenza",27,0,13,27
2026,13,"2026-SE13","Distrito Federal","SRAG por outro vírus respiratório",135,0,41,135
2026,13,"2026-SE13","Fora da RIDE","SRAG não especificada",4,0,2,0
2026,13,"2026-SE13","Fora da RIDE","SRAG por COVID-19",1,0,1,1
2026,13,"2026-SE13","Fora da RIDE","SRAG por outro vírus respiratório",2,0,1,2
2026,13,"2026-SE13","RIDE – Goiás","SRAG não especificada",25,0,5,0
2026,13,"2026-SE13","RIDE – Goiás","SRAG por COVID-19",2,0,2,2
2026,13,"2026-SE13","RIDE – Goiás","SRAG por influenza",5,0,3,5
2026,13,"2026-SE13","RIDE – Goiás","SRAG por outro vírus respiratório",41,1,9,41
2026,13,"2026-SE13","RIDE – Minas Gerais","SRAG não especificada",2,0,0,0
2026,14,"2026-SE14","Distrito Federal","Não classificada",2,0,2,0
2026,14,"2026-SE14","Distrito Federal","SRAG não especificada",56,0,21,0
2026,14,"2026-SE14","Distrito Federal","SRAG por COVID-19",2,0,1,2
2026,14,"2026-SE14","Distrito Federal","SRAG por influenza",30,1,12,30
2026,14,"2026-SE14","Distrito Federal","SRAG por outro vírus respiratório",194,0,55,194
2026,14,"2026-SE14","Fora da RIDE","SRAG não especificada",2,0,2,0
2026,14,"2026-SE14","Fora da RIDE","SRAG por influenza",2,0,0,2
2026,14,"2026-SE14","Fora da RIDE","SRAG por outro vírus respiratório",4,0,3,4
2026,14,"2026-SE14","RIDE – Goiás","SRAG não especificada",22,4,8,0
2026,14,"2026-SE14","RIDE – Goiás","SRAG por COVID-19",1,0,0,1
2026,14,"2026-SE14","RIDE – Goiás","SRAG por influenza",11,0,4,11
2026,14,"2026-SE14","RIDE – Goiás","SRAG por outro vírus respiratório",45,0,8,45
2026,14,"2026-SE14","RIDE – Minas Gerais","SRAG não especificada",3,0,1,0
2026,14,"2026-SE14","RIDE – Minas Gerais","SRAG por COVID-19",1,0,0,1
2026,15,"2026-SE15","Distrito Federal","SRAG não especificada",65,1,31,0
2026,15,"2026-SE15","Distrito Federal","SRAG por COVID-19",3,0,2,3
2026,15,"2026-SE15","Distrito Federal","SRAG por influenza",47,0,13,47
2026,15,"2026-SE15","Distrito Federal","SRAG por outro vírus respiratório",178,0,50,178
2026,15,"2026-SE15","Fora da RIDE","Não classificada",1,0,1,0
2026,15,"2026-SE15","Fora da RIDE","SRAG não especificada",3,0,2,0
2026,15,"2026-SE15","Fora da RIDE","SRAG por outro vírus respiratório",1,0,1,1
2026,15,"2026-SE15","RIDE – Goiás","Não classificada",1,0,0,0
2026,15,"2026-SE15","RIDE – Goiás","SRAG não especificada",20,5,7,0
2026,15,"2026-SE15","RIDE – Goiás","SRAG por COVID-19",1,1,0,1
2026,15,"2026-SE15","RIDE – Goiás","SRAG por influenza",10,1,3,10
2026,15,"2026-SE15","RIDE – Goiás","SRAG por outro vírus respiratório",33,0,10,33
2026,15,"2026-SE15","RIDE – Minas Gerais","SRAG não especificada",2,0,0,0
2026,16,"2026-SE16","Distrito Federal","Não classificada",1,0,0,0
2026,16,"2026-SE16","Distrito Federal","SRAG não especificada",55,0,20,0
2026,16,"2026-SE16","Distrito Federal","SRAG por COVID-19",4,0,1,4
2026,16,"2026-SE16","Distrito Federal","SRAG por influenza",35,1,13,35
2026,16,"2026-SE16","Distrito Federal","SRAG por outro vírus respiratório",177,1,35,177
2026,16,"2026-SE16","Fora da RIDE","Não classificada",1,0,1,0
2026,16,"2026-SE16","Fora da RIDE","SRAG não especificada",3,0,0,0
2026,16,"2026-SE16","Fora da RIDE","SRAG por influenza",1,0,0,1
2026,16,"2026-SE16","Fora da RIDE","SRAG por outro vírus respiratório",1,0,0,1
2026,16,"2026-SE16","RIDE – Goiás","SRAG não especificada",27,3,11,0
2026,16,"2026-SE16","RIDE – Goiás","SRAG por COVID-19",1,0,1,1
2026,16,"2026-SE16","RIDE – Goiás","SRAG por influenza",10,0,5,10
2026,16,"2026-SE16","RIDE – Goiás","SRAG por outro vírus respiratório",40,1,12,40
2026,16,"2026-SE16","RIDE – Minas Gerais","SRAG não especificada",3,0,0,0
2026,16,"2026-SE16","RIDE – Minas Gerais","SRAG por influenza",1,0,0,1
2026,17,"2026-SE17","Distrito Federal","SRAG não especificada",44,0,13,0
2026,17,"2026-SE17","Distrito Federal","SRAG por COVID-19",4,0,1,4
2026,17,"2026-SE17","Distrito Federal","SRAG por influenza",30,2,17,30
2026,17,"2026-SE17","Distrito Federal","SRAG por outro vírus respiratório",160,0,37,160
2026,17,"2026-SE17","Fora da RIDE","SRAG não especificada",1,0,1,0
2026,17,"2026-SE17","Fora da RIDE","SRAG por influenza",1,0,0,1
2026,17,"2026-SE17","Fora da RIDE","SRAG por outro vírus respiratório",1,0,1,1
2026,17,"2026-SE17","RIDE – Goiás","SRAG não especificada",21,2,4,0
2026,17,"2026-SE17","RIDE – Goiás","SRAG por influenza",11,0,2,11
2026,17,"2026-SE17","RIDE – Goiás","SRAG por outro vírus respiratório",36,0,7,36
2026,17,"2026-SE17","RIDE – Minas Gerais","SRAG não especificada",5,0,3,0
2026,17,"2026-SE17","RIDE – Minas Gerais","SRAG por influenza",1,0,0,1
2026,17,"2026-SE17","RIDE – Minas Gerais","SRAG por outro vírus respiratório",1,0,0,1
2026,18,"2026-SE18","Distrito Federal","SRAG não especificada",49,1,16,0
2026,18,"2026-SE18","Distrito Federal","SRAG por COVID-19",4,0,0,4
2026,18,"2026-SE18","Distrito Federal","SRAG por influenza",26,1,8,26
2026,18,"2026-SE18","Distrito Federal","SRAG por outro vírus respiratório",132,0,31,132
2026,18,"2026-SE18","Fora da RIDE","SRAG não especificada",2,0,0,0
2026,18,"2026-SE18","Fora da RIDE","SRAG por influenza",1,0,1,1
2026,18,"2026-SE18","Fora da RIDE","SRAG por outro vírus respiratório",3,1,1,3
2026,18,"2026-SE18","RIDE – Goiás","Não classificada",1,0,1,0
2026,18,"2026-SE18","RIDE – Goiás","SRAG não especificada",22,1,3,0
2026,18,"2026-SE18","RIDE – Goiás","SRAG por influenza",14,0,3,14
2026,18,"2026-SE18","RIDE – Goiás","SRAG por outro vírus respiratório",24,0,2,24
2026,18,"2026-SE18","RIDE – Minas Gerais","SRAG não especificada",7,1,2,0
2026,19,"2026-SE19","Distrito Federal","Não classificada",2,0,0,1
2026,19,"2026-SE19","Distrito Federal","SRAG não especificada",46,2,12,0
2026,19,"2026-SE19","Distrito Federal","SRAG por COVID-19",1,0,0,1
2026,19,"2026-SE19","Distrito Federal","SRAG por influenza",40,1,13,40
2026,19,"2026-SE19","Distrito Federal","SRAG por outro vírus respiratório",150,1,32,150
2026,19,"2026-SE19","Fora da RIDE","SRAG não especificada",2,0,2,0
2026,19,"2026-SE19","Fora da RIDE","SRAG por outro vírus respiratório",1,0,1,1
2026,19,"2026-SE19","RIDE – Goiás","SRAG não especificada",25,2,8,0
2026,19,"2026-SE19","RIDE – Goiás","SRAG por COVID-19",2,0,0,2
2026,19,"2026-SE19","RIDE – Goiás","SRAG por influenza",12,1,3,12
2026,19,"2026-SE19","RIDE – Goiás","SRAG por outro vírus respiratório",53,1,14,53
2026,19,"2026-SE19","RIDE – Minas Gerais","SRAG não especificada",6,1,0,0
2026,19,"2026-SE19","RIDE – Minas Gerais","SRAG por influenza",2,0,0,2
2026,19,"2026-SE19","RIDE – Minas Gerais","SRAG por outro vírus respiratório",3,0,0,3
2026,20,"2026-SE20","Distrito Federal","Não classificada",3,0,1,1
2026,20,"2026-SE20","Distrito Federal","SRAG não especificada",57,1,14,1
2026,20,"2026-SE20","Distrito Federal","SRAG por COVID-19",2,0,0,2
2026,20,"2026-SE20","Distrito Federal","SRAG por influenza",34,1,7,34
2026,20,"2026-SE20","Distrito Federal","SRAG por outro vírus respiratório",133,0,40,133
2026,20,"2026-SE20","Fora da RIDE","Não classificada",1,0,1,0
2026,20,"2026-SE20","Fora da RIDE","SRAG não especificada",4,0,2,0
2026,20,"2026-SE20","Fora da RIDE","SRAG por influenza",2,0,1,2
2026,20,"2026-SE20","Fora da RIDE","SRAG por outro vírus respiratório",1,0,0,1
2026,20,"2026-SE20","RIDE – Goiás","SRAG não especificada",22,0,7,0
2026,20,"2026-SE20","RIDE – Goiás","SRAG por COVID-19",1,1,0,1
2026,20,"2026-SE20","RIDE – Goiás","SRAG por influenza",13,0,3,13
2026,20,"2026-SE20","RIDE – Goiás","SRAG por outro vírus respiratório",35,0,14,35
2026,20,"2026-SE20","RIDE – Minas Gerais","SRAG não especificada",4,1,0,0
2026,20,"2026-SE20","RIDE – Minas Gerais","SRAG por outro agente etiológico",1,0,1,1
2026,20,"2026-SE20","RIDE – Minas Gerais","SRAG por outro vírus respiratório",2,1,1,2
2026,21,"2026-SE21","Distrito Federal","Não classificada",3,0,2,1
2026,21,"2026-SE21","Distrito Federal","SRAG não especificada",31,0,6,0
2026,21,"2026-SE21","Distrito Federal","SRAG por COVID-19",4,0,2,4
2026,21,"2026-SE21","Distrito Federal","SRAG por influenza",29,0,8,29
2026,21,"2026-SE21","Distrito Federal","SRAG por outro vírus respiratório",120,1,32,120
2026,21,"2026-SE21","Fora da RIDE","SRAG não especificada",1,0,1,0
2026,21,"2026-SE21","Fora da RIDE","SRAG por influenza",1,0,1,1
2026,21,"2026-SE21","Fora da RIDE","SRAG por outro vírus respiratório",2,0,1,2
2026,21,"2026-SE21","RIDE – Goiás","Não classificada",8,0,1,4
2026,21,"2026-SE21","RIDE – Goiás","SRAG não especificada",15,0,5,0
2026,21,"2026-SE21","RIDE – Goiás","SRAG por influenza",9,1,3,9
2026,21,"2026-SE21","RIDE – Goiás","SRAG por outro vírus respiratório",61,0,11,61
2026,21,"2026-SE21","RIDE – Minas Gerais","SRAG não especificada",1,0,0,0
2026,21,"2026-SE21","RIDE – Minas Gerais","SRAG por influenza",1,0,0,1
2026,21,"2026-SE21","RIDE – Minas Gerais","SRAG por outro vírus respiratório",2,0,0,2
2026,22,"2026-SE22","Distrito Federal","Não classificada",10,0,0,3
2026,22,"2026-SE22","Distrito Federal","SRAG não especificada",52,3,19,0
2026,22,"2026-SE22","Distrito Federal","SRAG por COVID-19",3,1,1,3
2026,22,"2026-SE22","Distrito Federal","SRAG por influenza",39,0,9,39
2026,22,"2026-SE22","Distrito Federal","SRAG por outro vírus respiratório",121,1,31,121
2026,22,"2026-SE22","Fora da RIDE","SRAG por outro vírus respiratório",1,0,0,1
2026,22,"2026-SE22","RIDE – Goiás","Não classificada",7,0,0,5
2026,22,"2026-SE22","RIDE – Goiás","SRAG não especificada",25,1,9,0
2026,22,"2026-SE22","RIDE – Goiás","SRAG por COVID-19",1,0,0,1
2026,22,"2026-SE22","RIDE – Goiás","SRAG por influenza",17,1,2,17
2026,22,"2026-SE22","RIDE – Goiás","SRAG por outro vírus respiratório",49,1,9,49
2026,22,"2026-SE22","RIDE – Minas Gerais","SRAG não especificada",7,3,2,0
2026,22,"2026-SE22","RIDE – Minas Gerais","SRAG por outro vírus respiratório",2,0,1,2
2026,23,"2026-SE23","Distrito Federal","Não classificada",12,0,0,6
2026,23,"2026-SE23","Distrito Federal","SRAG não especificada",46,2,14,0
2026,23,"2026-SE23","Distrito Federal","SRAG por COVID-19",3,0,0,3
2026,23,"2026-SE23","Distrito Federal","SRAG por influenza",20,0,6,20
2026,23,"2026-SE23","Distrito Federal","SRAG por outro vírus respiratório",116,1,34,116
2026,23,"2026-SE23","Fora da RIDE","SRAG não especificada",1,0,1,0
2026,23,"2026-SE23","Fora da RIDE","SRAG por outro vírus respiratório",2,0,0,2
2026,23,"2026-SE23","RIDE – Goiás","Não classificada",7,0,0,4
2026,23,"2026-SE23","RIDE – Goiás","SRAG não especificada",28,1,15,0
2026,23,"2026-SE23","RIDE – Goiás","SRAG por COVID-19",2,2,0,2
2026,23,"2026-SE23","RIDE – Goiás","SRAG por influenza",17,0,2,17
2026,23,"2026-SE23","RIDE – Goiás","SRAG por outro vírus respiratório",51,0,10,51
2026,23,"2026-SE23","RIDE – Minas Gerais","SRAG não especificada",1,0,0,0
2026,23,"2026-SE23","RIDE – Minas Gerais","SRAG por influenza",1,0,0,1
2026,23,"2026-SE23","RIDE – Minas Gerais","SRAG por outro vírus respiratório",1,0,0,1
2026,24,"2026-SE24","Distrito Federal","Não classificada",1,0,0,0
2026,24,"2026-SE24","Distrito Federal","SRAG não especificada",36,1,10,0
2026,24,"2026-SE24","Distrito Federal","SRAG por COVID-19",2,0,0,2
2026,24,"2026-SE24","Distrito Federal","SRAG por influenza",43,1,18,43
2026,24,"2026-SE24","Distrito Federal","SRAG por outro vírus respiratório",100,0,25,100
2026,24,"2026-SE24","Fora da RIDE","SRAG por influenza",1,0,1,1
2026,24,"2026-SE24","Fora da RIDE","SRAG por outro vírus respiratório",1,0,1,1
2026,24,"2026-SE24","RIDE – Goiás","Não classificada",2,0,0,0
2026,24,"2026-SE24","RIDE – Goiás","SRAG não especificada",38,5,8,0
2026,24,"2026-SE24","RIDE – Goiás","SRAG por influenza",17,1,5,17
2026,24,"2026-SE24","RIDE – Goiás","SRAG por outro vírus respiratório",37,1,9,37
2026,24,"2026-SE24","RIDE – Minas Gerais","SRAG não especificada",5,1,2,0
2026,25,"2026-SE25","Distrito Federal","Não classificada",1,0,0,0
2026,25,"2026-SE25","Distrito Federal","SRAG não especificada",41,2,13,0
2026,25,"2026-SE25","Distrito Federal","SRAG por COVID-19",3,0,2,3
2026,25,"2026-SE25","Distrito Federal","SRAG por influenza",27,0,9,27
2026,25,"2026-SE25","Distrito Federal","SRAG por outro vírus respiratório",89,0,20,89
2026,25,"2026-SE25","Fora da RIDE","SRAG não especificada",3,0,0,0
2026,25,"2026-SE25","Fora da RIDE","SRAG por influenza",2,0,0,2
2026,25,"2026-SE25","RIDE – Goiás","Não classificada",3,0,0,1
2026,25,"2026-SE25","RIDE – Goiás","SRAG não especificada",23,2,5,0
2026,25,"2026-SE25","RIDE – Goiás","SRAG por influenza",11,0,3,11
2026,25,"2026-SE25","RIDE – Goiás","SRAG por outro vírus respiratório",32,0,8,32
2026,25,"2026-SE25","RIDE – Minas Gerais","SRAG não especificada",2,0,0,0
2026,25,"2026-SE25","RIDE – Minas Gerais","SRAG por influenza",1,0,1,1
2026,26,"2026-SE26","Distrito Federal","Não classificada",8,0,0,4
2026,26,"2026-SE26","Distrito Federal","SRAG não especificada",37,3,13,0
2026,26,"2026-SE26","Distrito Federal","SRAG por COVID-19",4,0,1,4
2026,26,"2026-SE26","Distrito Federal","SRAG por influenza",43,2,12,43
2026,26,"2026-SE26","Distrito Federal","SRAG por outro vírus respiratório",84,0,15,84
2026,26,"2026-SE26","Fora da RIDE","SRAG por influenza",1,0,0,1
2026,26,"2026-SE26","RIDE – Goiás","Não classificada",1,0,1,0
2026,26,"2026-SE26","RIDE – Goiás","SRAG não especificada",31,1,12,0
2026,26,"2026-SE26","RIDE – Goiás","SRAG por COVID-19",2,2,1,2
2026,26,"2026-SE26","RIDE – Goiás","SRAG por influenza",11,1,4,11
2026,26,"2026-SE26","RIDE – Goiás","SRAG por outro vírus respiratório",32,0,10,32
2026,26,"2026-SE26","RIDE – Minas Gerais","SRAG não especificada",3,0,0,0
2026,26,"2026-SE26","RIDE – Minas Gerais","SRAG por influenza",1,0,0,1
2026,26,"2026-SE26","RIDE – Minas Gerais","SRAG por outro vírus respiratório",3,0,1,3
2026,27,"2026-SE27","Distrito Federal","Não classificada",7,0,1,4
2026,27,"2026-SE27","Distrito Federal","SRAG não especificada",50,0,19,0
2026,27,"2026-SE27","Distrito Federal","SRAG por COVID-19",4,0,2,4
2026,27,"2026-SE27","Distrito Federal","SRAG por influenza",28,1,8,28
2026,27,"2026-SE27","Distrito Federal","SRAG por outro vírus respiratório",64,0,21,64
2026,27,"2026-SE27","Fora da RIDE","SRAG não especificada",1,0,1,0
2026,27,"2026-SE27","RIDE – Goiás","Não classificada",1,0,0,0
2026,27,"2026-SE27","RIDE – Goiás","SRAG não especificada",20,2,9,0
2026,27,"2026-SE27","RIDE – Goiás","SRAG por COVID-19",1,0,1,1
2026,27,"2026-SE27","RIDE – Goiás","SRAG por influenza",4,0,2,4
2026,27,"2026-SE27","RIDE – Goiás","SRAG por outro vírus respiratório",20,0,6,20
2026,27,"2026-SE27","RIDE – Minas Gerais","SRAG não especificada",3,0,1,0
2026,28,"2026-SE28","Distrito Federal","Não classificada",3,0,1,1
2026,28,"2026-SE28","Distrito Federal","SRAG não especificada",27,1,9,0
2026,28,"2026-SE28","Distrito Federal","SRAG por COVID-19",5,0,4,5
2026,28,"2026-SE28","Distrito Federal","SRAG por influenza",12,0,3,12
2026,28,"2026-SE28","Distrito Federal","SRAG por outro agente etiológico",1,0,1,0
2026,28,"2026-SE28","Distrito Federal","SRAG por outro vírus respiratório",54,0,18,54
2026,28,"2026-SE28","Fora da RIDE","SRAG não especificada",2,0,0,0
2026,28,"2026-SE28","Fora da RIDE","SRAG por influenza",1,0,0,1
2026,28,"2026-SE28","Fora da RIDE","SRAG por outro vírus respiratório",1,0,1,1
2026,28,"2026-SE28","RIDE – Goiás","Não classificada",3,0,0,0
2026,28,"2026-SE28","RIDE – Goiás","SRAG não especificada",23,0,8,0
2026,28,"2026-SE28","RIDE – Goiás","SRAG por influenza",4,0,1,4
2026,28,"2026-SE28","RIDE – Goiás","SRAG por outro vírus respiratório",18,0,7,18
2026,28,"2026-SE28","RIDE – Minas Gerais","SRAG não especificada",1,0,0,0
2026,28,"2026-SE28","RIDE – Minas Gerais","SRAG por influenza",4,0,2,4
2026,29,"2026-SE29","Distrito Federal","Não classificada",2,0,1,0
2026,29,"2026-SE29","Distrito Federal","SRAG não especificada",29,0,7,0
2026,29,"2026-SE29","Distrito Federal","SRAG por COVID-19",1,0,0,1
2026,29,"2026-SE29","Distrito Federal","SRAG por influenza",15,0,6,15
2026,29,"2026-SE29","Distrito Federal","SRAG por outro vírus respiratório",35,0,7,35
2026,29,"2026-SE29","Fora da RIDE","Não classificada",1,0,0,0
2026,29,"2026-SE29","Fora da RIDE","SRAG não especificada",2,0,0,0
2026,29,"2026-SE29","Fora da RIDE","SRAG por outro vírus respiratório",2,0,2,2
2026,29,"2026-SE29","RIDE – Goiás","Não classificada",3,0,0,0
2026,29,"2026-SE29","RIDE – Goiás","SRAG não especificada",28,2,15,0
2026,29,"2026-SE29","RIDE – Goiás","SRAG por COVID-19",1,0,1,1
2026,29,"2026-SE29","RIDE – Goiás","SRAG por outro vírus respiratório",13,1,8,13
2026,29,"2026-SE29","RIDE – Minas Gerais","SRAG não especificada",3,0,0,0
2026,29,"2026-SE29","RIDE – Minas Gerais","SRAG por influenza",1,0,0,1
2026,29,"2026-SE29","RIDE – Minas Gerais","SRAG por outro vírus respiratório",1,0,0,1
2026,30,"2026-SE30","Distrito Federal","Não classificada",1,0,1,0
2026,30,"2026-SE30","Distrito Federal","SRAG não especificada",30,1,11,0
2026,30,"2026-SE30","Distrito Federal","SRAG por COVID-19",1,0,0,1
2026,30,"2026-SE30","Distrito Federal","SRAG por influenza",10,0,4,10
2026,30,"2026-SE30","Distrito Federal","SRAG por outro vírus respiratório",30,0,7,30
2026,30,"2026-SE30","Fora da RIDE","SRAG não especificada",1,0,0,0
2026,30,"2026-SE30","RIDE – Goiás","Não classificada",3,0,2,0
2026,30,"2026-SE30","RIDE – Goiás","SRAG não especificada",18,0,8,0
2026,30,"2026-SE30","RIDE – Goiás","SRAG por influenza",3,0,0,3
2026,30,"2026-SE30","RIDE – Goiás","SRAG por outro vírus respiratório",11,1,4,11
2026,30,"2026-SE30","RIDE – Minas Gerais","SRAG não especificada",2,0,0,0
2026,30,"2026-SE30","RIDE – Minas Gerais","SRAG por influenza",1,0,0,1
2026,30,"2026-SE30","RIDE – Minas Gerais","SRAG por outro vírus respiratório",3,0,0,3
2026,31,"2026-SE31","Distrito Federal","Não classificada",3,0,2,1
2026,31,"2026-SE31","Distrito Federal","SRAG não especificada",31,1,16,0
2026,31,"2026-SE31","Distrito Federal","SRAG por COVID-19",2,0,1,2
2026,31,"2026-SE31","Distrito Federal","SRAG por influenza",12,0,3,12
2026,31,"2026-SE31","Distrito Federal","SRAG por outro vírus respiratório",48,0,17,48
2026,31,"2026-SE31","Fora da RIDE","SRAG não especificada",4,0,2,0
2026,31,"2026-SE31","RIDE – Goiás","Não classificada",1,0,1,0
2026,31,"2026-SE31","RIDE – Goiás","SRAG não especificada",12,1,4,0
2026,31,"2026-SE31","RIDE – Goiás","SRAG por COVID-19",2,0,1,2
2026,31,"2026-SE31","RIDE – Goiás","SRAG por outro vírus respiratório",16,0,4,16
2026,31,"2026-SE31","RIDE – Minas Gerais","SRAG não especificada",2,0,0,0
2026,31,"2026-SE31","RIDE – Minas Gerais","SRAG por outro vírus respiratório",1,0,0,1
2026,32,"2026-SE32","Distrito Federal","Não classificada",6,0,1,2
2026,32,"2026-SE32","Distrito Federal","SRAG não especificada",41,0,12,0
2026,32,"2026-SE32","Distrito Federal","SRAG por COVID-19",2,0,0,2
2026,32,"2026-SE32","Distrito Federal","SRAG por influenza",14,0,5,14
2026,32,"2026-SE32","Distrito Federal","SRAG por outro vírus respiratório",70,0,15,70
2026,32,"2026-SE32","Fora da RIDE","SRAG por COVID-19",1,0,1,1
2026,32,"2026-SE32","Fora da RIDE","SRAG por influenza",1,0,0,1
2026,32,"2026-SE32","RIDE – Goiás","Não classificada",2,0,1,0
2026,32,"2026-SE32","RIDE – Goiás","SRAG não especificada",12,1,5,0
2026,32,"2026-SE32","RIDE – Goiás","SRAG por COVID-19",2,0,0,2
2026,32,"2026-SE32","RIDE – Goiás","SRAG por influenza",2,0,1,2
2026,32,"2026-SE32","RIDE – Goiás","SRAG por outro vírus respiratório",14,1,1,14
2026,32,"2026-SE32","RIDE – Minas Gerais","SRAG por outro vírus respiratório",3,0,1,3
2026,33,"2026-SE33","Distrito Federal","Não classificada",2,0,0,0
2026,33,"2026-SE33","Distrito Federal","SRAG não especificada",38,1,17,0
2026,33,"2026-SE33","Distrito Federal","SRAG por COVID-19",2,0,0,2
2026,33,"2026-SE33","Distrito Federal","SRAG por influenza",17,0,3,17
2026,33,"2026-SE33","Distrito Federal","SRAG por outro vírus respiratório",54,0,13,54
2026,33,"2026-SE33","Fora da RIDE","SRAG não especificada",1,0,1,0
2026,33,"2026-SE33","Fora da RIDE","SRAG por influenza",1,0,0,1
2026,33,"2026-SE33","Fora da RIDE","SRAG por outro vírus respiratório",1,0,0,1
2026,33,"2026-SE33","RIDE – Goiás","Não classificada",5,0,3,0
2026,33,"2026-SE33","RIDE – Goiás","SRAG não especificada",12,0,1,0
2026,33,"2026-SE33","RIDE – Goiás","SRAG por influenza",2,0,1,2
2026,33,"2026-SE33","RIDE – Goiás","SRAG por outro vírus respiratório",25,0,7,25
2026,33,"2026-SE33","RIDE – Minas Gerais","SRAG não especificada",2,1,0,0
2026,33,"2026-SE33","RIDE – Minas Gerais","SRAG por outro vírus respiratório",1,0,1,1
2026,34,"2026-SE34","Distrito Federal","Não classificada",3,0,1,0
2026,34,"2026-SE34","Distrito Federal","SRAG não especificada",32,1,16,0
2026,34,"2026-SE34","Distrito Federal","SRAG por COVID-19",1,0,0,1
2026,34,"2026-SE34","Distrito Federal","SRAG por influenza",14,0,4,14
2026,34,"2026-SE34","Distrito Federal","SRAG por outro vírus respiratório",39,0,13,39
2026,34,"2026-SE34","Fora da RIDE","SRAG não especificada",1,0,0,0
2026,34,"2026-SE34","Fora da RIDE","SRAG por influenza",1,0,0,1
2026,34,"2026-SE34","Fora da RIDE","SRAG por outro vírus respiratório",2,0,1,2
2026,34,"2026-SE34","RIDE – Goiás","Não classificada",3,0,0,0
2026,34,"2026-SE34","RIDE – Goiás","SRAG não especificada",16,2,5,0
2026,34,"2026-SE34","RIDE – Goiás","SRAG por COVID-19",2,0,0,2
2026,34,"2026-SE34","RIDE – Goiás","SRAG por influenza",3,1,0,3
2026,34,"2026-SE34","RIDE – Goiás","SRAG por outro vírus respiratório",10,0,1,10
2026,34,"2026-SE34","RIDE – Minas Gerais","SRAG não especificada",5,0,1,0
2026,34,"2026-SE34","RIDE – Minas Gerais","SRAG por outro vírus respiratório",2,0,0,2
2026,35,"2026-SE35","Distrito Federal","Não classificada",3,0,0,0
2026,35,"2026-SE35","Distrito Federal","SRAG não especificada",31,0,16,0
2026,35,"2026-SE35","Distrito Federal","SRAG por COVID-19",1,0,0,1
2026,35,"2026-SE35","Distrito Federal","SRAG por influenza",9,0,1,9
2026,35,"2026-SE35","Distrito Federal","SRAG por outro vírus respiratório",48,0,13,48
2026,35,"2026-SE35","Fora da RIDE","SRAG não especificada",1,0,1,0
2026,35,"2026-SE35","RIDE – Goiás","Não classificada",6,0,3,0
2026,35,"2026-SE35","RIDE – Goiás","SRAG não especificada",12,1,3,0
2026,35,"2026-SE35","RIDE – Goiás","SRAG por influenza",2,0,0,2
2026,35,"2026-SE35","RIDE – Goiás","SRAG por outro vírus respiratório",14,0,5,14
2026,35,"2026-SE35","RIDE – Minas Gerais","Não classificada",1,0,0,0
2026,35,"2026-SE35","RIDE – Minas Gerais","SRAG não especificada",3,0,1,0
2026,35,"2026-SE35","RIDE – Minas Gerais","SRAG por outro vírus respiratório",1,0,0,1
2026,36,"2026-SE36","Distrito Federal","Não classificada",4,0,1,0
2026,36,"2026-SE36","Distrito Federal","SRAG não especificada",18,0,8,0
2026,36,"2026-SE36","Distrito Federal","SRAG por COVID-19",2,0,1,1
2026,36,"2026-SE36","Distrito Federal","SRAG por influenza",12,0,2,12
2026,36,"2026-SE36","Distrito Federal","SRAG por outro vírus respiratório",41,0,10,41
2026,36,"2026-SE36","Fora da RIDE","Não classificada",1,0,1,0
2026,36,"2026-SE36","RIDE – Goiás","Não classificada",3,0,3,0
2026,36,"2026-SE36","RIDE – Goiás","SRAG não especificada",11,3,1,0
2026,36,"2026-SE36","RIDE – Goiás","SRAG por influenza",1,0,0,1
2026,36,"2026-SE36","RIDE – Goiás","SRAG por outro vírus respiratório",7,0,1,7
2026,36,"2026-SE36","RIDE – Minas Gerais","SRAG não especificada",3,0,1,0
2026,36,"2026-SE36","RIDE – Minas Gerais","SRAG por COVID-19",1,0,0,0
2026,36,"2026-SE36","RIDE – Minas Gerais","SRAG por outro vírus respiratório",1,0,1,1
2026,37,"2026-SE37","Distrito Federal","Não classificada",13,0,4,2
2026,37,"2026-SE37","Distrito Federal","SRAG não especificada",16,0,9,0
2026,37,"2026-SE37","Distrito Federal","SRAG por COVID-19",6,0,2,6
2026,37,"2026-SE37","Distrito Federal","SRAG por influenza",7,0,4,7
2026,37,"2026-SE37","Distrito Federal","SRAG por outro vírus respiratório",28,0,3,28
2026,37,"2026-SE37","RIDE – Goiás","Não classificada",14,0,6,1
2026,37,"2026-SE37","RIDE – Goiás","SRAG não especificada",7,0,1,0
2026,37,"2026-SE37","RIDE – Goiás","SRAG por influenza",2,0,1,2
2026,37,"2026-SE37","RIDE – Goiás","SRAG por outro vírus respiratório",5,0,4,5
2026,37,"2026-SE37","RIDE – Minas Gerais","SRAG não especificada",1,0,0,0
2026,38,"2026-SE38","Distrito Federal","Não classificada",6,0,1,0
2026,38,"2026-SE38","Distrito Federal","SRAG por outro agente etiológico",1,0,0,0
2026,38,"2026-SE38","Distrito Federal","SRAG por outro vírus respiratório",6,1,2,6
2026,38,"2026-SE38","RIDE – Goiás","Não classificada",6,0,1,0
2026,38,"2026-SE38","RIDE – Goiás","SRAG por outro vírus respiratório",1,0,0,1
